geoid,total_population,grid_hh,geometry
1134002696,6658.309718693236,1657.4112308148672,"POLYGON ((77.6354163712 13.0262501489, 77.63624970453 13.0262501489, 77.63708303786 13.0262501489, 77.63791637118999 13.0262501489, 77.63874970452 13.0262501489, 77.63958303785 13.0262501489, 77.64041637118 13.0262501489, 77.64124970450999 13.0262501489, 77.64208303784 13.0262501489, 77.64291637117 13.0262501489, 77.6437497045 13.0262501489, 77.6437497045 13.027083482230001, 77.6437497045 13.027916815560001, 77.64291637117 13.027916815560001, 77.64291637117 13.028750148890001, 77.6437497045 13.028750148890001, 77.6437497045 13.029583482220001, 77.6437497045 13.030416815550002, 77.6437497045 13.031250148880002, 77.6437497045 13.032083482210002, 77.6437497045 13.032916815540002, 77.6437497045 13.03375014887, 77.6437497045 13.034583482199999, 77.64291637117 13.034583482199999, 77.64208303784 13.034583482199999, 77.64124970450999 13.034583482199999, 77.64041637118 13.034583482199999, 77.63958303785 13.034583482199999, 77.63874970452 13.034583482199999, 77.63791637118999 13.034583482199999, 77.63708303786 13.034583482199999, 77.63624970453 13.034583482199999, 77.6354163712 13.034583482199999, 77.6354163712 13.03375014887, 77.6354163712 13.032916815540002, 77.6354163712 13.032083482210002, 77.6354163712 13.031250148880002, 77.6354163712 13.030416815550002, 77.6354163712 13.029583482220001, 77.6354163712 13.028750148890001, 77.6354163712 13.027916815560001, 77.6354163712 13.027083482230001, 77.6354163712 13.0262501489))"
1135002701,7760.514182397061,1931.7760672339705,"POLYGON ((77.6437497045 12.984583482400001, 77.64458303782999 12.984583482400001, 77.64541637116 12.984583482400001, 77.64624970449 12.984583482400001, 77.64708303782 12.984583482400001, 77.64791637114999 12.984583482400001, 77.64874970448 12.984583482400001, 77.64958303781 12.984583482400001, 77.65041637114 12.984583482400001, 77.65124970446999 12.984583482400001, 77.6520830378 12.984583482400001, 77.6520830378 12.985416815730002, 77.6520830378 12.986250149060002, 77.6520830378 12.987083482390002, 77.6520830378 12.98791681572, 77.6520830378 12.988750149049999, 77.6520830378 12.989583482379999, 77.6520830378 12.990416815709999, 77.6520830378 12.991250149039999, 77.6520830378 12.992083482369999, 77.6520830378 12.9929168157, 77.65124970446999 12.9929168157, 77.65041637114 12.9929168157, 77.64958303781 12.9929168157, 77.64874970448 12.9929168157, 77.64791637114999 12.9929168157, 77.64708303782 12.9929168157, 77.64624970449 12.9929168157, 77.64541637116 12.9929168157, 77.64458303782999 12.9929168157, 77.6437497045 12.9929168157, 77.6437497045 12.992083482369999, 77.6437497045 12.991250149039999, 77.6437497045 12.990416815709999, 77.6437497045 12.989583482379999, 77.6437497045 12.988750149049999, 77.6437497045 12.98791681572, 77.6437497045 12.987083482390002, 77.6437497045 12.986250149060002, 77.6437497045 12.985416815730002, 77.6437497045 12.984583482400001))"
1130002700,14632.651787358574,3642.414131154463,"POLYGON ((77.602083038 12.9929168157, 77.60291637133 12.9929168157, 77.60374970466 12.9929168157, 77.60458303799 12.9929168157, 77.60541637131999 12.9929168157, 77.60624970465 12.9929168157, 77.60708303798 12.9929168157, 77.60791637131 12.9929168157, 77.60874970463999 12.9929168157, 77.60958303797 12.9929168157, 77.61041637129999 12.9929168157, 77.61041637129999 12.99375014903, 77.61041637129999 12.99458348236, 77.61041637129999 12.99541681569, 77.61041637129999 12.99625014902, 77.61041637129999 12.99708348235, 77.61041637129999 12.99791681568, 77.61041637129999 12.99875014901, 77.61041637129999 12.99958348234, 77.61041637129999 13.00041681567, 77.61041637129999 13.001250149, 77.60958303797 13.001250149, 77.60874970463999 13.001250149, 77.60791637131 13.001250149, 77.60708303798 13.001250149, 77.60624970465 13.001250149, 77.60541637131999 13.001250149, 77.60458303799 13.001250149, 77.60374970466 13.001250149, 77.60291637133 13.001250149, 77.60291637133 13.00041681567, 77.60374970466 13.00041681567, 77.60458303799 13.00041681567, 77.60541637131999 13.00041681567, 77.60541637131999 12.99958348234, 77.60458303799 12.99958348234, 77.60374970466 12.99958348234, 77.60291637133 12.99958348234, 77.60291637133 13.00041681567, 77.602083038 13.00041681567, 77.602083038 12.99958348234, 77.602083038 12.99875014901, 77.602083038 12.99791681568, 77.602083038 12.99708348235, 77.602083038 12.99625014902, 77.602083038 12.99541681569, 77.602083038 12.99458348236, 77.602083038 12.99375014903, 77.602083038 12.9929168157), (77.60791637131 12.99958348234, 77.60791637131 13.00041681567, 77.60874970463999 13.00041681567, 77.60874970463999 12.99958348234, 77.60791637131 12.99958348234), (77.60874970463999 12.99375014903, 77.60874970463999 12.99458348236, 77.60791637131 12.99458348236, 77.60791637131 12.99541681569, 77.60874970463999 12.99541681569, 77.60958303797 12.99541681569, 77.60958303797 12.99458348236, 77.60958303797 12.99375014903, 77.60874970463999 12.99375014903))"
1131002697,27807.25174325457,6921.884574995661,"POLYGON ((77.6104163713 13.0179168156, 77.61124970463 13.0179168156, 77.61208303795999 13.0179168156, 77.61291637129 13.0179168156, 77.61374970462 13.0179168156, 77.61458303795 13.0179168156, 77.61541637127999 13.0179168156, 77.61624970461 13.0179168156, 77.61708303794 13.0179168156, 77.61791637127 13.0179168156, 77.61874970459999 13.0179168156, 77.61874970459999 13.01875014893, 77.61874970459999 13.01958348226, 77.61874970459999 13.02041681559, 77.61874970459999 13.02125014892, 77.61874970459999 13.02208348225, 77.61874970459999 13.02291681558, 77.61874970459999 13.02375014891, 77.61874970459999 13.02458348224, 77.61874970459999 13.02541681557, 77.61874970459999 13.0262501489, 77.61791637127 13.0262501489, 77.61708303794 13.0262501489, 77.61624970461 13.0262501489, 77.61541637127999 13.0262501489, 77.61458303795 13.0262501489, 77.61374970462 13.0262501489, 77.61291637129 13.0262501489, 77.61208303795999 13.0262501489, 77.61124970463 13.0262501489, 77.6104163713 13.0262501489, 77.6104163713 13.02541681557, 77.6104163713 13.02458348224, 77.6104163713 13.02375014891, 77.6104163713 13.02291681558, 77.6104163713 13.02208348225, 77.6104163713 13.02125014892, 77.6104163713 13.02041681559, 77.6104163713 13.01958348226, 77.6104163713 13.01875014893, 77.6104163713 13.0179168156))"
1134002699,4994.194309424531,1243.1734309494468,"POLYGON ((77.6354163712 13.001250149, 77.63624970453 13.001250149, 77.63708303786 13.001250149, 77.63791637118999 13.001250149, 77.63874970452 13.001250149, 77.63958303785 13.001250149, 77.64041637118 13.001250149, 77.64124970450999 13.001250149, 77.64208303784 13.001250149, 77.64291637117 13.001250149, 77.6437497045 13.001250149, 77.6437497045 13.00208348233, 77.6437497045 13.00291681566, 77.6437497045 13.003750148990001, 77.6437497045 13.004583482320001, 77.6437497045 13.005416815650001, 77.6437497045 13.006250148980001, 77.6437497045 13.007083482310001, 77.6437497045 13.007916815640002, 77.6437497045 13.008750148970002, 77.6437497045 13.009583482300002, 77.64291637117 13.009583482300002, 77.64208303784 13.009583482300002, 77.64124970450999 13.009583482300002, 77.64041637118 13.009583482300002, 77.63958303785 13.009583482300002, 77.63874970452 13.009583482300002, 77.63791637118999 13.009583482300002, 77.63708303786 13.009583482300002, 77.63624970453 13.009583482300002, 77.6354163712 13.009583482300002, 77.6354163712 13.008750148970002, 77.6354163712 13.007916815640002, 77.6354163712 13.007083482310001, 77.6354163712 13.006250148980001, 77.6354163712 13.005416815650001, 77.6354163712 13.004583482320001, 77.6354163712 13.003750148990001, 77.6354163712 13.00291681566, 77.6354163712 13.00208348233, 77.6354163712 13.001250149))"
1131002703,18240.97606211521,4421.073159892608,"POLYGON ((77.6104163713 12.967916815799999, 77.61124970463 12.967916815799999, 77.61208303795999 12.967916815799999, 77.61291637128998 12.967916815799999, 77.61291637129 12.968750149129999, 77.61374970462 12.968750149129999, 77.61374970462 12.967916815799999, 77.61458303795 12.967916815799999, 77.61458303795 12.968750149129999, 77.61541637127999 12.968750149129999, 77.61541637127999 12.967916815799999, 77.61624970461 12.967916815799999, 77.61708303793999 12.967916815799999, 77.61708303794 12.968750149129999, 77.61791637127 12.968750149129999, 77.61791637127 12.967916815799999, 77.61874970459999 12.967916815799999, 77.61874970459999 12.968750149129999, 77.61874970459999 12.96958348246, 77.61874970459999 12.97041681579, 77.61874970459999 12.97125014912, 77.61874970459999 12.97208348245, 77.61874970459999 12.97291681578, 77.61874970459999 12.97375014911, 77.61874970459999 12.97458348244, 77.61874970459999 12.97541681577, 77.61874970459999 12.9762501491, 77.61791637127 12.9762501491, 77.61708303794 12.9762501491, 77.61624970461 12.9762501491, 77.61541637127999 12.9762501491, 77.61458303795 12.9762501491, 77.61374970462 12.9762501491, 77.61291637129 12.9762501491, 77.61208303795999 12.9762501491, 77.61208303795999 12.97541681577, 77.61124970463 12.97541681577, 77.6104163713 12.97541681577, 77.6104163713 12.97458348244, 77.6104163713 12.97375014911, 77.6104163713 12.97291681578, 77.6104163713 12.97208348245, 77.6104163713 12.97125014912, 77.6104163713 12.97041681579, 77.6104163713 12.96958348246, 77.6104163713 12.968750149129999, 77.6104163713 12.967916815799999))"
1129002701,20615.687403538264,5131.733619669899,"POLYGON ((77.5937497047 12.984583482400001, 77.59458303803 12.984583482400001, 77.59541637135999 12.984583482400001, 77.59624970469 12.984583482400001, 77.59708303802 12.984583482400001, 77.59791637135 12.984583482400001, 77.59874970467999 12.984583482400001, 77.59958303801 12.984583482400001, 77.60041637134 12.984583482400001, 77.60124970467 12.984583482400001, 77.60208303799999 12.984583482400001, 77.60208303799999 12.985416815730002, 77.60208303799999 12.986250149060002, 77.60208303799999 12.987083482390002, 77.60208303799999 12.98791681572, 77.60208303799999 12.988750149049999, 77.60208303799999 12.989583482379999, 77.60208303799999 12.990416815709999, 77.60208303799999 12.991250149039999, 77.60208303799999 12.992083482369999, 77.60208303799999 12.9929168157, 77.60124970467 12.9929168157, 77.60041637134 12.9929168157, 77.59958303801 12.9929168157, 77.59874970467999 12.9929168157, 77.59791637135 12.9929168157, 77.59708303802 12.9929168157, 77.59624970469 12.9929168157, 77.59541637135999 12.9929168157, 77.59458303803 12.9929168157, 77.5937497047 12.9929168157, 77.5937497047 12.992083482369999, 77.5937497047 12.991250149039999, 77.5937497047 12.990416815709999, 77.5937497047 12.989583482379999, 77.5937497047 12.988750149049999, 77.5937497047 12.98791681572, 77.5937497047 12.987083482390002, 77.5937497047 12.986250149060002, 77.5937497047 12.985416815730002, 77.5937497047 12.984583482400001))"
1134002701,1143.6372193340098,284.67843212227154,"MULTIPOLYGON (((77.63624970453 12.984583482400001, 77.63708303786 12.984583482400001, 77.63791637118999 12.984583482400001, 77.63791637118999 12.985416815730002, 77.63791637118999 12.986250149060002, 77.63708303786 12.986250149060002, 77.63624970453 12.986250149060002, 77.63624970453 12.985416815730002, 77.63624970453 12.984583482400001)), ((77.64041637118 12.984583482400001, 77.64124970450999 12.984583482400001, 77.64208303784 12.984583482400001, 77.64208303784 12.985416815730002, 77.64124970450999 12.985416815730002, 77.64041637118 12.985416815730002, 77.64041637118 12.984583482400001)), ((77.64291637117 12.984583482400001, 77.6437497045 12.984583482400001, 77.6437497045 12.985416815730002, 77.6437497045 12.986250149060002, 77.6437497045 12.987083482390002, 77.6437497045 12.98791681572, 77.6437497045 12.988750149049999, 77.6437497045 12.989583482379999, 77.64291637117 12.989583482379999, 77.64208303784 12.989583482379999, 77.64124970450999 12.989583482379999, 77.64041637118 12.989583482379999, 77.63958303785 12.989583482379999, 77.63958303785 12.988750149049999, 77.63958303785 12.98791681572, 77.63958303785 12.987083482390002, 77.64041637118 12.987083482390002, 77.64124970450999 12.987083482390002, 77.64208303784 12.987083482390002, 77.64291637117 12.987083482390002, 77.64291637117 12.986250149060002, 77.64208303784 12.986250149060002, 77.64208303784 12.985416815730002, 77.64291637117 12.985416815730002, 77.64291637117 12.984583482400001)), ((77.6354163712 12.986250149060002, 77.63624970453 12.986250149060002, 77.63624970453 12.987083482390002, 77.6354163712 12.987083482390002, 77.6354163712 12.986250149060002)), ((77.63624970453 12.987083482390002, 77.63708303786 12.987083482390002, 77.63791637118999 12.987083482390002, 77.63791637118999 12.98791681572, 77.63791637118999 12.988750149049999, 77.63874970452 12.988750149049999, 77.63874970452 12.989583482379999, 77.63958303785 12.989583482379999, 77.63958303784999 12.990416815709999, 77.63958303784999 12.991250149039999, 77.63958303785 12.992083482369999, 77.64041637118 12.992083482369999, 77.64124970450999 12.992083482369999, 77.64124970451 12.991250149039999, 77.64208303784 12.991250149039999, 77.64208303784 12.992083482369999, 77.64291637117 12.992083482369999, 77.64291637117 12.991250149039999, 77.6437497045 12.991250149039999, 77.6437497045 12.992083482369999, 77.6437497045 12.9929168157, 77.64291637117 12.9929168157, 77.64208303784 12.9929168157, 77.64124970450999 12.9929168157, 77.64041637118 12.9929168157, 77.63958303785 12.9929168157, 77.63874970452 12.9929168157, 77.63791637118999 12.9929168157, 77.63708303786 12.9929168157, 77.63624970453 12.9929168157, 77.6354163712 12.9929168157, 77.6354163712 12.992083482369999, 77.63624970453 12.992083482369999, 77.63624970453 12.991250149039999, 77.6354163712 12.991250149039999, 77.6354163712 12.990416815709999, 77.6354163712 12.989583482379999, 77.63624970453 12.989583482379999, 77.63624970453 12.988750149049999, 77.63624970453 12.98791681572, 77.63624970453 12.987083482390002)))"
1135002697,8054.3818001734835,2004.926688135253,"POLYGON ((77.6437497045 13.0179168156, 77.64458303782999 13.0179168156, 77.64541637116 13.0179168156, 77.64624970449 13.0179168156, 77.64708303782 13.0179168156, 77.64791637114999 13.0179168156, 77.64874970448 13.0179168156, 77.64958303781 13.0179168156, 77.65041637114 13.0179168156, 77.65124970446999 13.0179168156, 77.6520830378 13.0179168156, 77.6520830378 13.01875014893, 77.6520830378 13.01958348226, 77.6520830378 13.02041681559, 77.6520830378 13.02125014892, 77.6520830378 13.02208348225, 77.6520830378 13.02291681558, 77.6520830378 13.02375014891, 77.6520830378 13.02458348224, 77.6520830378 13.02541681557, 77.6520830378 13.0262501489, 77.65124970446999 13.0262501489, 77.65041637114 13.0262501489, 77.64958303781 13.0262501489, 77.64874970448 13.0262501489, 77.64791637114999 13.0262501489, 77.64708303782 13.0262501489, 77.64624970449 13.0262501489, 77.64541637116 13.0262501489, 77.64541637116 13.02541681557, 77.64458303782999 13.02541681557, 77.64458303782999 13.0262501489, 77.6437497045 13.0262501489, 77.6437497045 13.02541681557, 77.6437497045 13.02458348224, 77.6437497045 13.02375014891, 77.6437497045 13.02291681558, 77.6437497045 13.02208348225, 77.6437497045 13.02125014892, 77.6437497045 13.02041681559, 77.6437497045 13.01958348226, 77.6437497045 13.01875014893, 77.6437497045 13.0179168156))"
1136002700,1766.4080641760866,439.70086815696817,"POLYGON ((77.65291637113 12.9929168157, 77.65374970446 12.9929168157, 77.65458303778999 12.9929168157, 77.65541637112 12.9929168157, 77.65624970445 12.9929168157, 77.65708303778 12.9929168157, 77.65708303778 12.99375014903, 77.65708303778 12.99458348236, 77.65791637110999 12.99458348236, 77.65791637110999 12.99375014903, 77.65874970444 12.99375014903, 77.65874970444 12.9929168157, 77.65958303777 12.9929168157, 77.6604163711 12.9929168157, 77.6604163711 12.99375014903, 77.6604163711 12.99458348236, 77.6604163711 12.99541681569, 77.6604163711 12.99625014902, 77.6604163711 12.99708348235, 77.6604163711 12.99791681568, 77.6604163711 12.99875014901, 77.6604163711 12.99958348234, 77.6604163711 13.00041681567, 77.6604163711 13.001250149, 77.65958303777 13.001250149, 77.65874970444 13.001250149, 77.65791637110999 13.001250149, 77.65708303778 13.001250149, 77.65624970445 13.001250149, 77.65624970445 13.00041681567, 77.65541637112 13.00041681567, 77.65541637112 12.99958348234, 77.65624970445 12.99958348234, 77.65624970445 12.99875014901, 77.65541637112 12.99875014901, 77.65458303778999 12.99875014901, 77.65374970446 12.99875014901, 77.65374970446 12.99958348234, 77.65291637113 12.99958348234, 77.6520830378 12.99958348234, 77.6520830378 12.99875014901, 77.6520830378 12.99791681568, 77.6520830378 12.99708348235, 77.6520830378 12.99625014902, 77.6520830378 12.99541681569, 77.6520830378 12.99458348236, 77.6520830378 12.99375014903, 77.65291637113 12.99375014903, 77.65291637113 12.9929168157), (77.65458303778999 12.99375014903, 77.65458303778999 12.99458348236, 77.65374970446 12.99458348236, 77.65291637113 12.99458348236, 77.65291637113 12.99541681569, 77.65374970446 12.99541681569, 77.65458303778999 12.99541681569, 77.65541637112 12.99541681569, 77.65541637112 12.99458348236, 77.65541637112 12.99375014903, 77.65458303778999 12.99375014903))"
1129002700,14215.407380854766,3538.552100916882,"POLYGON ((77.5937497047 12.9929168157, 77.59458303803 12.9929168157, 77.59541637135999 12.9929168157, 77.59624970469 12.9929168157, 77.59708303802 12.9929168157, 77.59791637135 12.9929168157, 77.59874970467999 12.9929168157, 77.59958303801 12.9929168157, 77.60041637134 12.9929168157, 77.60124970467 12.9929168157, 77.60208303799999 12.9929168157, 77.60208303799999 12.99375014903, 77.60208303799999 12.99458348236, 77.60208303799999 12.99541681569, 77.60208303799999 12.99625014902, 77.60208303799999 12.99708348235, 77.60208303799999 12.99791681568, 77.60208303799999 12.99875014901, 77.60208303799999 12.99958348234, 77.60208303799999 13.00041681567, 77.60208303799999 13.001250149, 77.60124970467 13.001250149, 77.60041637134 13.001250149, 77.59958303801 13.001250149, 77.59874970467999 13.001250149, 77.59791637135 13.001250149, 77.59708303802 13.001250149, 77.59624970469 13.001250149, 77.59541637135999 13.001250149, 77.59458303803 13.001250149, 77.59458303803 13.00041681567, 77.59458303803 12.99958348234, 77.59458303803 12.99875014901, 77.59541637135999 12.99875014901, 77.59541637136 12.99791681568, 77.59541637136 12.99708348235, 77.59541637135999 12.99625014902, 77.59458303803 12.99625014902, 77.5937497047 12.99625014902, 77.5937497047 12.99541681569, 77.5937497047 12.99458348236, 77.5937497047 12.99375014903, 77.5937497047 12.9929168157), (77.59624970469 12.99625014902, 77.59624970469 12.99708348235, 77.59708303802 12.99708348235, 77.59708303802 12.99625014902, 77.59624970469 12.99625014902))"
1132002700,18072.44738262999,4498.660850243594,"POLYGON ((77.61874970459999 12.9929168157, 77.61958303793 12.9929168157, 77.62041637125999 12.9929168157, 77.62124970458999 12.9929168157, 77.62208303791999 12.9929168157, 77.62291637125 12.9929168157, 77.62374970457999 12.9929168157, 77.62458303790999 12.9929168157, 77.62541637124 12.9929168157, 77.62541637124 12.99375014903, 77.62624970457 12.99375014903, 77.6270830379 12.99375014903, 77.6270830379 12.99458348236, 77.6270830379 12.99541681569, 77.6270830379 12.99625014902, 77.6270830379 12.99708348235, 77.6270830379 12.99791681568, 77.6270830379 12.99875014901, 77.6270830379 12.99958348234, 77.6270830379 13.00041681567, 77.6270830379 13.001250149, 77.62624970457 13.001250149, 77.62541637124 13.001250149, 77.62458303790999 13.001250149, 77.62374970457999 13.001250149, 77.62291637125 13.001250149, 77.62208303791999 13.001250149, 77.62124970458999 13.001250149, 77.62041637125999 13.001250149, 77.61958303793 13.001250149, 77.61874970459999 13.001250149, 77.61874970459999 13.00041681567, 77.61874970459999 12.99958348234, 77.61874970459999 12.99875014901, 77.61874970459999 12.99791681568, 77.61874970459999 12.99708348235, 77.61874970459999 12.99625014902, 77.61874970459999 12.99541681569, 77.61874970459999 12.99458348236, 77.61874970459999 12.99375014903, 77.61874970459999 12.9929168157), (77.62208303791999 12.99375014903, 77.62208303791999 12.99458348236, 77.62291637125 12.99458348236, 77.62291637125 12.99375014903, 77.62208303791999 12.99375014903))"
1130002699,6559.6138337894745,1632.8434838962376,"MULTIPOLYGON (((77.602083038 13.001250149, 77.60291637133 13.001250149, 77.60374970466 13.001250149, 77.60458303799 13.001250149, 77.60541637131999 13.001250149, 77.60541637131999 13.00208348233, 77.60541637131999 13.00291681566, 77.60624970465 13.00291681566, 77.60624970465 13.00208348233, 77.60624970465 13.001250149, 77.60708303798 13.001250149, 77.60791637131 13.001250149, 77.60874970463999 13.001250149, 77.60958303797 13.001250149, 77.61041637129999 13.001250149, 77.61041637129999 13.00208348233, 77.61041637129999 13.00291681566, 77.61041637129999 13.003750148990001, 77.60958303797 13.003750148990001, 77.60874970463999 13.003750148990001, 77.60791637131 13.003750148990001, 77.60791637131 13.004583482320001, 77.60791637131 13.005416815650001, 77.60708303798 13.005416815650001, 77.60708303797999 13.006250148980001, 77.60624970465 13.006250148980001, 77.60541637131999 13.006250148980001, 77.60541637131999 13.007083482310001, 77.60541637131999 13.007916815640002, 77.60458303799 13.007916815640002, 77.60374970466 13.007916815640002, 77.60291637133 13.007916815640002, 77.60291637133 13.008750148970002, 77.602083038 13.008750148970002, 77.602083038 13.007916815640002, 77.602083038 13.007083482310001, 77.602083038 13.006250148980001, 77.602083038 13.005416815650001, 77.602083038 13.004583482320001, 77.602083038 13.003750148990001, 77.602083038 13.00291681566, 77.602083038 13.00208348233, 77.602083038 13.001250149)), ((77.60874970463999 13.006250148980001, 77.60958303796998 13.006250148980001, 77.60958303796998 13.007083482310001, 77.60958303796998 13.007916815640002, 77.60874970463999 13.007916815640002, 77.60874970463999 13.007083482310001, 77.60874970463999 13.006250148980001)), ((77.60374970466 13.008750148970002, 77.60458303799 13.008750148970002, 77.60541637131999 13.008750148970002, 77.60624970465 13.008750148970002, 77.60708303798 13.008750148970002, 77.60791637131 13.008750148970002, 77.60874970463999 13.008750148970002, 77.60958303797 13.008750148970002, 77.61041637129999 13.008750148970002, 77.61041637129999 13.009583482300002, 77.60958303797 13.009583482300002, 77.60874970463999 13.009583482300002, 77.60791637131 13.009583482300002, 77.60708303798 13.009583482300002, 77.60624970465 13.009583482300002, 77.60541637131999 13.009583482300002, 77.60458303799 13.009583482300002, 77.60374970466 13.009583482300002, 77.60374970466 13.008750148970002)))"
1132002698,24208.165754334837,4653.605216923186,"POLYGON ((77.61874970459999 13.009583482300002, 77.61958303793 13.009583482300002, 77.62041637125999 13.009583482300002, 77.62124970458999 13.009583482300002, 77.62208303791999 13.009583482300002, 77.62291637125 13.009583482300002, 77.62374970457999 13.009583482300002, 77.62458303790999 13.009583482300002, 77.62541637124 13.009583482300002, 77.62624970457 13.009583482300002, 77.6270830379 13.009583482300002, 77.6270830379 13.010416815630002, 77.6270830379 13.01125014896, 77.6270830379 13.012083482289999, 77.6270830379 13.012916815619999, 77.6270830379 13.013750148949999, 77.6270830379 13.014583482279999, 77.6270830379 13.01541681561, 77.6270830379 13.01625014894, 77.62624970457 13.01625014894, 77.62624970456999 13.01708348227, 77.62541637124 13.01708348227, 77.62541637124 13.0179168156, 77.62458303791 13.0179168156, 77.62458303790999 13.01708348227, 77.62374970457999 13.01708348227, 77.62374970457999 13.0179168156, 77.62291637125 13.0179168156, 77.62208303791999 13.0179168156, 77.62124970458999 13.0179168156, 77.62041637125999 13.0179168156, 77.61958303793 13.0179168156, 77.61874970459999 13.0179168156, 77.61874970459999 13.01708348227, 77.61874970459999 13.01625014894, 77.61874970459999 13.01541681561, 77.61874970459999 13.014583482279999, 77.61874970459999 13.013750148949999, 77.61874970459999 13.012916815619999, 77.61874970459999 13.012083482289999, 77.61874970459999 13.01125014896, 77.61874970459999 13.010416815630002, 77.61874970459999 13.009583482300002))"
1137002696,11882.816987943506,2957.9150207209877,"POLYGON ((77.6604163711 13.0262501489, 77.66124970442999 13.0262501489, 77.66208303776 13.0262501489, 77.66291637108999 13.0262501489, 77.66291637108999 13.027083482230001, 77.66291637109 13.027916815560001, 77.66374970442 13.027916815560001, 77.66458303774999 13.027916815560001, 77.66458303774999 13.027083482230001, 77.66541637108 13.027083482230001, 77.66541637108 13.0262501489, 77.66624970440999 13.0262501489, 77.66708303773999 13.0262501489, 77.66791637106999 13.0262501489, 77.66874970439999 13.0262501489, 77.66874970439999 13.027083482230001, 77.66874970439999 13.027916815560001, 77.66874970439999 13.028750148890001, 77.66874970439999 13.029583482220001, 77.66874970439999 13.030416815550002, 77.66874970439999 13.031250148880002, 77.66874970439999 13.032083482210002, 77.66874970439999 13.032916815540002, 77.66874970439999 13.03375014887, 77.66874970439999 13.034583482199999, 77.66791637106999 13.034583482199999, 77.66708303773999 13.034583482199999, 77.66624970440999 13.034583482199999, 77.66541637108 13.034583482199999, 77.66458303774999 13.034583482199999, 77.66374970442 13.034583482199999, 77.66291637109 13.034583482199999, 77.66208303776 13.034583482199999, 77.66124970442999 13.034583482199999, 77.6604163711 13.034583482199999, 77.6604163711 13.03375014887, 77.6604163711 13.032916815540002, 77.6604163711 13.032083482210002, 77.6604163711 13.031250148880002, 77.6604163711 13.030416815550002, 77.66124970442999 13.030416815550002, 77.66124970442999 13.029583482220001, 77.6604163711 13.029583482220001, 77.6604163711 13.028750148890001, 77.6604163711 13.027916815560001, 77.6604163711 13.027083482230001, 77.6604163711 13.0262501489), (77.66458303774999 13.032083482210002, 77.66458303774999 13.032916815540002, 77.66541637108 13.032916815540002, 77.66624970440999 13.032916815540002, 77.66624970440999 13.032083482210002, 77.66541637108 13.032083482210002, 77.66458303774999 13.032083482210002))"
1136002698,7019.365528093518,1747.2865863831007,"POLYGON ((77.6520830378 13.009583482300002, 77.65291637113 13.009583482300002, 77.65374970446 13.009583482300002, 77.65458303778999 13.009583482300002, 77.65541637112 13.009583482300002, 77.65624970445 13.009583482300002, 77.65708303778 13.009583482300002, 77.65791637110999 13.009583482300002, 77.65874970444 13.009583482300002, 77.65958303777 13.009583482300002, 77.6604163711 13.009583482300002, 77.6604163711 13.010416815630002, 77.6604163711 13.01125014896, 77.6604163711 13.012083482289999, 77.6604163711 13.012916815619999, 77.6604163711 13.013750148949999, 77.6604163711 13.014583482279999, 77.6604163711 13.01541681561, 77.6604163711 13.01625014894, 77.6604163711 13.01708348227, 77.6604163711 13.0179168156, 77.65958303777 13.0179168156, 77.65874970444 13.0179168156, 77.65791637110999 13.0179168156, 77.65708303778 13.0179168156, 77.65624970445 13.0179168156, 77.65541637112 13.0179168156, 77.65458303778999 13.0179168156, 77.65374970446 13.0179168156, 77.65291637113 13.0179168156, 77.6520830378 13.0179168156, 77.6520830378 13.01708348227, 77.6520830378 13.01625014894, 77.6520830378 13.01541681561, 77.6520830378 13.014583482279999, 77.6520830378 13.013750148949999, 77.6520830378 13.012916815619999, 77.6520830378 13.012083482289999, 77.6520830378 13.01125014896, 77.6520830378 13.010416815630002, 77.6520830378 13.009583482300002))"
1136002696,9109.83040624848,2267.65288249437,"POLYGON ((77.6520830378 13.0262501489, 77.65291637113 13.0262501489, 77.65374970446 13.0262501489, 77.65458303778999 13.0262501489, 77.65541637112 13.0262501489, 77.65624970445 13.0262501489, 77.65708303778 13.0262501489, 77.65791637110999 13.0262501489, 77.65874970444 13.0262501489, 77.65958303777 13.0262501489, 77.6604163711 13.0262501489, 77.6604163711 13.027083482230001, 77.6604163711 13.027916815560001, 77.6604163711 13.028750148890001, 77.6604163711 13.029583482220001, 77.65958303777 13.029583482220001, 77.65874970444 13.029583482220001, 77.65874970443998 13.030416815550002, 77.65874970444 13.031250148880002, 77.65958303777 13.031250148880002, 77.65958303777 13.030416815550002, 77.6604163711 13.030416815550002, 77.6604163711 13.031250148880002, 77.6604163711 13.032083482210002, 77.6604163711 13.032916815540002, 77.6604163711 13.03375014887, 77.6604163711 13.034583482199999, 77.65958303777 13.034583482199999, 77.65958303777 13.03375014887, 77.65874970444 13.033750148870002, 77.65874970444 13.032916815540002, 77.65791637110999 13.032916815540002, 77.65791637110999 13.03375014887, 77.65791637110999 13.034583482199999, 77.65708303778 13.034583482199999, 77.65624970445 13.034583482199999, 77.65541637112 13.034583482199999, 77.65458303778999 13.034583482199999, 77.65374970446 13.034583482199999, 77.65291637113 13.034583482199999, 77.6520830378 13.034583482199999, 77.6520830378 13.03375014887, 77.6520830378 13.032916815540002, 77.6520830378 13.032083482210002, 77.6520830378 13.031250148880002, 77.6520830378 13.030416815550002, 77.6520830378 13.029583482220001, 77.6520830378 13.028750148890001, 77.6520830378 13.027916815560001, 77.6520830378 13.027083482230001, 77.6520830378 13.0262501489), (77.65458303778999 13.031250148880002, 77.65458303778999 13.032083482210002, 77.65541637112 13.032083482210002, 77.65541637112 13.031250148880002, 77.65458303778999 13.031250148880002), (77.65624970445 13.031250148880002, 77.65624970444999 13.032083482210002, 77.65624970445 13.032916815540002, 77.65708303778 13.032916815540002, 77.65708303778 13.032083482210002, 77.65708303778 13.031250148880002, 77.65624970445 13.031250148880002))"
1130002701,20932.281355252773,5210.541364179968,"POLYGON ((77.602083038 12.984583482400001, 77.60291637133 12.984583482400001, 77.60374970466 12.984583482400001, 77.60458303799 12.984583482400001, 77.60541637131999 12.984583482400001, 77.60624970465 12.984583482400001, 77.60708303798 12.984583482400001, 77.60791637131 12.984583482400001, 77.60874970463999 12.984583482400001, 77.60958303797 12.984583482400001, 77.61041637129999 12.984583482400001, 77.61041637129999 12.985416815730002, 77.61041637129999 12.986250149060002, 77.61041637129999 12.987083482390002, 77.61041637129999 12.98791681572, 77.61041637129999 12.988750149049999, 77.61041637129999 12.989583482379999, 77.61041637129999 12.990416815709999, 77.61041637129999 12.991250149039999, 77.61041637129999 12.992083482369999, 77.61041637129999 12.9929168157, 77.60958303797 12.9929168157, 77.60874970463999 12.9929168157, 77.60791637131 12.9929168157, 77.60708303798 12.9929168157, 77.60624970465 12.9929168157, 77.60541637131999 12.9929168157, 77.60458303799 12.9929168157, 77.60374970466 12.9929168157, 77.60291637133 12.9929168157, 77.602083038 12.9929168157, 77.602083038 12.992083482369999, 77.602083038 12.991250149039999, 77.602083038 12.990416815709999, 77.602083038 12.989583482379999, 77.602083038 12.988750149049999, 77.602083038 12.98791681572, 77.602083038 12.987083482390002, 77.602083038 12.986250149060002, 77.602083038 12.985416815730002, 77.602083038 12.984583482400001))"
1134002702,11779.321273663794,2932.1524824138833,"POLYGON ((77.6354163712 12.9762501491, 77.63624970453 12.9762501491, 77.63708303786 12.9762501491, 77.63791637118999 12.9762501491, 77.63874970452 12.9762501491, 77.63958303785 12.9762501491, 77.64041637118 12.9762501491, 77.64124970450999 12.9762501491, 77.64208303784 12.9762501491, 77.64291637117 12.9762501491, 77.6437497045 12.9762501491, 77.6437497045 12.97708348243, 77.6437497045 12.97791681576, 77.6437497045 12.97875014909, 77.6437497045 12.97958348242, 77.6437497045 12.98041681575, 77.6437497045 12.981250149080001, 77.6437497045 12.982083482410001, 77.6437497045 12.982916815740001, 77.6437497045 12.983750149070001, 77.6437497045 12.984583482400001, 77.64291637117 12.984583482400001, 77.64208303784 12.984583482400001, 77.64124970450999 12.984583482400001, 77.64041637118 12.984583482400001, 77.63958303785 12.984583482400001, 77.63874970452 12.984583482400001, 77.63791637119 12.984583482400001, 77.63791637118999 12.983750149070001, 77.63708303786 12.983750149070001, 77.63624970453 12.983750149070001, 77.63624970453 12.982916815740001, 77.6354163712 12.982916815740001, 77.6354163712 12.982083482410001, 77.6354163712 12.981250149080001, 77.6354163712 12.98041681575, 77.6354163712 12.97958348242, 77.6354163712 12.97875014909, 77.6354163712 12.97791681576, 77.6354163712 12.97708348243, 77.6354163712 12.9762501491), (77.64124970450999 12.982916815740001, 77.64124970450999 12.983750149070001, 77.64208303784 12.983750149070001, 77.64291637117 12.983750149070001, 77.64291637117 12.982916815740001, 77.64208303784 12.982916815740001, 77.64124970450999 12.982916815740001))"
1136002697,12138.096347842713,3021.460108884176,"POLYGON ((77.6520830378 13.0179168156, 77.65291637113 13.0179168156, 77.65374970446 13.0179168156, 77.65458303778999 13.0179168156, 77.65541637112 13.0179168156, 77.65624970445 13.0179168156, 77.65708303778 13.0179168156, 77.65791637110999 13.0179168156, 77.65874970444 13.0179168156, 77.65958303777 13.0179168156, 77.6604163711 13.0179168156, 77.6604163711 13.01875014893, 77.6604163711 13.01958348226, 77.6604163711 13.02041681559, 77.6604163711 13.02125014892, 77.6604163711 13.02208348225, 77.6604163711 13.02291681558, 77.6604163711 13.02375014891, 77.6604163711 13.02458348224, 77.6604163711 13.02541681557, 77.6604163711 13.0262501489, 77.65958303777 13.0262501489, 77.65874970444 13.0262501489, 77.65791637110999 13.0262501489, 77.65708303778 13.0262501489, 77.65624970445 13.0262501489, 77.65541637112 13.0262501489, 77.65458303778999 13.0262501489, 77.65374970446 13.0262501489, 77.65291637113 13.0262501489, 77.6520830378 13.0262501489, 77.6520830378 13.02541681557, 77.6520830378 13.02458348224, 77.6520830378 13.02375014891, 77.6520830378 13.02291681558, 77.6520830378 13.02208348225, 77.6520830378 13.02125014892, 77.6520830378 13.02041681559, 77.6520830378 13.01958348226, 77.6520830378 13.01875014893, 77.6520830378 13.0179168156))"
1134002700,1289.2099023094402,320.9149260459401,"MULTIPOLYGON (((77.6354163712 12.9929168157, 77.63624970453 12.9929168157, 77.63708303786 12.9929168157, 77.63791637118999 12.9929168157, 77.63874970452 12.9929168157, 77.63958303785 12.9929168157, 77.64041637118 12.9929168157, 77.64124970450999 12.9929168157, 77.64208303784 12.9929168157, 77.64291637117 12.9929168157, 77.6437497045 12.9929168157, 77.6437497045 12.99375014903, 77.6437497045 12.99458348236, 77.6437497045 12.99541681569, 77.6437497045 12.99625014902, 77.6437497045 12.99708348235, 77.6437497045 12.99791681568, 77.6437497045 12.99875014901, 77.6437497045 12.99958348234, 77.6437497045 13.00041681567, 77.6437497045 13.001250149, 77.64291637117 13.001250149, 77.64208303784 13.001250149, 77.64124970450999 13.001250149, 77.64041637118 13.001250149, 77.63958303785 13.001250149, 77.63874970452 13.001250149, 77.63791637118999 13.001250149, 77.63708303786 13.001250149, 77.63624970453 13.001250149, 77.63624970453 13.00041681567, 77.6354163712 13.00041681567, 77.6354163712 12.99958348234, 77.6354163712 12.99875014901, 77.6354163712 12.99791681568, 77.63624970452999 12.99791681568, 77.63624970452999 12.99875014901, 77.63624970453 12.99958348234, 77.63708303786 12.99958348234, 77.63791637118999 12.99958348234, 77.63791637119 12.99875014901, 77.63791637119 12.99791681568, 77.63874970452 12.99791681568, 77.63874970452 12.99875014901, 77.63958303785 12.99875014901, 77.63958303785 12.99791681568, 77.64041637118 12.99791681568, 77.64124970450999 12.99791681568, 77.64208303784 12.99791681568, 77.64291637117 12.99791681568, 77.64291637117 12.99708348235, 77.64208303784 12.99708348235, 77.64124970451 12.99708348235, 77.64124970450999 12.99625014902, 77.64041637118 12.99625014902, 77.64041637118 12.99541681569, 77.63958303785 12.99541681569, 77.63874970452 12.99541681569, 77.63874970452 12.99625014902, 77.63791637119 12.99625014902, 77.63791637119 12.99541681569, 77.63791637118999 12.99458348236, 77.63708303786 12.99458348236, 77.63624970453 12.99458348236, 77.63624970453 12.99375014903, 77.6354163712 12.99375014903, 77.6354163712 12.9929168157)), ((77.6354163712 12.99458348236, 77.63624970453 12.99458348236, 77.63624970452999 12.99541681569, 77.6354163712 12.99541681569, 77.6354163712 12.99458348236)))"
1132002703,30228.745694448848,7496.662965278119,"POLYGON ((77.61874970459999 12.967916815799999, 77.61958303793 12.967916815799999, 77.62041637125999 12.967916815799999, 77.62124970458999 12.967916815799999, 77.62208303791999 12.967916815799999, 77.62208303791999 12.968750149129999, 77.62124970458999 12.968750149129999, 77.62124970458999 12.96958348246, 77.62208303791999 12.96958348246, 77.62291637125 12.96958348246, 77.62291637125 12.968750149129999, 77.62291637125 12.967916815799999, 77.62374970457999 12.967916815799999, 77.62458303790999 12.967916815799999, 77.62541637124 12.967916815799999, 77.62624970457 12.967916815799999, 77.6270830379 12.967916815799999, 77.6270830379 12.968750149129999, 77.6270830379 12.96958348246, 77.6270830379 12.97041681579, 77.6270830379 12.97125014912, 77.6270830379 12.97208348245, 77.6270830379 12.97291681578, 77.6270830379 12.97375014911, 77.6270830379 12.97458348244, 77.6270830379 12.97541681577, 77.6270830379 12.9762501491, 77.62624970457 12.9762501491, 77.62541637124 12.9762501491, 77.62458303790999 12.9762501491, 77.62374970457999 12.9762501491, 77.62291637125 12.9762501491, 77.62208303791999 12.9762501491, 77.62124970458999 12.9762501491, 77.62041637125999 12.9762501491, 77.61958303793 12.9762501491, 77.61874970459999 12.9762501491, 77.61874970459999 12.97541681577, 77.61874970459999 12.97458348244, 77.61874970459999 12.97375014911, 77.61874970459999 12.97291681578, 77.61874970459999 12.97208348245, 77.61874970459999 12.97125014912, 77.61874970459999 12.97041681579, 77.61874970459999 12.96958348246, 77.61874970459999 12.968750149129999, 77.61874970459999 12.967916815799999))"
1131002698,27266.443388764885,6787.264547042737,"POLYGON ((77.6104163713 13.009583482300002, 77.61124970463 13.009583482300002, 77.61208303795999 13.009583482300002, 77.61291637129 13.009583482300002, 77.61374970462 13.009583482300002, 77.61458303795 13.009583482300002, 77.61541637127999 13.009583482300002, 77.61624970461 13.009583482300002, 77.61708303794 13.009583482300002, 77.61791637127 13.009583482300002, 77.61874970459999 13.009583482300002, 77.61874970459999 13.010416815630002, 77.61874970459999 13.01125014896, 77.61874970459999 13.012083482289999, 77.61874970459999 13.012916815619999, 77.61874970459999 13.013750148949999, 77.61874970459999 13.014583482279999, 77.61874970459999 13.01541681561, 77.61874970459999 13.01625014894, 77.61874970459999 13.01708348227, 77.61874970459999 13.0179168156, 77.61791637127 13.0179168156, 77.61708303794 13.0179168156, 77.61624970461 13.0179168156, 77.61541637127999 13.0179168156, 77.61458303795 13.0179168156, 77.61374970462 13.0179168156, 77.61291637129 13.0179168156, 77.61208303795999 13.0179168156, 77.61124970463 13.0179168156, 77.6104163713 13.0179168156, 77.6104163713 13.01708348227, 77.6104163713 13.01625014894, 77.6104163713 13.01541681561, 77.6104163713 13.014583482279999, 77.6104163713 13.013750148949999, 77.6104163713 13.012916815619999, 77.6104163713 13.012083482289999, 77.6104163713 13.01125014896, 77.6104163713 13.010416815630002, 77.6104163713 13.009583482300002))"
1135002698,7087.343559341885,1764.2079308683856,"POLYGON ((77.6437497045 13.009583482300002, 77.64458303782999 13.009583482300002, 77.64541637116 13.009583482300002, 77.64624970449 13.009583482300002, 77.64708303782 13.009583482300002, 77.64791637114999 13.009583482300002, 77.64874970448 13.009583482300002, 77.64958303781 13.009583482300002, 77.65041637114 13.009583482300002, 77.65124970446999 13.009583482300002, 77.6520830378 13.009583482300002, 77.6520830378 13.010416815630002, 77.6520830378 13.01125014896, 77.6520830378 13.012083482289999, 77.6520830378 13.012916815619999, 77.6520830378 13.013750148949999, 77.6520830378 13.014583482279999, 77.6520830378 13.01541681561, 77.6520830378 13.01625014894, 77.6520830378 13.01708348227, 77.6520830378 13.0179168156, 77.65124970446999 13.0179168156, 77.65041637114 13.0179168156, 77.64958303781 13.0179168156, 77.64874970448 13.0179168156, 77.64791637114999 13.0179168156, 77.64708303782 13.0179168156, 77.64624970449 13.0179168156, 77.64541637116 13.0179168156, 77.64458303782999 13.0179168156, 77.6437497045 13.0179168156, 77.6437497045 13.01708348227, 77.6437497045 13.01625014894, 77.6437497045 13.01541681561, 77.6437497045 13.014583482279999, 77.6437497045 13.013750148949999, 77.64458303782999 13.013750148949999, 77.64541637116 13.013750148949999, 77.64541637116 13.012916815619999, 77.64541637116 13.012083482289999, 77.64458303782999 13.012083482289999, 77.6437497045 13.012083482289999, 77.6437497045 13.01125014896, 77.6437497045 13.010416815630002, 77.6437497045 13.009583482300002))"
1137002699,12826.15816987841,3192.7350179102946,"POLYGON ((77.6604163711 13.001250149, 77.66124970442999 13.001250149, 77.66208303776 13.001250149, 77.66291637109 13.001250149, 77.66374970442 13.001250149, 77.66458303774999 13.001250149, 77.66541637108 13.001250149, 77.66624970440999 13.001250149, 77.66708303773999 13.001250149, 77.66791637106999 13.001250149, 77.66874970439999 13.001250149, 77.66874970439999 13.00208348233, 77.66874970439999 13.00291681566, 77.66874970439999 13.003750148990001, 77.66874970439999 13.004583482320001, 77.66874970439999 13.005416815650001, 77.66874970439999 13.006250148980001, 77.66874970439999 13.007083482310001, 77.66874970439999 13.007916815640002, 77.66874970439999 13.008750148970002, 77.66874970439999 13.009583482300002, 77.66791637106999 13.009583482300002, 77.66708303773999 13.009583482300002, 77.66624970440999 13.009583482300002, 77.66541637108 13.009583482300002, 77.66458303774999 13.009583482300002, 77.66374970442 13.009583482300002, 77.66291637109 13.009583482300002, 77.66208303776 13.009583482300002, 77.66124970442999 13.009583482300002, 77.6604163711 13.009583482300002, 77.6604163711 13.008750148970002, 77.6604163711 13.007916815640002, 77.6604163711 13.007083482310001, 77.6604163711 13.006250148980001, 77.6604163711 13.005416815650001, 77.6604163711 13.004583482320001, 77.6604163711 13.003750148990001, 77.6604163711 13.00291681566, 77.6604163711 13.00208348233, 77.6604163711 13.001250149), (77.66708303773999 13.005416815650001, 77.66708303773999 13.006250148980001, 77.66791637106999 13.006250148980001, 77.66791637106999 13.005416815650001, 77.66708303773999 13.005416815650001))"
1130002702,17022.263681830616,4237.24521569645,"POLYGON ((77.602083038 12.9762501491, 77.60291637133 12.9762501491, 77.60374970466 12.9762501491, 77.60458303799 12.9762501491, 77.60541637131999 12.9762501491, 77.60624970465 12.9762501491, 77.60708303798 12.9762501491, 77.60791637131 12.9762501491, 77.60874970463999 12.9762501491, 77.60958303797 12.9762501491, 77.61041637129999 12.9762501491, 77.61041637129999 12.97708348243, 77.61041637129999 12.97791681576, 77.61041637129999 12.97875014909, 77.61041637129999 12.97958348242, 77.60958303797 12.97958348242, 77.60874970463999 12.97958348242, 77.60791637131 12.97958348242, 77.60708303798 12.97958348242, 77.60708303798 12.98041681575, 77.60791637131 12.98041681575, 77.60874970463999 12.98041681575, 77.60958303797 12.98041681575, 77.61041637129999 12.98041681575, 77.61041637129999 12.981250149080001, 77.61041637129999 12.982083482410001, 77.61041637129999 12.982916815740001, 77.61041637129999 12.983750149070001, 77.61041637129999 12.984583482400001, 77.60958303797 12.984583482400001, 77.60874970463999 12.984583482400001, 77.60791637131 12.984583482400001, 77.60708303798 12.984583482400001, 77.60624970465 12.984583482400001, 77.60541637131999 12.984583482400001, 77.60458303799 12.984583482400001, 77.60374970466 12.984583482400001, 77.60291637133 12.984583482400001, 77.602083038 12.984583482400001, 77.602083038 12.983750149070001, 77.602083038 12.982916815740001, 77.602083038 12.982083482410001, 77.602083038 12.981250149080001, 77.602083038 12.98041681575, 77.602083038 12.97958348242, 77.602083038 12.97875014909, 77.60291637133 12.97875014909, 77.60374970466 12.97875014909, 77.60374970466 12.97791681576, 77.60374970466 12.97708348243, 77.60291637133 12.97708348243, 77.602083038 12.97708348243, 77.602083038 12.9762501491))"
1133002701,4494.008884438613,1118.6654137669314,"POLYGON ((77.6270830379 12.984583482400001, 77.62791637122999 12.984583482400001, 77.62874970456 12.984583482400001, 77.62958303789 12.984583482400001, 77.63041637122 12.984583482400001, 77.63124970454999 12.984583482400001, 77.63208303788 12.984583482400001, 77.63291637121 12.984583482400001, 77.63374970454 12.984583482400001, 77.63458303786999 12.984583482400001, 77.6354163712 12.984583482400001, 77.6354163712 12.985416815730002, 77.63458303786999 12.985416815730002, 77.63458303786999 12.986250149060002, 77.6354163712 12.986250149060002, 77.6354163712 12.987083482390002, 77.6354163712 12.987916815720002, 77.63458303786999 12.987916815720002, 77.63374970454 12.98791681572, 77.63374970454 12.988750149049999, 77.63458303786999 12.988750149049999, 77.63458303786999 12.989583482379999, 77.6354163712 12.989583482379999, 77.6354163712 12.990416815709999, 77.6354163712 12.991250149039999, 77.6354163712 12.992083482369999, 77.63458303786999 12.992083482369999, 77.63458303786999 12.9929168157, 77.63374970454 12.9929168157, 77.63291637121 12.9929168157, 77.63208303788 12.9929168157, 77.63124970455 12.9929168157, 77.63124970454999 12.992083482369999, 77.63041637122 12.992083482369999, 77.63041637122 12.9929168157, 77.62958303789 12.9929168157, 77.62958303789 12.992083482369999, 77.62874970456 12.992083482369999, 77.62874970456 12.9929168157, 77.62791637122999 12.9929168157, 77.6270830379 12.9929168157, 77.6270830379 12.992083482369999, 77.6270830379 12.991250149039999, 77.6270830379 12.990416815709999, 77.62791637122999 12.990416815709999, 77.62874970456 12.990416815709999, 77.62958303789 12.990416815709999, 77.63041637122 12.990416815709999, 77.63124970454999 12.990416815709999, 77.63124970454999 12.989583482379999, 77.63041637122 12.989583482379999, 77.62958303789 12.989583482379999, 77.62874970456 12.989583482379999, 77.62791637122999 12.989583482379999, 77.6270830379 12.989583482379999, 77.6270830379 12.988750149049999, 77.6270830379 12.98791681572, 77.6270830379 12.987083482390002, 77.6270830379 12.986250149060002, 77.6270830379 12.985416815730002, 77.6270830379 12.984583482400001))"
1132002699,29464.99749424457,7334.536815820783,"POLYGON ((77.61874970459999 13.001250149, 77.61958303793 13.001250149, 77.62041637125999 13.001250149, 77.62124970458999 13.001250149, 77.62208303791999 13.001250149, 77.62291637125 13.001250149, 77.62374970457999 13.001250149, 77.62458303790999 13.001250149, 77.62541637124 13.001250149, 77.62624970457 13.001250149, 77.6270830379 13.001250149, 77.6270830379 13.00208348233, 77.6270830379 13.00291681566, 77.6270830379 13.003750148990001, 77.6270830379 13.004583482320001, 77.6270830379 13.005416815650001, 77.6270830379 13.006250148980001, 77.6270830379 13.007083482310001, 77.6270830379 13.007916815640002, 77.6270830379 13.008750148970002, 77.6270830379 13.009583482300002, 77.62624970457 13.009583482300002, 77.62541637124 13.009583482300002, 77.62458303790999 13.009583482300002, 77.62374970457999 13.009583482300002, 77.62291637125 13.009583482300002, 77.62208303791999 13.009583482300002, 77.62124970458999 13.009583482300002, 77.62041637125999 13.009583482300002, 77.61958303793 13.009583482300002, 77.61874970459999 13.009583482300002, 77.61874970459999 13.008750148970002, 77.61874970459999 13.007916815640002, 77.61874970459999 13.007083482310001, 77.61874970459999 13.006250148980001, 77.61958303793 13.006250148980001, 77.61958303793 13.005416815650001, 77.61874970459999 13.005416815650001, 77.61874970459999 13.004583482320001, 77.61874970459999 13.003750148990001, 77.61874970459999 13.00291681566, 77.61874970459999 13.00208348233, 77.61874970459999 13.001250149))"
1129002699,11536.39696713786,2871.682860109648,"POLYGON ((77.5937497047 13.001250149, 77.59458303803 13.001250149, 77.59541637135999 13.001250149, 77.59624970469 13.001250149, 77.59708303802 13.001250149, 77.59791637135 13.001250149, 77.59874970467999 13.001250149, 77.59958303801 13.001250149, 77.60041637134 13.001250149, 77.60124970467 13.001250149, 77.60124970467 13.00208348233, 77.60208303799999 13.00208348233, 77.60208303799999 13.00291681566, 77.60208303799999 13.003750148990001, 77.60208303799999 13.004583482320001, 77.60208303799999 13.005416815650001, 77.60208303799999 13.006250148980001, 77.60208303799999 13.007083482310001, 77.60208303799999 13.007916815640002, 77.60208303799999 13.008750148970002, 77.60208303799999 13.009583482300002, 77.60124970467 13.009583482300002, 77.60041637134 13.009583482300002, 77.59958303801 13.009583482300002, 77.59874970467999 13.009583482300002, 77.59791637135 13.009583482300002, 77.59708303802 13.009583482300002, 77.59624970469 13.009583482300002, 77.59541637135999 13.009583482300002, 77.59458303803 13.009583482300002, 77.5937497047 13.009583482300002, 77.5937497047 13.008750148970002, 77.5937497047 13.007916815640002, 77.5937497047 13.007083482310001, 77.5937497047 13.006250148980001, 77.5937497047 13.005416815650001, 77.5937497047 13.004583482320001, 77.5937497047 13.003750148990001, 77.5937497047 13.00291681566, 77.5937497047 13.00208348233, 77.5937497047 13.001250149), (77.59458303803 13.003750148990001, 77.59458303803 13.004583482320001, 77.59458303803 13.005416815650001, 77.59458303803 13.006250148980001, 77.59541637135999 13.006250148980001, 77.59624970469 13.006250148980001, 77.59708303802 13.006250148980001, 77.59708303802 13.005416815650001, 77.59624970469 13.005416815650001, 77.59624970469 13.004583482320001, 77.59541637136 13.004583482320001, 77.59541637135999 13.003750148990001, 77.59458303803 13.003750148990001))"
1134002698,6953.3024956182935,1730.841930518156,"POLYGON ((77.6354163712 13.009583482300002, 77.63624970453 13.009583482300002, 77.63708303786 13.009583482300002, 77.63791637118999 13.009583482300002, 77.63874970452 13.009583482300002, 77.63958303785 13.009583482300002, 77.64041637118 13.009583482300002, 77.64124970450999 13.009583482300002, 77.64208303784 13.009583482300002, 77.64291637117 13.009583482300002, 77.6437497045 13.009583482300002, 77.6437497045 13.010416815630002, 77.6437497045 13.01125014896, 77.6437497045 13.012083482289999, 77.64291637117 13.012083482289999, 77.64291637117 13.012916815619999, 77.6437497045 13.012916815619999, 77.6437497045 13.013750148949999, 77.6437497045 13.014583482279999, 77.6437497045 13.01541681561, 77.6437497045 13.01625014894, 77.6437497045 13.01708348227, 77.6437497045 13.0179168156, 77.64291637117 13.0179168156, 77.64208303784 13.0179168156, 77.64124970450999 13.0179168156, 77.64041637118 13.0179168156, 77.63958303785 13.0179168156, 77.63874970452 13.0179168156, 77.63791637118999 13.0179168156, 77.63708303786 13.0179168156, 77.63624970453 13.0179168156, 77.6354163712 13.0179168156, 77.6354163712 13.01708348227, 77.6354163712 13.01625014894, 77.6354163712 13.01541681561, 77.6354163712 13.014583482279999, 77.6354163712 13.013750148949999, 77.6354163712 13.012916815619999, 77.6354163712 13.012083482289999, 77.6354163712 13.01125014896, 77.6354163712 13.010416815630002, 77.6354163712 13.009583482300002))"
1131002702,11049.006288554114,1611.2140668884942,"MULTIPOLYGON (((77.6104163713 12.9762501491, 77.61124970463 12.9762501491, 77.61208303795999 12.9762501491, 77.61208303795999 12.97708348243, 77.61208303795999 12.97791681576, 77.61291637128998 12.97791681576, 77.61291637128998 12.97875014909, 77.61208303795999 12.97875014909, 77.61124970463 12.97875014909, 77.6104163713 12.97875014909, 77.6104163713 12.97791681576, 77.6104163713 12.97708348243, 77.6104163713 12.9762501491)), ((77.61291637129 12.9762501491, 77.61374970462 12.9762501491, 77.61458303795 12.9762501491, 77.61541637127999 12.9762501491, 77.61624970461 12.9762501491, 77.61708303794 12.9762501491, 77.61791637127 12.9762501491, 77.61874970459999 12.9762501491, 77.61874970459999 12.97708348243, 77.61874970459999 12.97791681576, 77.61874970459999 12.97875014909, 77.61874970459999 12.97958348242, 77.61791637127 12.97958348242, 77.61791637127 12.98041681575, 77.61708303794 12.98041681575, 77.61708303793999 12.981250149080001, 77.61624970461 12.981250149080001, 77.61624970460998 12.982083482410001, 77.61624970460998 12.982916815740001, 77.61624970461 12.983750149070001, 77.61708303794 12.983750149070001, 77.61791637127 12.983750149070001, 77.61791637127 12.984583482400001, 77.61708303794 12.984583482400001, 77.61624970461 12.984583482400001, 77.61541637127999 12.984583482400001, 77.61458303795 12.984583482400001, 77.61374970462 12.984583482400001, 77.61291637129 12.984583482400001, 77.61208303795999 12.984583482400001, 77.61124970463 12.984583482400001, 77.6104163713 12.984583482400001, 77.6104163713 12.983750149070001, 77.6104163713 12.982916815740001, 77.6104163713 12.982083482410001, 77.6104163713 12.981250149080001, 77.6104163713 12.98041681575, 77.61124970463 12.98041681575, 77.61208303795999 12.98041681575, 77.61208303795999 12.97958348242, 77.61291637129 12.97958348242, 77.61374970462 12.97958348242, 77.61458303795 12.97958348242, 77.61458303795 12.97875014909, 77.61458303795 12.97791681576, 77.61374970462 12.97791681576, 77.61374970462 12.97708348243, 77.61291637129 12.97708348243, 77.61291637129 12.9762501491)))"
1130002698,16380.344578256843,4077.4563238473957,"POLYGON ((77.60374970466 13.009583482300002, 77.60458303799 13.009583482300002, 77.60541637131999 13.009583482300002, 77.60624970465 13.009583482300002, 77.60708303798 13.009583482300002, 77.60791637131 13.009583482300002, 77.60874970463999 13.009583482300002, 77.60958303797 13.009583482300002, 77.61041637129999 13.009583482300002, 77.61041637129999 13.010416815630002, 77.61041637129999 13.01125014896, 77.61041637129999 13.012083482289999, 77.61041637129999 13.012916815619999, 77.61041637129999 13.013750148949999, 77.61041637129999 13.014583482279999, 77.61041637129999 13.01541681561, 77.61041637129999 13.01625014894, 77.61041637129999 13.01708348227, 77.61041637129999 13.0179168156, 77.60958303797 13.0179168156, 77.60874970463999 13.0179168156, 77.60791637131 13.0179168156, 77.60708303798 13.0179168156, 77.60624970465 13.0179168156, 77.60541637131999 13.0179168156, 77.60458303799 13.0179168156, 77.60374970466 13.0179168156, 77.60291637133 13.0179168156, 77.602083038 13.0179168156, 77.602083038 13.01708348227, 77.602083038 13.01625014894, 77.602083038 13.01541681561, 77.602083038 13.014583482279999, 77.602083038 13.013750148949999, 77.602083038 13.012916815619999, 77.602083038 13.012083482289999, 77.602083038 13.01125014896, 77.602083038 13.010416815630002, 77.60291637133 13.010416815630002, 77.60374970466 13.010416815630002, 77.60374970466 13.009583482300002))"
1133002702,22685.94068234672,5647.0687692642705,"POLYGON ((77.6270830379 12.9762501491, 77.62791637122999 12.9762501491, 77.62874970456 12.9762501491, 77.62958303789 12.9762501491, 77.63041637122 12.9762501491, 77.63124970454999 12.9762501491, 77.63208303788 12.9762501491, 77.63291637121 12.9762501491, 77.63374970454 12.9762501491, 77.63458303786999 12.9762501491, 77.6354163712 12.9762501491, 77.6354163712 12.97708348243, 77.6354163712 12.97791681576, 77.6354163712 12.97875014909, 77.6354163712 12.97958348242, 77.6354163712 12.98041681575, 77.6354163712 12.981250149080001, 77.6354163712 12.982083482410001, 77.6354163712 12.982916815740001, 77.6354163712 12.983750149070001, 77.63458303786999 12.983750149070001, 77.63458303786999 12.984583482400001, 77.63374970454 12.984583482400001, 77.63374970454 12.983750149070001, 77.63374970454 12.982916815740001, 77.63291637121 12.982916815740001, 77.63208303788 12.982916815740001, 77.63208303788 12.982083482410001, 77.63291637121 12.982083482410001, 77.63291637121 12.981250149080001, 77.63208303788 12.981250149080001, 77.63208303788 12.98041681575, 77.63124970454999 12.98041681575, 77.63041637122 12.98041681575, 77.63041637122 12.981250149080001, 77.63124970454999 12.981250149080001, 77.63124970454999 12.982083482410001, 77.63041637122 12.982083482410001, 77.63041637122 12.982916815740001, 77.63041637122 12.983750149070001, 77.63124970454999 12.983750149070001, 77.63208303788 12.983750149070001, 77.63208303788 12.984583482400001, 77.63124970454999 12.984583482400001, 77.63041637122 12.984583482400001, 77.62958303789 12.984583482400001, 77.62874970456 12.984583482400001, 77.62791637122999 12.984583482400001, 77.6270830379 12.984583482400001, 77.6270830379 12.983750149070001, 77.6270830379 12.982916815740001, 77.6270830379 12.982083482410001, 77.6270830379 12.981250149080001, 77.6270830379 12.98041681575, 77.6270830379 12.97958348242, 77.6270830379 12.97875014909, 77.6270830379 12.97791681576, 77.6270830379 12.97708348243, 77.6270830379 12.9762501491))"
1131002700,18351.736716206062,4568.1825903957815,"POLYGON ((77.6104163713 12.9929168157, 77.61124970463 12.9929168157, 77.61208303795999 12.9929168157, 77.61291637129 12.9929168157, 77.61374970462 12.9929168157, 77.61458303795 12.9929168157, 77.61541637127999 12.9929168157, 77.61624970461 12.9929168157, 77.61708303794 12.9929168157, 77.61791637127 12.9929168157, 77.61874970459999 12.9929168157, 77.61874970459999 12.99375014903, 77.61874970459999 12.99458348236, 77.61874970459999 12.99541681569, 77.61874970459999 12.99625014902, 77.61874970459999 12.99708348235, 77.61874970459999 12.99791681568, 77.61874970459999 12.99875014901, 77.61874970459999 12.99958348234, 77.61874970459999 13.00041681567, 77.61874970459999 13.001250149, 77.61791637127 13.001250149, 77.61708303794 13.001250149, 77.61624970461 13.001250149, 77.61541637127999 13.001250149, 77.61458303795 13.001250149, 77.61374970462 13.001250149, 77.61291637129 13.001250149, 77.61208303795999 13.001250149, 77.61124970463 13.001250149, 77.6104163713 13.001250149, 77.6104163713 13.00041681567, 77.6104163713 12.99958348234, 77.6104163713 12.99875014901, 77.6104163713 12.99791681568, 77.6104163713 12.99708348235, 77.6104163713 12.99625014902, 77.6104163713 12.99541681569, 77.6104163713 12.99458348236, 77.6104163713 12.99375014903, 77.6104163713 12.9929168157))"
1136002699,4236.107993034477,1054.4677642267907,"POLYGON ((77.65624970445 13.001250149, 77.65708303778 13.001250149, 77.65791637110999 13.001250149, 77.65874970444 13.001250149, 77.65958303777 13.001250149, 77.6604163711 13.001250149, 77.6604163711 13.00208348233, 77.6604163711 13.00291681566, 77.6604163711 13.003750148990001, 77.6604163711 13.004583482320001, 77.6604163711 13.005416815650001, 77.6604163711 13.006250148980001, 77.6604163711 13.007083482310001, 77.6604163711 13.007916815640002, 77.6604163711 13.008750148970002, 77.6604163711 13.009583482300002, 77.65958303777 13.009583482300002, 77.65874970444 13.009583482300002, 77.65791637110999 13.009583482300002, 77.65708303778 13.009583482300002, 77.65624970445 13.009583482300002, 77.65541637112 13.009583482300002, 77.65458303778999 13.009583482300002, 77.65374970446 13.009583482300002, 77.65291637113 13.009583482300002, 77.6520830378 13.009583482300002, 77.6520830378 13.008750148970002, 77.6520830378 13.007916815640002, 77.6520830378 13.007083482310001, 77.6520830378 13.006250148980001, 77.6520830378 13.005416815650001, 77.6520830378 13.004583482320001, 77.65291637113 13.004583482320001, 77.65374970446 13.004583482320001, 77.65458303778999 13.004583482320001, 77.65458303778999 13.003750148990001, 77.65458303778999 13.00291681566, 77.65374970446 13.00291681566, 77.65291637113 13.00291681566, 77.6520830378 13.00291681566, 77.6520830378 13.00208348233, 77.65291637113 13.00208348233, 77.65374970446 13.00208348233, 77.65458303778999 13.00208348233, 77.65541637112 13.00208348233, 77.65624970445 13.00208348233, 77.65624970445 13.00291681566, 77.65541637112 13.00291681566, 77.65541637112 13.003750148990001, 77.65624970445 13.003750148990001, 77.65624970445 13.00291681566, 77.65708303778 13.00291681566, 77.65708303778 13.00208348233, 77.65624970445 13.00208348233, 77.65624970445 13.001250149))"
1133002699,28119.184088447353,6999.531935064458,"POLYGON ((77.6270830379 13.001250149, 77.62791637122999 13.001250149, 77.62874970456 13.001250149, 77.62958303789 13.001250149, 77.63041637122 13.001250149, 77.63124970454999 13.001250149, 77.63208303788 13.001250149, 77.63291637121 13.001250149, 77.63374970454 13.001250149, 77.63458303786999 13.001250149, 77.6354163712 13.001250149, 77.6354163712 13.00208348233, 77.6354163712 13.00291681566, 77.6354163712 13.003750148990001, 77.6354163712 13.004583482320001, 77.6354163712 13.005416815650001, 77.6354163712 13.006250148980001, 77.6354163712 13.007083482310001, 77.6354163712 13.007916815640002, 77.6354163712 13.008750148970002, 77.6354163712 13.009583482300002, 77.63458303786999 13.009583482300002, 77.63374970454 13.009583482300002, 77.63291637121 13.009583482300002, 77.63208303788 13.009583482300002, 77.63124970454999 13.009583482300002, 77.63041637122 13.009583482300002, 77.62958303789 13.009583482300002, 77.62874970456 13.009583482300002, 77.62791637122999 13.009583482300002, 77.6270830379 13.009583482300002, 77.6270830379 13.008750148970002, 77.6270830379 13.007916815640002, 77.6270830379 13.007083482310001, 77.6270830379 13.006250148980001, 77.6270830379 13.005416815650001, 77.6270830379 13.004583482320001, 77.6270830379 13.003750148990001, 77.6270830379 13.00291681566, 77.6270830379 13.00208348233, 77.6270830379 13.001250149))"
1129002702,12672.093847027143,3154.384753391255,"POLYGON ((77.59624970469 12.9762501491, 77.59708303802 12.9762501491, 77.59791637135 12.9762501491, 77.59874970467999 12.9762501491, 77.59958303801 12.9762501491, 77.60041637134 12.9762501491, 77.60124970467 12.9762501491, 77.60208303799999 12.9762501491, 77.60208303799999 12.97708348243, 77.60208303799999 12.97791681576, 77.60124970467 12.97791681576, 77.60124970467 12.97875014909, 77.60208303799999 12.97875014909, 77.60208303799999 12.97958348242, 77.60208303799999 12.98041681575, 77.60208303799999 12.981250149080001, 77.60208303799999 12.982083482410001, 77.60208303799999 12.982916815740001, 77.60208303799999 12.983750149070001, 77.60208303799999 12.984583482400001, 77.60124970467 12.984583482400001, 77.60041637134 12.984583482400001, 77.59958303801 12.984583482400001, 77.59874970467999 12.984583482400001, 77.59791637135 12.984583482400001, 77.59708303802 12.984583482400001, 77.59624970469 12.984583482400001, 77.59541637135999 12.984583482400001, 77.59458303803 12.984583482400001, 77.5937497047 12.984583482400001, 77.5937497047 12.983750149070001, 77.5937497047 12.982916815740001, 77.5937497047 12.982083482410001, 77.5937497047 12.981250149080001, 77.5937497047 12.98041681575, 77.59458303803 12.98041681575, 77.59458303803 12.97958348242, 77.59541637135999 12.97958348242, 77.59541637135999 12.98041681575, 77.59624970469 12.98041681575, 77.59708303802 12.98041681575, 77.59791637135 12.98041681575, 77.59791637135 12.97958348242, 77.59708303802 12.97958348242, 77.59708303802 12.97875014909, 77.59708303802 12.97791681576, 77.59791637135 12.97791681576, 77.59791637135 12.97708348243, 77.59708303802 12.97708348243, 77.59624970469 12.97708348243, 77.59624970469 12.9762501491))"
1133002696,72169.67700043623,17627.839492003808,"POLYGON ((77.6270830379 13.0262501489, 77.62791637122999 13.0262501489, 77.62874970456 13.0262501489, 77.62958303789 13.0262501489, 77.63041637122 13.0262501489, 77.63124970454999 13.0262501489, 77.63208303788 13.0262501489, 77.63291637121 13.0262501489, 77.63374970454 13.0262501489, 77.63458303786999 13.0262501489, 77.6354163712 13.0262501489, 77.6354163712 13.027083482230001, 77.6354163712 13.027916815560001, 77.6354163712 13.028750148890001, 77.6354163712 13.029583482220001, 77.6354163712 13.030416815550002, 77.6354163712 13.031250148880002, 77.6354163712 13.032083482210002, 77.6354163712 13.032916815540002, 77.6354163712 13.03375014887, 77.6354163712 13.034583482199999, 77.63458303786999 13.034583482199999, 77.63374970454 13.034583482199999, 77.63291637121 13.034583482199999, 77.63208303788 13.034583482199999, 77.63124970454999 13.034583482199999, 77.63041637122 13.034583482199999, 77.62958303789 13.034583482199999, 77.62874970456 13.034583482199999, 77.62791637122999 13.034583482199999, 77.6270830379 13.034583482199999, 77.6270830379 13.03375014887, 77.6270830379 13.032916815540002, 77.6270830379 13.032083482210002, 77.6270830379 13.031250148880002, 77.6270830379 13.030416815550002, 77.6270830379 13.029583482220001, 77.6270830379 13.028750148890001, 77.6270830379 13.027916815560001, 77.6270830379 13.027083482230001, 77.6270830379 13.0262501489))"
1135002696,4055.5690081775033,1009.5273283288058,"POLYGON ((77.64541637116 13.0262501489, 77.64624970449 13.0262501489, 77.64708303782 13.0262501489, 77.64791637114999 13.0262501489, 77.64874970448 13.0262501489, 77.64958303781 13.0262501489, 77.65041637114 13.0262501489, 77.65124970446999 13.0262501489, 77.6520830378 13.0262501489, 77.6520830378 13.027083482230001, 77.6520830378 13.027916815560001, 77.6520830378 13.028750148890001, 77.6520830378 13.029583482220001, 77.6520830378 13.030416815550002, 77.6520830378 13.031250148880002, 77.6520830378 13.032083482210002, 77.6520830378 13.032916815540002, 77.6520830378 13.03375014887, 77.6520830378 13.034583482199999, 77.65124970446999 13.034583482199999, 77.65041637114 13.034583482199999, 77.64958303781 13.034583482199999, 77.64874970448 13.034583482199999, 77.64791637114999 13.034583482199999, 77.64708303782 13.034583482199999, 77.64624970449 13.034583482199999, 77.64541637116 13.034583482199999, 77.64458303782999 13.034583482199999, 77.6437497045 13.034583482199999, 77.6437497045 13.03375014887, 77.6437497045 13.032916815540002, 77.6437497045 13.032083482210002, 77.6437497045 13.031250148880002, 77.6437497045 13.030416815550002, 77.6437497045 13.029583482220001, 77.6437497045 13.028750148890001, 77.6437497045 13.027916815560001, 77.64458303782999 13.027916815560001, 77.64458303782999 13.028750148890001, 77.64458303782999 13.029583482220001, 77.64541637116 13.029583482220001, 77.64541637116 13.028750148890001, 77.64624970449 13.028750148890001, 77.64624970449 13.027916815560001, 77.64624970449 13.027083482230001, 77.64541637116 13.027083482230001, 77.64541637116 13.0262501489), (77.64624970449 13.030416815550002, 77.64624970448999 13.031250148880002, 77.64624970448999 13.032083482210002, 77.64541637116 13.032083482210002, 77.64541637116 13.032916815540002, 77.64624970449 13.032916815540002, 77.64708303782 13.032916815540002, 77.64708303782 13.03375014887, 77.64791637114999 13.033750148869998, 77.64791637115 13.032916815540002, 77.64874970448 13.032916815540002, 77.64874970448 13.032083482210002, 77.64791637114999 13.032083482210002, 77.64708303782 13.032083482210002, 77.64708303782 13.031250148880002, 77.64708303782 13.030416815550002, 77.64624970449 13.030416815550002))"
1132002697,48873.28732529851,11959.530228210147,"MULTIPOLYGON (((77.61874970459999 13.0179168156, 77.61958303793 13.0179168156, 77.62041637125999 13.0179168156, 77.62124970458999 13.0179168156, 77.62208303791999 13.0179168156, 77.62291637125 13.0179168156, 77.62374970457999 13.0179168156, 77.62374970457999 13.01875014893, 77.62458303790999 13.01875014893, 77.62458303790999 13.01958348226, 77.62541637124 13.01958348226, 77.62541637124 13.02041681559, 77.62541637124 13.02125014892, 77.62624970457 13.02125014892, 77.62624970457 13.02041681559, 77.62624970457 13.01958348226, 77.6270830379 13.01958348226, 77.6270830379 13.02041681559, 77.6270830379 13.02125014892, 77.6270830379 13.02208348225, 77.6270830379 13.02291681558, 77.6270830379 13.02375014891, 77.6270830379 13.02458348224, 77.6270830379 13.02541681557, 77.6270830379 13.0262501489, 77.62624970457 13.0262501489, 77.62541637124 13.0262501489, 77.62458303790999 13.0262501489, 77.62374970457999 13.0262501489, 77.62291637125 13.0262501489, 77.62208303791999 13.0262501489, 77.62124970458999 13.0262501489, 77.62041637125999 13.0262501489, 77.61958303793 13.0262501489, 77.61874970459999 13.0262501489, 77.61874970459999 13.02541681557, 77.61874970459999 13.02458348224, 77.61874970459999 13.02375014891, 77.61874970459999 13.02291681558, 77.61874970459999 13.02208348225, 77.61874970459999 13.02125014892, 77.61874970459999 13.02041681559, 77.61874970459999 13.01958348226, 77.61874970459999 13.01875014893, 77.61874970459999 13.0179168156)), ((77.62458303791 13.0179168156, 77.62541637124 13.0179168156, 77.62541637124 13.01875014893, 77.62458303790999 13.01875014893, 77.62458303791 13.0179168156)))"
1132002701,12054.433191174327,2963.4092135305327,"POLYGON ((77.62208303791999 12.984583482400001, 77.62291637125 12.984583482400001, 77.62374970457999 12.984583482400001, 77.62458303790999 12.984583482400001, 77.62541637124 12.984583482400001, 77.62624970457 12.984583482400001, 77.6270830379 12.984583482400001, 77.6270830379 12.985416815730002, 77.6270830379 12.986250149060002, 77.6270830379 12.987083482390002, 77.6270830379 12.98791681572, 77.6270830379 12.988750149049999, 77.6270830379 12.989583482379999, 77.6270830379 12.990416815709999, 77.6270830379 12.991250149039999, 77.62624970457 12.991250149039999, 77.62541637124 12.991250149039999, 77.62541637124 12.990416815709999, 77.62458303790999 12.990416815709999, 77.62458303790999 12.991250149039999, 77.62458303790999 12.992083482369999, 77.62541637124 12.992083482369999, 77.62541637124 12.9929168157, 77.62458303790999 12.9929168157, 77.62374970457999 12.9929168157, 77.62291637125 12.9929168157, 77.62208303791999 12.9929168157, 77.62124970458999 12.9929168157, 77.62041637125999 12.9929168157, 77.61958303793 12.9929168157, 77.61874970459999 12.9929168157, 77.61874970459999 12.992083482369999, 77.61874970459999 12.991250149039999, 77.61874970459999 12.990416815709999, 77.61874970459999 12.989583482379999, 77.61874970459999 12.988750149049999, 77.61874970459999 12.98791681572, 77.61874970459999 12.987083482390002, 77.61874970459999 12.986250149060002, 77.61958303792998 12.986250149060002, 77.61958303792998 12.987083482390002, 77.61958303792998 12.98791681572, 77.61958303792998 12.988750149049999, 77.61958303792998 12.989583482379999, 77.61958303792998 12.990416815709999, 77.61958303793 12.991250149039999, 77.62041637125999 12.991250149039999, 77.62124970458999 12.991250149039999, 77.62208303791999 12.991250149039999, 77.62291637125 12.991250149039999, 77.62291637125 12.990416815709999, 77.62208303791999 12.990416815709999, 77.62208303791999 12.989583482379999, 77.62208303791999 12.988750149049999, 77.62124970459 12.988750149049999, 77.62124970459 12.98791681572, 77.62124970459 12.987083482390002, 77.62208303791999 12.987083482390002, 77.62208303791999 12.986250149060002, 77.62208303791999 12.985416815730002, 77.62208303791999 12.984583482400001), (77.62374970457999 12.988750149049999, 77.62374970457999 12.989583482379999, 77.62458303790999 12.989583482379999, 77.62458303790999 12.988750149049999, 77.62374970457999 12.988750149049999))"
1131002699,19621.909833810958,4884.358809156998,"POLYGON ((77.6104163713 13.001250149, 77.61124970463 13.001250149, 77.61208303795999 13.001250149, 77.61291637129 13.001250149, 77.61374970462 13.001250149, 77.61458303795 13.001250149, 77.61541637127999 13.001250149, 77.61624970461 13.001250149, 77.61708303794 13.001250149, 77.61791637127 13.001250149, 77.61874970459999 13.001250149, 77.61874970459999 13.00208348233, 77.61874970459999 13.00291681566, 77.61874970459999 13.003750148990001, 77.61874970459999 13.004583482320001, 77.61874970459999 13.005416815650001, 77.61874970459999 13.006250148980001, 77.61874970459999 13.007083482310001, 77.61874970459999 13.007916815640002, 77.61874970459999 13.008750148970002, 77.61874970459999 13.009583482300002, 77.61791637127 13.009583482300002, 77.61708303794 13.009583482300002, 77.61624970461 13.009583482300002, 77.61541637127999 13.009583482300002, 77.61458303795 13.009583482300002, 77.61374970462 13.009583482300002, 77.61291637129 13.009583482300002, 77.61208303795999 13.009583482300002, 77.61124970463 13.009583482300002, 77.6104163713 13.009583482300002, 77.6104163713 13.008750148970002, 77.6104163713 13.007916815640002, 77.61124970463 13.007916815640002, 77.61124970463 13.007083482310001, 77.61124970463 13.006250148980001, 77.61124970463 13.005416815650001, 77.6104163713 13.005416815650001, 77.6104163713 13.004583482320001, 77.6104163713 13.003750148990001, 77.6104163713 13.00291681566, 77.6104163713 13.00208348233, 77.6104163713 13.001250149), (77.61624970461 13.006250148980001, 77.61624970461 13.007083482310001, 77.61708303794 13.007083482310001, 77.61708303794 13.006250148980001, 77.61624970461 13.006250148980001))"
1131002701,14304.715797842135,3185.009104608604,"POLYGON ((77.6104163713 12.984583482400001, 77.61124970463 12.984583482400001, 77.61208303795999 12.984583482400001, 77.61291637129 12.984583482400001, 77.61374970462 12.984583482400001, 77.61458303795 12.984583482400001, 77.61541637127999 12.984583482400001, 77.61624970461 12.984583482400001, 77.61708303794 12.984583482400001, 77.61791637127 12.984583482400001, 77.61791637127 12.985416815730002, 77.61874970459999 12.985416815730002, 77.61874970459999 12.986250149060002, 77.61874970459999 12.987083482390002, 77.61874970459999 12.98791681572, 77.61874970459999 12.988750149049999, 77.61874970459999 12.989583482379999, 77.61874970459999 12.990416815709999, 77.61874970459999 12.991250149039999, 77.61874970459999 12.992083482369999, 77.61874970459999 12.9929168157, 77.61791637127 12.9929168157, 77.61708303794 12.9929168157, 77.61624970461 12.9929168157, 77.61541637127999 12.9929168157, 77.61458303795 12.9929168157, 77.61374970462 12.9929168157, 77.61291637129 12.9929168157, 77.61208303795999 12.9929168157, 77.61124970463 12.9929168157, 77.6104163713 12.9929168157, 77.6104163713 12.992083482369999, 77.6104163713 12.991250149039999, 77.6104163713 12.990416815709999, 77.6104163713 12.989583482379999, 77.6104163713 12.988750149049999, 77.6104163713 12.98791681572, 77.6104163713 12.987083482390002, 77.6104163713 12.986250149060002, 77.6104163713 12.985416815730002, 77.6104163713 12.984583482400001), (77.61624970461 12.988750149049999, 77.61624970460998 12.989583482379999, 77.61541637127999 12.989583482379999, 77.61541637127999 12.990416815709999, 77.61458303795 12.990416815709999, 77.61458303795 12.991250149039999, 77.61541637127999 12.991250149039999, 77.61624970461 12.991250149039999, 77.61624970461 12.990416815709999, 77.61708303794 12.990416815709999, 77.61708303794 12.989583482379999, 77.61708303794 12.988750149049999, 77.61624970461 12.988750149049999), (77.61291637129 12.985416815730002, 77.61291637128998 12.986250149060002, 77.61291637128998 12.987083482390002, 77.61291637129 12.987916815719998, 77.61374970462 12.987916815719998, 77.61374970462 12.987083482390002, 77.61458303795 12.987083482390002, 77.61458303795 12.986250149060002, 77.61374970462 12.986250149060002, 77.61374970462 12.985416815730002, 77.61291637129 12.985416815730002))"
1133002697,36183.80109919103,8921.99160622919,"POLYGON ((77.6270830379 13.0179168156, 77.62791637122999 13.0179168156, 77.62874970456 13.0179168156, 77.62958303789 13.0179168156, 77.63041637122 13.0179168156, 77.63124970454999 13.0179168156, 77.63208303788 13.0179168156, 77.63291637121 13.0179168156, 77.63374970454 13.0179168156, 77.63458303786999 13.0179168156, 77.6354163712 13.0179168156, 77.6354163712 13.01875014893, 77.6354163712 13.01958348226, 77.6354163712 13.02041681559, 77.6354163712 13.02125014892, 77.6354163712 13.02208348225, 77.6354163712 13.02291681558, 77.6354163712 13.02375014891, 77.6354163712 13.02458348224, 77.6354163712 13.02541681557, 77.6354163712 13.0262501489, 77.63458303786999 13.0262501489, 77.63374970454 13.0262501489, 77.63291637121 13.0262501489, 77.63208303788 13.0262501489, 77.63124970454999 13.0262501489, 77.63041637122 13.0262501489, 77.62958303789 13.0262501489, 77.62874970456 13.0262501489, 77.62791637122999 13.0262501489, 77.6270830379 13.0262501489, 77.6270830379 13.02541681557, 77.6270830379 13.02458348224, 77.6270830379 13.02375014891, 77.6270830379 13.02291681558, 77.6270830379 13.02208348225, 77.6270830379 13.02125014892, 77.6270830379 13.02041681559, 77.6270830379 13.01958348226, 77.6270830379 13.01875014893, 77.6270830379 13.0179168156))"
1133002703,45922.169411040646,11431.117286652669,"POLYGON ((77.6270830379 12.967916815799999, 77.62791637122999 12.967916815799999, 77.62874970456 12.967916815799999, 77.62958303789 12.967916815799999, 77.63041637122 12.967916815799999, 77.63124970454999 12.967916815799999, 77.63208303788 12.967916815799999, 77.63291637121 12.967916815799999, 77.63374970454 12.967916815799999, 77.63458303786999 12.967916815799999, 77.6354163712 12.967916815799999, 77.6354163712 12.968750149129999, 77.6354163712 12.96958348246, 77.6354163712 12.97041681579, 77.6354163712 12.97125014912, 77.6354163712 12.97208348245, 77.6354163712 12.97291681578, 77.6354163712 12.97375014911, 77.6354163712 12.97458348244, 77.6354163712 12.97541681577, 77.6354163712 12.9762501491, 77.63458303786999 12.9762501491, 77.63374970454 12.9762501491, 77.63291637121 12.9762501491, 77.63208303788 12.9762501491, 77.63124970454999 12.9762501491, 77.63041637122 12.9762501491, 77.62958303789 12.9762501491, 77.62874970456 12.9762501491, 77.62791637122999 12.9762501491, 77.6270830379 12.9762501491, 77.6270830379 12.97541681577, 77.6270830379 12.97458348244, 77.6270830379 12.97375014911, 77.6270830379 12.97291681578, 77.6270830379 12.97208348245, 77.6270830379 12.97125014912, 77.6270830379 12.97041681579, 77.6270830379 12.96958348246, 77.6270830379 12.968750149129999, 77.6270830379 12.967916815799999))"
1137002700,7602.708046538288,1892.4943766977785,"POLYGON ((77.6604163711 12.9929168157, 77.66124970442999 12.9929168157, 77.66208303776 12.9929168157, 77.66291637109 12.9929168157, 77.66374970442 12.9929168157, 77.66458303774999 12.9929168157, 77.66541637108 12.9929168157, 77.66624970440999 12.9929168157, 77.66708303773999 12.9929168157, 77.66791637106999 12.9929168157, 77.66874970439999 12.9929168157, 77.66874970439999 12.99375014903, 77.66874970439999 12.99458348236, 77.66874970439999 12.99541681569, 77.66874970439999 12.99625014902, 77.66874970439999 12.99708348235, 77.66874970439999 12.99791681568, 77.66874970439999 12.99875014901, 77.66874970439999 12.99958348234, 77.66874970439999 13.00041681567, 77.66874970439999 13.001250149, 77.66791637106999 13.001250149, 77.66708303773999 13.001250149, 77.66624970440999 13.001250149, 77.66541637108 13.001250149, 77.66458303774999 13.001250149, 77.66374970442 13.001250149, 77.66291637109 13.001250149, 77.66208303776 13.001250149, 77.66124970442999 13.001250149, 77.6604163711 13.001250149, 77.6604163711 13.00041681567, 77.6604163711 12.99958348234, 77.6604163711 12.99875014901, 77.6604163711 12.99791681568, 77.6604163711 12.99708348235, 77.6604163711 12.99625014902, 77.6604163711 12.99541681569, 77.6604163711 12.99458348236, 77.6604163711 12.99375014903, 77.6604163711 12.9929168157), (77.66458303774999 12.99625014902, 77.66458303774999 12.99708348235, 77.66458303774999 12.99791681568, 77.66374970442 12.99791681568, 77.66374970442 12.99875014901, 77.66374970442 12.99958348234, 77.66374970442 13.00041681567, 77.66458303774999 13.00041681567, 77.66541637108 13.00041681567, 77.66541637108 12.99958348234, 77.66541637108 12.99875014901, 77.66624970440999 12.99875014901, 77.66624970440999 12.99791681568, 77.66708303773999 12.99791681568, 77.66708303773999 12.99708348235, 77.66624970440999 12.99708348235, 77.66624970440999 12.99625014902, 77.66541637108 12.99625014902, 77.66458303774999 12.99625014902))"
1132002702,21840.915544010917,5434.275145721795,"POLYGON ((77.61874970459999 12.9762501491, 77.61958303793 12.9762501491, 77.62041637125999 12.9762501491, 77.62124970458999 12.9762501491, 77.62208303791999 12.9762501491, 77.62291637125 12.9762501491, 77.62374970457999 12.9762501491, 77.62458303790999 12.9762501491, 77.62541637124 12.9762501491, 77.62624970457 12.9762501491, 77.6270830379 12.9762501491, 77.6270830379 12.97708348243, 77.6270830379 12.97791681576, 77.6270830379 12.97875014909, 77.6270830379 12.97958348242, 77.6270830379 12.98041681575, 77.6270830379 12.981250149080001, 77.6270830379 12.982083482410001, 77.6270830379 12.982916815740001, 77.6270830379 12.983750149070001, 77.6270830379 12.984583482400001, 77.62624970457 12.984583482400001, 77.62541637124 12.984583482400001, 77.62458303791 12.984583482400001, 77.62458303790999 12.983750149070001, 77.62374970457999 12.983750149070001, 77.62291637125 12.983750149070001, 77.62291637124999 12.984583482400001, 77.62208303791999 12.984583482400001, 77.62208303791999 12.983750149070001, 77.62208303791999 12.982916815740001, 77.62208303791999 12.982083482410001, 77.62208303791999 12.981250149080001, 77.62208303791999 12.98041681575, 77.62124970458999 12.98041681575, 77.62041637125999 12.98041681575, 77.62041637125999 12.97958348242, 77.62041637125999 12.97875014909, 77.62041637125999 12.97791681576, 77.61958303793 12.97791681576, 77.61874970459999 12.97791681576, 77.61874970459999 12.97708348243, 77.61874970459999 12.9762501491))"
1136002701,9941.132706155544,2474.5837442714947,"POLYGON ((77.65374970446 12.984583482400001, 77.65458303778999 12.984583482400001, 77.65541637112 12.984583482400001, 77.65624970445 12.984583482400001, 77.65708303778 12.984583482400001, 77.65791637110999 12.984583482400001, 77.65791637110999 12.985416815730002, 77.65791637110999 12.986250149060002, 77.65874970444 12.986250149060002, 77.65958303777 12.986250149060002, 77.6604163711 12.986250149060002, 77.6604163711 12.987083482390002, 77.6604163711 12.98791681572, 77.6604163711 12.988750149049999, 77.6604163711 12.989583482379999, 77.6604163711 12.990416815709999, 77.6604163711 12.991250149039999, 77.6604163711 12.992083482369999, 77.6604163711 12.9929168157, 77.65958303777 12.9929168157, 77.65874970444 12.9929168157, 77.65791637110999 12.9929168157, 77.65708303778 12.9929168157, 77.65624970445 12.9929168157, 77.65541637112 12.9929168157, 77.65458303778999 12.9929168157, 77.65374970446 12.9929168157, 77.65291637113 12.9929168157, 77.6520830378 12.9929168157, 77.6520830378 12.992083482369999, 77.6520830378 12.991250149039999, 77.6520830378 12.990416815709999, 77.6520830378 12.989583482379999, 77.6520830378 12.988750149049999, 77.6520830378 12.98791681572, 77.6520830378 12.987083482390002, 77.6520830378 12.986250149060002, 77.6520830378 12.985416815730002, 77.65291637113 12.985416815730002, 77.65374970446 12.985416815730002, 77.65374970446 12.984583482400001), (77.65624970445 12.988750149049999, 77.65624970445 12.989583482379999, 77.65708303778 12.989583482379999, 77.65708303778 12.988750149049999, 77.65624970445 12.988750149049999), (77.65624970445 12.985416815730002, 77.65624970444999 12.986250149060002, 77.65624970445 12.987083482390002, 77.65708303778 12.987083482390002, 77.65708303778 12.986250149060002, 77.65708303778 12.985416815730002, 77.65624970445 12.985416815730002))"
1137002697,12347.460102801691,3073.5757138132126,"POLYGON ((77.6604163711 13.0179168156, 77.66124970442999 13.0179168156, 77.66208303776 13.0179168156, 77.66291637109 13.0179168156, 77.66374970442 13.0179168156, 77.66458303774999 13.0179168156, 77.66541637108 13.0179168156, 77.66624970440999 13.0179168156, 77.66708303773999 13.0179168156, 77.66791637106999 13.0179168156, 77.66874970439999 13.0179168156, 77.66874970439999 13.01875014893, 77.66874970439999 13.01958348226, 77.66874970439999 13.02041681559, 77.66874970439999 13.02125014892, 77.66874970439999 13.02208348225, 77.66874970439999 13.02291681558, 77.66874970439999 13.02375014891, 77.66874970439999 13.02458348224, 77.66874970439999 13.02541681557, 77.66791637106999 13.02541681557, 77.66791637106999 13.0262501489, 77.66708303773999 13.0262501489, 77.66624970440999 13.0262501489, 77.66541637108 13.0262501489, 77.66541637108 13.02541681557, 77.66624970440999 13.02541681557, 77.66624970440999 13.02458348224, 77.66708303773999 13.02458348224, 77.66708303773999 13.02375014891, 77.66624970440999 13.02375014891, 77.66541637108 13.02375014891, 77.66458303774999 13.02375014891, 77.66458303774999 13.02291681558, 77.66374970442 13.02291681558, 77.66374970442 13.02375014891, 77.66458303774999 13.02375014891, 77.66458303774999 13.02458348224, 77.66541637107998 13.02458348224, 77.66541637108 13.02541681557, 77.66458303774999 13.02541681557, 77.66374970442 13.02541681557, 77.66291637109 13.02541681557, 77.66291637108999 13.0262501489, 77.66208303776 13.0262501489, 77.66124970442999 13.0262501489, 77.6604163711 13.0262501489, 77.6604163711 13.02541681557, 77.6604163711 13.02458348224, 77.6604163711 13.02375014891, 77.6604163711 13.02291681558, 77.6604163711 13.02208348225, 77.6604163711 13.02125014892, 77.6604163711 13.02041681559, 77.6604163711 13.01958348226, 77.6604163711 13.01875014893, 77.6604163711 13.0179168156))"
1135002702,12958.376789357293,3225.6473686577974,"POLYGON ((77.6437497045 12.9762501491, 77.64458303782999 12.9762501491, 77.64541637116 12.9762501491, 77.64624970449 12.9762501491, 77.64708303782 12.9762501491, 77.64791637114999 12.9762501491, 77.64874970448 12.9762501491, 77.64958303781 12.9762501491, 77.65041637114 12.9762501491, 77.65124970446999 12.9762501491, 77.6520830378 12.9762501491, 77.6520830378 12.97708348243, 77.6520830378 12.97791681576, 77.6520830378 12.97875014909, 77.6520830378 12.97958348242, 77.6520830378 12.98041681575, 77.6520830378 12.981250149080001, 77.6520830378 12.982083482410001, 77.6520830378 12.982916815740001, 77.6520830378 12.983750149070001, 77.6520830378 12.984583482400001, 77.65124970446999 12.984583482400001, 77.65041637114 12.984583482400001, 77.64958303781 12.984583482400001, 77.64874970448 12.984583482400001, 77.64791637114999 12.984583482400001, 77.64708303782 12.984583482400001, 77.64624970449 12.984583482400001, 77.64541637116 12.984583482400001, 77.64458303782999 12.984583482400001, 77.6437497045 12.984583482400001, 77.6437497045 12.983750149070001, 77.6437497045 12.982916815740001, 77.6437497045 12.982083482410001, 77.6437497045 12.981250149080001, 77.6437497045 12.98041681575, 77.6437497045 12.97958348242, 77.6437497045 12.97875014909, 77.6437497045 12.97791681576, 77.6437497045 12.97708348243, 77.6437497045 12.9762501491), (77.65041637114 12.97958348242, 77.65041637114 12.98041681575, 77.65124970446999 12.98041681575, 77.65124970446999 12.97958348242, 77.65041637114 12.97958348242), (77.64874970448 12.97708348243, 77.64874970448 12.97791681576, 77.64874970448 12.97875014909, 77.64958303781 12.97875014909, 77.64958303781 12.97791681576, 77.64958303781 12.97708348243, 77.64874970448 12.97708348243))"
1133002698,12879.077872446598,3127.611416452053,"POLYGON ((77.6270830379 13.009583482300002, 77.62791637122999 13.009583482300002, 77.62874970456 13.009583482300002, 77.62958303789 13.009583482300002, 77.63041637122 13.009583482300002, 77.63124970454999 13.009583482300002, 77.63208303788 13.009583482300002, 77.63291637121 13.009583482300002, 77.63374970454 13.009583482300002, 77.63458303786999 13.009583482300002, 77.6354163712 13.009583482300002, 77.6354163712 13.010416815630002, 77.6354163712 13.01125014896, 77.6354163712 13.012083482289999, 77.6354163712 13.012916815619999, 77.6354163712 13.013750148949999, 77.6354163712 13.014583482279999, 77.6354163712 13.01541681561, 77.6354163712 13.01625014894, 77.6354163712 13.01708348227, 77.6354163712 13.0179168156, 77.63458303786999 13.0179168156, 77.63374970454 13.0179168156, 77.63291637121 13.0179168156, 77.63208303788 13.0179168156, 77.63124970454999 13.0179168156, 77.63041637122 13.0179168156, 77.62958303789 13.0179168156, 77.62874970456 13.0179168156, 77.62791637122999 13.0179168156, 77.6270830379 13.0179168156, 77.6270830379 13.01708348227, 77.6270830379 13.01625014894, 77.6270830379 13.01541681561, 77.6270830379 13.014583482279999, 77.6270830379 13.013750148949999, 77.6270830379 13.012916815619999, 77.6270830379 13.012083482289999, 77.6270830379 13.01125014896, 77.6270830379 13.010416815630002, 77.6270830379 13.009583482300002))"
1135002699,3510.8779290773277,873.9407981181805,"POLYGON ((77.6437497045 13.001250149, 77.64458303782999 13.001250149, 77.64541637116 13.001250149, 77.64541637116 13.00208348233, 77.64624970449 13.00208348233, 77.64708303782 13.00208348233, 77.64708303782 13.001250149, 77.64791637114999 13.001250149, 77.64874970448 13.001250149, 77.64958303781 13.001250149, 77.65041637114 13.001250149, 77.65124970446999 13.001250149, 77.6520830378 13.001250149, 77.6520830378 13.00208348233, 77.6520830378 13.00291681566, 77.6520830378 13.003750148990001, 77.6520830378 13.004583482320001, 77.6520830378 13.005416815650001, 77.6520830378 13.006250148980001, 77.6520830378 13.007083482310001, 77.6520830378 13.007916815640002, 77.6520830378 13.008750148970002, 77.6520830378 13.009583482300002, 77.65124970446999 13.009583482300002, 77.65041637114 13.009583482300002, 77.64958303781 13.009583482300002, 77.64874970448 13.009583482300002, 77.64791637114999 13.009583482300002, 77.64708303782 13.009583482300002, 77.64624970449 13.009583482300002, 77.64541637116 13.009583482300002, 77.64458303782999 13.009583482300002, 77.6437497045 13.009583482300002, 77.6437497045 13.008750148970002, 77.6437497045 13.007916815640002, 77.6437497045 13.007083482310001, 77.6437497045 13.006250148980001, 77.6437497045 13.005416815650001, 77.6437497045 13.004583482320001, 77.6437497045 13.003750148990001, 77.6437497045 13.00291681566, 77.6437497045 13.00208348233, 77.6437497045 13.001250149))"
1137002698,14248.110097809433,3546.692582908378,"POLYGON ((77.6604163711 13.009583482300002, 77.66124970442999 13.009583482300002, 77.66208303776 13.009583482300002, 77.66291637109 13.009583482300002, 77.66374970442 13.009583482300002, 77.66458303774999 13.009583482300002, 77.66541637108 13.009583482300002, 77.66624970440999 13.009583482300002, 77.66708303773999 13.009583482300002, 77.66791637106999 13.009583482300002, 77.66874970439999 13.009583482300002, 77.66874970439999 13.010416815630002, 77.66874970439999 13.01125014896, 77.66874970439999 13.012083482289999, 77.66874970439999 13.012916815619999, 77.66874970439999 13.013750148949999, 77.66874970439999 13.014583482279999, 77.66874970439999 13.01541681561, 77.66874970439999 13.01625014894, 77.66874970439999 13.01708348227, 77.66874970439999 13.0179168156, 77.66791637106999 13.0179168156, 77.66708303773999 13.0179168156, 77.66624970440999 13.0179168156, 77.66541637108 13.0179168156, 77.66458303774999 13.0179168156, 77.66374970442 13.0179168156, 77.66291637109 13.0179168156, 77.66208303776 13.0179168156, 77.66124970442999 13.0179168156, 77.6604163711 13.0179168156, 77.6604163711 13.01708348227, 77.6604163711 13.01625014894, 77.6604163711 13.01541681561, 77.6604163711 13.014583482279999, 77.6604163711 13.013750148949999, 77.6604163711 13.012916815619999, 77.6604163711 13.012083482289999, 77.6604163711 13.01125014896, 77.6604163711 13.010416815630002, 77.6604163711 13.009583482300002), (77.66291637109 13.01125014896, 77.66291637109 13.012083482289999, 77.66374970442 13.012083482289999, 77.66458303774999 13.012083482289999, 77.66458303774999 13.01125014896, 77.66374970442 13.011250148960002, 77.66291637109 13.01125014896))"
1135002700,855.5054491846414,212.9555997554624,"MULTIPOLYGON (((77.6437497045 12.9929168157, 77.64458303782999 12.9929168157, 77.64541637116 12.9929168157, 77.64624970449 12.9929168157, 77.64708303782 12.9929168157, 77.64791637114999 12.9929168157, 77.64874970448 12.9929168157, 77.64958303781 12.9929168157, 77.65041637114 12.9929168157, 77.65124970446999 12.9929168157, 77.65124970446999 12.99375014903, 77.6520830378 12.99375014903, 77.6520830378 12.99458348236, 77.6520830378 12.99541681569, 77.6520830378 12.99625014902, 77.6520830378 12.99708348235, 77.6520830378 12.99791681568, 77.6520830378 12.99875014901, 77.6520830378 12.99958348234, 77.6520830378 13.00041681567, 77.6520830378 13.001250149, 77.65124970447 13.001250149, 77.65124970446999 13.00041681567, 77.65041637114 13.00041681567, 77.64958303781 13.00041681567, 77.64958303781 12.99958348234, 77.64874970448 12.99958348234, 77.64874970448 12.99875014901, 77.64791637115 12.99875014901, 77.64791637115 12.99791681568, 77.64874970448 12.99791681568, 77.64958303781 12.99791681568, 77.65041637114 12.99791681568, 77.65124970446999 12.99791681568, 77.65124970447 12.99708348235, 77.65124970447 12.99625014902, 77.65124970446999 12.99541681569, 77.65041637114 12.99541681569, 77.64958303781 12.99541681569, 77.64958303780999 12.99625014902, 77.64958303780999 12.99708348235, 77.64874970448 12.99708348235, 77.64791637114999 12.99708348235, 77.64708303782 12.99708348235, 77.64708303782 12.99625014902, 77.64791637114999 12.99625014902, 77.64791637114999 12.99541681569, 77.64708303782 12.99541681569, 77.64624970449 12.99541681569, 77.64541637116 12.99541681569, 77.64458303782999 12.99541681569, 77.64458303782999 12.99625014902, 77.64458303782999 12.99708348235, 77.6437497045 12.99708348235, 77.6437497045 12.99625014902, 77.6437497045 12.99541681569, 77.6437497045 12.99458348236, 77.6437497045 12.99375014903, 77.6437497045 12.9929168157), (77.64458303782999 12.99375014903, 77.64458303782999 12.99458348236, 77.64541637116 12.99458348236, 77.64624970449 12.99458348236, 77.64624970449 12.99375014903, 77.64541637116 12.99375014903, 77.64458303782999 12.99375014903)), ((77.64791637115 12.99958348234, 77.64874970448 12.99958348234, 77.64874970448 13.00041681567, 77.64791637115 13.00041681567, 77.64791637115 12.99958348234)), ((77.64458303783 13.00041681567, 77.64541637116 13.00041681567, 77.64541637116 13.001250149, 77.64458303783 13.001250149, 77.64458303783 13.00041681567)), ((77.64874970448 13.00041681567, 77.64958303781 13.00041681567, 77.64958303780999 13.001250149, 77.64874970448 13.001250149, 77.64874970448 13.00041681567)))"
1133002700,14092.652577096114,3507.995518393413,"POLYGON ((77.62958303789 12.9929168157, 77.63041637122 12.9929168157, 77.63124970454999 12.9929168157, 77.63208303788 12.9929168157, 77.63291637121 12.9929168157, 77.63374970454 12.9929168157, 77.63458303786999 12.9929168157, 77.6354163712 12.9929168157, 77.6354163712 12.99375014903, 77.63458303786999 12.99375014903, 77.63458303786999 12.99458348236, 77.63458303786999 12.99541681569, 77.6354163712 12.99541681569, 77.6354163712 12.99625014902, 77.6354163712 12.99708348235, 77.6354163712 12.99791681568, 77.6354163712 12.99875014901, 77.6354163712 12.99958348234, 77.6354163712 13.00041681567, 77.6354163712 13.001250149, 77.63458303786999 13.001250149, 77.63374970454 13.001250149, 77.63291637121 13.001250149, 77.63208303788 13.001250149, 77.63124970454999 13.001250149, 77.63041637122 13.001250149, 77.62958303789 13.001250149, 77.62874970456 13.001250149, 77.62791637122999 13.001250149, 77.6270830379 13.001250149, 77.6270830379 13.00041681567, 77.6270830379 12.99958348234, 77.6270830379 12.99875014901, 77.6270830379 12.99791681568, 77.6270830379 12.99708348235, 77.6270830379 12.99625014902, 77.6270830379 12.99541681569, 77.6270830379 12.99458348236, 77.6270830379 12.99375014903, 77.62791637122999 12.99375014903, 77.62874970456 12.99375014903, 77.62874970456 12.99458348236, 77.62958303789 12.99458348236, 77.62958303789 12.99375014903, 77.62958303789 12.9929168157), (77.63208303788 12.99958348234, 77.63208303788 13.00041681567, 77.63291637121 13.00041681567, 77.63291637121 12.99958348234, 77.63208303788 12.99958348234), (77.63208303788 12.99541681569, 77.63208303788 12.99625014902, 77.63291637121 12.99625014902, 77.63291637121 12.99708348235, 77.63374970454 12.99708348235, 77.63458303786999 12.99708348235, 77.63458303786999 12.99625014902, 77.63374970454 12.99625014902, 77.63291637121 12.99625014902, 77.63291637121 12.99541681569, 77.63208303788 12.99541681569), (77.63041637122 12.99375014903, 77.63041637122 12.99458348236, 77.63124970454999 12.99458348236, 77.63124970454999 12.99375014903, 77.63041637122 12.99375014903), (77.63291637121 12.99375014903, 77.63291637121 12.99458348236, 77.63374970454 12.99458348236, 77.63374970454 12.99375014903, 77.63291637121 12.99375014903))"
1134002697,6728.325301723751,1674.839770271515,"POLYGON ((77.6354163712 13.0179168156, 77.63624970453 13.0179168156, 77.63708303786 13.0179168156, 77.63791637118999 13.0179168156, 77.63874970452 13.0179168156, 77.63958303785 13.0179168156, 77.64041637118 13.0179168156, 77.64124970450999 13.0179168156, 77.64208303784 13.0179168156, 77.64291637117 13.0179168156, 77.6437497045 13.0179168156, 77.6437497045 13.01875014893, 77.6437497045 13.01958348226, 77.6437497045 13.02041681559, 77.6437497045 13.02125014892, 77.6437497045 13.02208348225, 77.6437497045 13.02291681558, 77.6437497045 13.02375014891, 77.6437497045 13.02458348224, 77.6437497045 13.02541681557, 77.6437497045 13.0262501489, 77.64291637117 13.0262501489, 77.64208303784 13.0262501489, 77.64124970450999 13.0262501489, 77.64041637118 13.0262501489, 77.63958303785 13.0262501489, 77.63874970452 13.0262501489, 77.63791637118999 13.0262501489, 77.63708303786 13.0262501489, 77.63624970453 13.0262501489, 77.6354163712 13.0262501489, 77.6354163712 13.02541681557, 77.6354163712 13.02458348224, 77.6354163712 13.02375014891, 77.6354163712 13.02291681558, 77.6354163712 13.02208348225, 77.6354163712 13.02125014892, 77.6354163712 13.02041681559, 77.6354163712 13.01958348226, 77.6354163712 13.01875014893, 77.6354163712 13.0179168156))"
