store_name,geometry,index_right,id,name,lat,lng,cid,brand_id,brand_name,number_of_votes,rating,place_url,source,category,top_category,type,created_at,date,number_of_reviews,url,reviews_per_day,distance
1,"POLYGON ((77.62847982126846 13.000488913937247, 77.62845274081032 13.000884406208387, 77.62846532124016 13.00128059710334, 77.62851744166285 13.001673671478363, 77.62860860046327 13.002059844164252, 77.62873792012415 13.002435396406193, 77.62890415566206 13.002796711665717, 77.6291057066006 13.003140310441099, 77.62934063236598 13.003462883770402, 77.62960667095768 13.00376132509578, 77.62990126071509 13.004032760180955, 77.63022156497074 13.004274574795229, 77.63056449935387 13.004484439895933, 77.63092676148196 13.004660334067658, 77.63130486275415 13.004800563000924, 77.63169516194148 13.004903775822836, 77.63209390025041 13.004968978122182, 77.63249723752183 13.004995541541476, 77.6329012892176 13.00498320984528, 77.63330216383761 13.00493210140335, 77.63369600040711 13.004842708066029, 77.6340790056727 13.004715890441028, 77.63444749064874 13.004552869616324, 77.63479790616077 13.004355215410056, 77.63512687704399 13.004124831258055, 77.63543123466597 13.003863935886244, 77.63570804746013 13.003575041942613, 77.63595464917505 13.003260931796445, 77.63616866456718 13.002924630735738, 77.63634803228835 13.002569377823432, 77.63649102474801 13.002198594691594, 77.63659626475761 13.001815852575943, 77.63666273879745 13.001424837907726, 77.63668980677734 13.001029316795417, 77.63667720819757 13.000633098738824, 77.63662506465066 13.000239999925522, 77.63653387864049 12.999853806463776, 77.63640452872997 12.999478237906937, 77.63623826106495 12.999116911420284, 77.63603667735649 12.998773306937167, 77.63580171943771 12.998450733638737, 77.63553565054475 12.998152298081695, 77.63524103350275 12.997880874280666, 77.63492070602766 12.997639076032653, 77.63457775338249 12.997429231751429, 77.63421547865167 12.997253362052346, 77.6338373709203 12.997113160304362, 77.63344707166557 12.997009976335615, 77.63304833968368 12.996944803448622, 77.63264501489051 12.996918268870452, 77.6322409813447 12.996930627728291, 77.63184012984885 12.996981760608543, 77.63144632048913 12.997071174721608, 77.6310633454732 12.997198008661597, 77.63069489262426 12.997361040713391, 77.63034450988215 12.997558700627431, 77.63001557115231 12.997789084748538, 77.62971124383157 12.998049974352035, 77.62943445832205 12.998338857011476, 77.62918787982657 12.998652950791408, 77.62897388269647 12.998989231032565, 77.62879452757802 12.999344459472313, 77.62865154157755 12.999715215418878, 77.62854630163532 13.00009792868134, 77.62847982126846 13.000488913937247))",172,ChIJAfIetiRpUjoRKDXrDBoNP-0,Domino's Pizza,13.00149917602539,77.63275146484375,0x3a526924b61ef201:0xed3f0d1a0ceb3528,dominos,Domino'S Pizza,1307,3.900000095367432,https://www.google.com/maps/place/?q=place_id:ChIJAfIetiRpUjoRKDXrDBoNP-0,gmaps_v2,restaurant,food,N_A,1699615207,1486443986.0,1310.0,https://www.google.com/maps/preview/review/listentitiesreviews?authuser=0&hl=en&gl=in&pb=!1m2!1y4202537008685314561!2y17095397116058744104!2m2!2i10!3sCAESB0VnTUlsQW8=!3e2!4m5!3b1!4b1!6b1!7b1!20b1!5m2!1sPsrQZPb9H5adseMPzOi5IA!7e81,0.5297375483907371,0.06
1,"POLYGON ((77.62847982126846 13.000488913937247, 77.62845274081032 13.000884406208387, 77.62846532124016 13.00128059710334, 77.62851744166285 13.001673671478363, 77.62860860046327 13.002059844164252, 77.62873792012415 13.002435396406193, 77.62890415566206 13.002796711665717, 77.6291057066006 13.003140310441099, 77.62934063236598 13.003462883770402, 77.62960667095768 13.00376132509578, 77.62990126071509 13.004032760180955, 77.63022156497074 13.004274574795229, 77.63056449935387 13.004484439895933, 77.63092676148196 13.004660334067658, 77.63130486275415 13.004800563000924, 77.63169516194148 13.004903775822836, 77.63209390025041 13.004968978122182, 77.63249723752183 13.004995541541476, 77.6329012892176 13.00498320984528, 77.63330216383761 13.00493210140335, 77.63369600040711 13.004842708066029, 77.6340790056727 13.004715890441028, 77.63444749064874 13.004552869616324, 77.63479790616077 13.004355215410056, 77.63512687704399 13.004124831258055, 77.63543123466597 13.003863935886244, 77.63570804746013 13.003575041942613, 77.63595464917505 13.003260931796445, 77.63616866456718 13.002924630735738, 77.63634803228835 13.002569377823432, 77.63649102474801 13.002198594691594, 77.63659626475761 13.001815852575943, 77.63666273879745 13.001424837907726, 77.63668980677734 13.001029316795417, 77.63667720819757 13.000633098738824, 77.63662506465066 13.000239999925522, 77.63653387864049 12.999853806463776, 77.63640452872997 12.999478237906937, 77.63623826106495 12.999116911420284, 77.63603667735649 12.998773306937167, 77.63580171943771 12.998450733638737, 77.63553565054475 12.998152298081695, 77.63524103350275 12.997880874280666, 77.63492070602766 12.997639076032653, 77.63457775338249 12.997429231751429, 77.63421547865167 12.997253362052346, 77.6338373709203 12.997113160304362, 77.63344707166557 12.997009976335615, 77.63304833968368 12.996944803448622, 77.63264501489051 12.996918268870452, 77.6322409813447 12.996930627728291, 77.63184012984885 12.996981760608543, 77.63144632048913 12.997071174721608, 77.6310633454732 12.997198008661597, 77.63069489262426 12.997361040713391, 77.63034450988215 12.997558700627431, 77.63001557115231 12.997789084748538, 77.62971124383157 12.998049974352035, 77.62943445832205 12.998338857011476, 77.62918787982657 12.998652950791408, 77.62897388269647 12.998989231032565, 77.62879452757802 12.999344459472313, 77.62865154157755 12.999715215418878, 77.62854630163532 13.00009792868134, 77.62847982126846 13.000488913937247))",184,ChIJCScQ3cIWrjsRc7w1FIXIdg4,"Westside - Orion East, Bangalore",13.001230239868164,77.63265991210938,0x3bae16c2dd102709:0xe76c8851435bc73,westside,Westside,1110,4.099999904632568,https://www.google.com/maps/place/?q=place_id:ChIJCScQ3cIWrjsRc7w1FIXIdg4,gmaps_v2,clothing_store,retail,N_A,1687847039,1475929006.0,1130.0,https://www.google.com/maps/preview/review/listentitiesreviews?authuser=0&hl=en&gl=in&pb=!1m2!1y4300399720373692169!2y1042240837678120051!2m2!2i10!3sCAESB0VnTUk0QWc=!3e2!4m5!3b1!4b1!6b1!7b1!20b1!5m2!1sPsrQZPb9H5adseMPzOi5IA!7e81,0.4525523318725783,0.03
1,"POLYGON ((77.62847982126846 13.000488913937247, 77.62845274081032 13.000884406208387, 77.62846532124016 13.00128059710334, 77.62851744166285 13.001673671478363, 77.62860860046327 13.002059844164252, 77.62873792012415 13.002435396406193, 77.62890415566206 13.002796711665717, 77.6291057066006 13.003140310441099, 77.62934063236598 13.003462883770402, 77.62960667095768 13.00376132509578, 77.62990126071509 13.004032760180955, 77.63022156497074 13.004274574795229, 77.63056449935387 13.004484439895933, 77.63092676148196 13.004660334067658, 77.63130486275415 13.004800563000924, 77.63169516194148 13.004903775822836, 77.63209390025041 13.004968978122182, 77.63249723752183 13.004995541541476, 77.6329012892176 13.00498320984528, 77.63330216383761 13.00493210140335, 77.63369600040711 13.004842708066029, 77.6340790056727 13.004715890441028, 77.63444749064874 13.004552869616324, 77.63479790616077 13.004355215410056, 77.63512687704399 13.004124831258055, 77.63543123466597 13.003863935886244, 77.63570804746013 13.003575041942613, 77.63595464917505 13.003260931796445, 77.63616866456718 13.002924630735738, 77.63634803228835 13.002569377823432, 77.63649102474801 13.002198594691594, 77.63659626475761 13.001815852575943, 77.63666273879745 13.001424837907726, 77.63668980677734 13.001029316795417, 77.63667720819757 13.000633098738824, 77.63662506465066 13.000239999925522, 77.63653387864049 12.999853806463776, 77.63640452872997 12.999478237906937, 77.63623826106495 12.999116911420284, 77.63603667735649 12.998773306937167, 77.63580171943771 12.998450733638737, 77.63553565054475 12.998152298081695, 77.63524103350275 12.997880874280666, 77.63492070602766 12.997639076032653, 77.63457775338249 12.997429231751429, 77.63421547865167 12.997253362052346, 77.6338373709203 12.997113160304362, 77.63344707166557 12.997009976335615, 77.63304833968368 12.996944803448622, 77.63264501489051 12.996918268870452, 77.6322409813447 12.996930627728291, 77.63184012984885 12.996981760608543, 77.63144632048913 12.997071174721608, 77.6310633454732 12.997198008661597, 77.63069489262426 12.997361040713391, 77.63034450988215 12.997558700627431, 77.63001557115231 12.997789084748538, 77.62971124383157 12.998049974352035, 77.62943445832205 12.998338857011476, 77.62918787982657 12.998652950791408, 77.62897388269647 12.998989231032565, 77.62879452757802 12.999344459472313, 77.62865154157755 12.999715215418878, 77.62854630163532 13.00009792868134, 77.62847982126846 13.000488913937247))",202,ChIJfTV63MIWrjsRAe83Q-koGzg,Imagine,13.00119686126709,77.63264465332031,0x3bae16c2dc7a357d:0x381b28e94337ef01,imagineonline,Imagine Online Store,1027,4.800000190734863,https://www.google.com/maps/place/?q=place_id:ChIJfTV63MIWrjsRAe83Q-koGzg,gmaps_v2,electronic_store,retail,N_A,1695212099,1465473745.0,1063.0,https://www.google.com/maps/preview/review/listentitiesreviews?authuser=0&hl=en&gl=in&pb=!1m2!1y4300399720363865469!2y4042870072815382273!2m2!2i10!3sCAESB0VnTUlwQWc=!3e2!4m5!3b1!4b1!6b1!7b1!20b1!5m2!1sPsrQZPb9H5adseMPzOi5IA!7e81,0.3862341592296774,0.03
1,"POLYGON ((77.62847982126846 13.000488913937247, 77.62845274081032 13.000884406208387, 77.62846532124016 13.00128059710334, 77.62851744166285 13.001673671478363, 77.62860860046327 13.002059844164252, 77.62873792012415 13.002435396406193, 77.62890415566206 13.002796711665717, 77.6291057066006 13.003140310441099, 77.62934063236598 13.003462883770402, 77.62960667095768 13.00376132509578, 77.62990126071509 13.004032760180955, 77.63022156497074 13.004274574795229, 77.63056449935387 13.004484439895933, 77.63092676148196 13.004660334067658, 77.63130486275415 13.004800563000924, 77.63169516194148 13.004903775822836, 77.63209390025041 13.004968978122182, 77.63249723752183 13.004995541541476, 77.6329012892176 13.00498320984528, 77.63330216383761 13.00493210140335, 77.63369600040711 13.004842708066029, 77.6340790056727 13.004715890441028, 77.63444749064874 13.004552869616324, 77.63479790616077 13.004355215410056, 77.63512687704399 13.004124831258055, 77.63543123466597 13.003863935886244, 77.63570804746013 13.003575041942613, 77.63595464917505 13.003260931796445, 77.63616866456718 13.002924630735738, 77.63634803228835 13.002569377823432, 77.63649102474801 13.002198594691594, 77.63659626475761 13.001815852575943, 77.63666273879745 13.001424837907726, 77.63668980677734 13.001029316795417, 77.63667720819757 13.000633098738824, 77.63662506465066 13.000239999925522, 77.63653387864049 12.999853806463776, 77.63640452872997 12.999478237906937, 77.63623826106495 12.999116911420284, 77.63603667735649 12.998773306937167, 77.63580171943771 12.998450733638737, 77.63553565054475 12.998152298081695, 77.63524103350275 12.997880874280666, 77.63492070602766 12.997639076032653, 77.63457775338249 12.997429231751429, 77.63421547865167 12.997253362052346, 77.6338373709203 12.997113160304362, 77.63344707166557 12.997009976335615, 77.63304833968368 12.996944803448622, 77.63264501489051 12.996918268870452, 77.6322409813447 12.996930627728291, 77.63184012984885 12.996981760608543, 77.63144632048913 12.997071174721608, 77.6310633454732 12.997198008661597, 77.63069489262426 12.997361040713391, 77.63034450988215 12.997558700627431, 77.63001557115231 12.997789084748538, 77.62971124383157 12.998049974352035, 77.62943445832205 12.998338857011476, 77.62918787982657 12.998652950791408, 77.62897388269647 12.998989231032565, 77.62879452757802 12.999344459472313, 77.62865154157755 12.999715215418878, 77.62854630163532 13.00009792868134, 77.62847982126846 13.000488913937247))",239,ChIJnREJlW0XrjsRXsX67xmTIWo,TRENDS,13.000885009765623,77.63256072998047,0x3bae176d9509119d:0x6a219319effac55e,ajio,Reliance Trends,684,4.0,https://www.google.com/maps/place/?q=place_id:ChIJnREJlW0XrjsRXsX67xmTIWo,gmaps_v2,clothing_store,retail,N_A,1687847039,1503304847.0,684.0,https://www.google.com/maps/preview/review/listentitiesreviews?authuser=0&hl=en&gl=in&pb=!1m2!1y4300400453604675997!2y7647555381861467486!2m2!2i10!3sCAESB0VnTUlxQVU=!3e2!4m5!3b1!4b1!6b1!7b1!20b1!5m2!1sPsrQZPb9H5adseMPzOi5IA!7e81,0.3202389619388502,0.01
1,"POLYGON ((77.62847982126846 13.000488913937247, 77.62845274081032 13.000884406208387, 77.62846532124016 13.00128059710334, 77.62851744166285 13.001673671478363, 77.62860860046327 13.002059844164252, 77.62873792012415 13.002435396406193, 77.62890415566206 13.002796711665717, 77.6291057066006 13.003140310441099, 77.62934063236598 13.003462883770402, 77.62960667095768 13.00376132509578, 77.62990126071509 13.004032760180955, 77.63022156497074 13.004274574795229, 77.63056449935387 13.004484439895933, 77.63092676148196 13.004660334067658, 77.63130486275415 13.004800563000924, 77.63169516194148 13.004903775822836, 77.63209390025041 13.004968978122182, 77.63249723752183 13.004995541541476, 77.6329012892176 13.00498320984528, 77.63330216383761 13.00493210140335, 77.63369600040711 13.004842708066029, 77.6340790056727 13.004715890441028, 77.63444749064874 13.004552869616324, 77.63479790616077 13.004355215410056, 77.63512687704399 13.004124831258055, 77.63543123466597 13.003863935886244, 77.63570804746013 13.003575041942613, 77.63595464917505 13.003260931796445, 77.63616866456718 13.002924630735738, 77.63634803228835 13.002569377823432, 77.63649102474801 13.002198594691594, 77.63659626475761 13.001815852575943, 77.63666273879745 13.001424837907726, 77.63668980677734 13.001029316795417, 77.63667720819757 13.000633098738824, 77.63662506465066 13.000239999925522, 77.63653387864049 12.999853806463776, 77.63640452872997 12.999478237906937, 77.63623826106495 12.999116911420284, 77.63603667735649 12.998773306937167, 77.63580171943771 12.998450733638737, 77.63553565054475 12.998152298081695, 77.63524103350275 12.997880874280666, 77.63492070602766 12.997639076032653, 77.63457775338249 12.997429231751429, 77.63421547865167 12.997253362052346, 77.6338373709203 12.997113160304362, 77.63344707166557 12.997009976335615, 77.63304833968368 12.996944803448622, 77.63264501489051 12.996918268870452, 77.6322409813447 12.996930627728291, 77.63184012984885 12.996981760608543, 77.63144632048913 12.997071174721608, 77.6310633454732 12.997198008661597, 77.63069489262426 12.997361040713391, 77.63034450988215 12.997558700627431, 77.63001557115231 12.997789084748538, 77.62971124383157 12.998049974352035, 77.62943445832205 12.998338857011476, 77.62918787982657 12.998652950791408, 77.62897388269647 12.998989231032565, 77.62879452757802 12.999344459472313, 77.62865154157755 12.999715215418878, 77.62854630163532 13.00009792868134, 77.62847982126846 13.000488913937247))",248,ChIJUXukmsoXrjsRPScTaff_m3o,McDonald's,13.001410484313965,77.63249969482422,0x3bae17ca9aa47b51:0x7a9bfff76913273d,mcdelivery,Mcdonald'S,426,3.900000095367432,https://www.google.com/maps/place/?q=place_id:ChIJUXukmsoXrjsRPScTaff_m3o,gmaps_v2,restaurant,food,N_A,1699615207,1577367473.0,446.0,https://www.google.com/maps/preview/review/listentitiesreviews?authuser=0&hl=en&gl=in&pb=!1m2!1y4300400853130705745!2y8834936532102227773!2m2!2i10!3sCAESB0VnTUl1QU0=!3e2!4m5!3b1!4b1!6b1!7b1!20b1!5m2!1sPsrQZPb9H5adseMPzOi5IA!7e81,0.3010804273885354,0.05
1,"POLYGON ((77.62847982126846 13.000488913937247, 77.62845274081032 13.000884406208387, 77.62846532124016 13.00128059710334, 77.62851744166285 13.001673671478363, 77.62860860046327 13.002059844164252, 77.62873792012415 13.002435396406193, 77.62890415566206 13.002796711665717, 77.6291057066006 13.003140310441099, 77.62934063236598 13.003462883770402, 77.62960667095768 13.00376132509578, 77.62990126071509 13.004032760180955, 77.63022156497074 13.004274574795229, 77.63056449935387 13.004484439895933, 77.63092676148196 13.004660334067658, 77.63130486275415 13.004800563000924, 77.63169516194148 13.004903775822836, 77.63209390025041 13.004968978122182, 77.63249723752183 13.004995541541476, 77.6329012892176 13.00498320984528, 77.63330216383761 13.00493210140335, 77.63369600040711 13.004842708066029, 77.6340790056727 13.004715890441028, 77.63444749064874 13.004552869616324, 77.63479790616077 13.004355215410056, 77.63512687704399 13.004124831258055, 77.63543123466597 13.003863935886244, 77.63570804746013 13.003575041942613, 77.63595464917505 13.003260931796445, 77.63616866456718 13.002924630735738, 77.63634803228835 13.002569377823432, 77.63649102474801 13.002198594691594, 77.63659626475761 13.001815852575943, 77.63666273879745 13.001424837907726, 77.63668980677734 13.001029316795417, 77.63667720819757 13.000633098738824, 77.63662506465066 13.000239999925522, 77.63653387864049 12.999853806463776, 77.63640452872997 12.999478237906937, 77.63623826106495 12.999116911420284, 77.63603667735649 12.998773306937167, 77.63580171943771 12.998450733638737, 77.63553565054475 12.998152298081695, 77.63524103350275 12.997880874280666, 77.63492070602766 12.997639076032653, 77.63457775338249 12.997429231751429, 77.63421547865167 12.997253362052346, 77.6338373709203 12.997113160304362, 77.63344707166557 12.997009976335615, 77.63304833968368 12.996944803448622, 77.63264501489051 12.996918268870452, 77.6322409813447 12.996930627728291, 77.63184012984885 12.996981760608543, 77.63144632048913 12.997071174721608, 77.6310633454732 12.997198008661597, 77.63069489262426 12.997361040713391, 77.63034450988215 12.997558700627431, 77.63001557115231 12.997789084748538, 77.62971124383157 12.998049974352035, 77.62943445832205 12.998338857011476, 77.62918787982657 12.998652950791408, 77.62897388269647 12.998989231032565, 77.62879452757802 12.999344459472313, 77.62865154157755 12.999715215418878, 77.62854630163532 13.00009792868134, 77.62847982126846 13.000488913937247))",264,ChIJQ_BGx8IWrjsRU5swtQ0CCVg,Reliance Smart Point,13.00146770477295,77.63075256347656,0x3bae16c2c746f043:0x5809020db5309b53,ril,Reliance Retail,971,3.700000047683716,https://www.google.com/maps/place/?q=place_id:ChIJQ_BGx8IWrjsRU5swtQ0CCVg,gmaps_v2,supermarket,retail,N_A,1700469324,1376013769.0,978.0,https://www.google.com/maps/preview/review/listentitiesreviews?authuser=0&hl=en&gl=in&pb=!1m2!1y4300399720008183875!2y6343603808025746259!2m2!2i10!3sCAESB0VnTUl5Z2M=!3e2!4m5!3b1!4b1!6b1!7b1!20b1!5m2!1sPsrQZPb9H5adseMPzOi5IA!7e81,0.2585697754504465,0.21
1,"POLYGON ((77.62847982126846 13.000488913937247, 77.62845274081032 13.000884406208387, 77.62846532124016 13.00128059710334, 77.62851744166285 13.001673671478363, 77.62860860046327 13.002059844164252, 77.62873792012415 13.002435396406193, 77.62890415566206 13.002796711665717, 77.6291057066006 13.003140310441099, 77.62934063236598 13.003462883770402, 77.62960667095768 13.00376132509578, 77.62990126071509 13.004032760180955, 77.63022156497074 13.004274574795229, 77.63056449935387 13.004484439895933, 77.63092676148196 13.004660334067658, 77.63130486275415 13.004800563000924, 77.63169516194148 13.004903775822836, 77.63209390025041 13.004968978122182, 77.63249723752183 13.004995541541476, 77.6329012892176 13.00498320984528, 77.63330216383761 13.00493210140335, 77.63369600040711 13.004842708066029, 77.6340790056727 13.004715890441028, 77.63444749064874 13.004552869616324, 77.63479790616077 13.004355215410056, 77.63512687704399 13.004124831258055, 77.63543123466597 13.003863935886244, 77.63570804746013 13.003575041942613, 77.63595464917505 13.003260931796445, 77.63616866456718 13.002924630735738, 77.63634803228835 13.002569377823432, 77.63649102474801 13.002198594691594, 77.63659626475761 13.001815852575943, 77.63666273879745 13.001424837907726, 77.63668980677734 13.001029316795417, 77.63667720819757 13.000633098738824, 77.63662506465066 13.000239999925522, 77.63653387864049 12.999853806463776, 77.63640452872997 12.999478237906937, 77.63623826106495 12.999116911420284, 77.63603667735649 12.998773306937167, 77.63580171943771 12.998450733638737, 77.63553565054475 12.998152298081695, 77.63524103350275 12.997880874280666, 77.63492070602766 12.997639076032653, 77.63457775338249 12.997429231751429, 77.63421547865167 12.997253362052346, 77.6338373709203 12.997113160304362, 77.63344707166557 12.997009976335615, 77.63304833968368 12.996944803448622, 77.63264501489051 12.996918268870452, 77.6322409813447 12.996930627728291, 77.63184012984885 12.996981760608543, 77.63144632048913 12.997071174721608, 77.6310633454732 12.997198008661597, 77.63069489262426 12.997361040713391, 77.63034450988215 12.997558700627431, 77.63001557115231 12.997789084748538, 77.62971124383157 12.998049974352035, 77.62943445832205 12.998338857011476, 77.62918787982657 12.998652950791408, 77.62897388269647 12.998989231032565, 77.62879452757802 12.999344459472313, 77.62865154157755 12.999715215418878, 77.62854630163532 13.00009792868134, 77.62847982126846 13.000488913937247))",278,ChIJBSG74UkXrjsR4CYeAhsNOX4,GOPIZZA Orion Avenue,13.000901222229004,77.63264465332031,0x3bae1749e1bb2105:0x7e390d1b021e26e0,gopizza,Gopizza,149,4.800000190734863,https://www.google.com/maps/place/?q=place_id:ChIJBSG74UkXrjsR4CYeAhsNOX4,gmaps_v2,restaurant,food,N_A,1699615207,1644058759.0,152.0,https://www.google.com/maps/preview/review/listentitiesreviews?authuser=0&hl=en&gl=in&pb=!1m2!1y4300400300272591109!2y9095315332102235872!2m2!2i10!3sCAESB0VnTUlsZ0U=!3e2!4m5!3b1!4b1!6b1!7b1!20b1!5m2!1sPsrQZPb9H5adseMPzOi5IA!7e81,0.2317210776326089,0.01
1,"POLYGON ((77.62847982126846 13.000488913937247, 77.62845274081032 13.000884406208387, 77.62846532124016 13.00128059710334, 77.62851744166285 13.001673671478363, 77.62860860046327 13.002059844164252, 77.62873792012415 13.002435396406193, 77.62890415566206 13.002796711665717, 77.6291057066006 13.003140310441099, 77.62934063236598 13.003462883770402, 77.62960667095768 13.00376132509578, 77.62990126071509 13.004032760180955, 77.63022156497074 13.004274574795229, 77.63056449935387 13.004484439895933, 77.63092676148196 13.004660334067658, 77.63130486275415 13.004800563000924, 77.63169516194148 13.004903775822836, 77.63209390025041 13.004968978122182, 77.63249723752183 13.004995541541476, 77.6329012892176 13.00498320984528, 77.63330216383761 13.00493210140335, 77.63369600040711 13.004842708066029, 77.6340790056727 13.004715890441028, 77.63444749064874 13.004552869616324, 77.63479790616077 13.004355215410056, 77.63512687704399 13.004124831258055, 77.63543123466597 13.003863935886244, 77.63570804746013 13.003575041942613, 77.63595464917505 13.003260931796445, 77.63616866456718 13.002924630735738, 77.63634803228835 13.002569377823432, 77.63649102474801 13.002198594691594, 77.63659626475761 13.001815852575943, 77.63666273879745 13.001424837907726, 77.63668980677734 13.001029316795417, 77.63667720819757 13.000633098738824, 77.63662506465066 13.000239999925522, 77.63653387864049 12.999853806463776, 77.63640452872997 12.999478237906937, 77.63623826106495 12.999116911420284, 77.63603667735649 12.998773306937167, 77.63580171943771 12.998450733638737, 77.63553565054475 12.998152298081695, 77.63524103350275 12.997880874280666, 77.63492070602766 12.997639076032653, 77.63457775338249 12.997429231751429, 77.63421547865167 12.997253362052346, 77.6338373709203 12.997113160304362, 77.63344707166557 12.997009976335615, 77.63304833968368 12.996944803448622, 77.63264501489051 12.996918268870452, 77.6322409813447 12.996930627728291, 77.63184012984885 12.996981760608543, 77.63144632048913 12.997071174721608, 77.6310633454732 12.997198008661597, 77.63069489262426 12.997361040713391, 77.63034450988215 12.997558700627431, 77.63001557115231 12.997789084748538, 77.62971124383157 12.998049974352035, 77.62943445832205 12.998338857011476, 77.62918787982657 12.998652950791408, 77.62897388269647 12.998989231032565, 77.62879452757802 12.999344459472313, 77.62865154157755 12.999715215418878, 77.62854630163532 13.00009792868134, 77.62847982126846 13.000488913937247))",342,ChIJ90sr6cIWrjsRk3MyTMj4le4,"Skechers - Orion Avenue Mall, Banaswadi, Bengaluru",13.001168251037598,77.63265228271484,0x3bae16c2e92b4bf7:0xee95f8c84c327393,skechers,Skechers India,300,4.199999809265137,https://www.google.com/maps/place/?q=place_id:ChIJ90sr6cIWrjsRk3MyTMj4le4,gmaps_v2,shoe_store,retail,N_A,1687847039,1484624606.0,294.0,https://www.google.com/maps/preview/review/listentitiesreviews?authuser=0&hl=en&gl=in&pb=!1m2!1y4300399720576797687!2y17191920691712258963!2m2!2i10!3sCAESB0VnTUlvZ0k=!3e2!4m5!3b1!4b1!6b1!7b1!20b1!5m2!1sPsrQZPb9H5adseMPzOi5IA!7e81,0.1275449743286953,0.02
1,"POLYGON ((77.62847982126846 13.000488913937247, 77.62845274081032 13.000884406208387, 77.62846532124016 13.00128059710334, 77.62851744166285 13.001673671478363, 77.62860860046327 13.002059844164252, 77.62873792012415 13.002435396406193, 77.62890415566206 13.002796711665717, 77.6291057066006 13.003140310441099, 77.62934063236598 13.003462883770402, 77.62960667095768 13.00376132509578, 77.62990126071509 13.004032760180955, 77.63022156497074 13.004274574795229, 77.63056449935387 13.004484439895933, 77.63092676148196 13.004660334067658, 77.63130486275415 13.004800563000924, 77.63169516194148 13.004903775822836, 77.63209390025041 13.004968978122182, 77.63249723752183 13.004995541541476, 77.6329012892176 13.00498320984528, 77.63330216383761 13.00493210140335, 77.63369600040711 13.004842708066029, 77.6340790056727 13.004715890441028, 77.63444749064874 13.004552869616324, 77.63479790616077 13.004355215410056, 77.63512687704399 13.004124831258055, 77.63543123466597 13.003863935886244, 77.63570804746013 13.003575041942613, 77.63595464917505 13.003260931796445, 77.63616866456718 13.002924630735738, 77.63634803228835 13.002569377823432, 77.63649102474801 13.002198594691594, 77.63659626475761 13.001815852575943, 77.63666273879745 13.001424837907726, 77.63668980677734 13.001029316795417, 77.63667720819757 13.000633098738824, 77.63662506465066 13.000239999925522, 77.63653387864049 12.999853806463776, 77.63640452872997 12.999478237906937, 77.63623826106495 12.999116911420284, 77.63603667735649 12.998773306937167, 77.63580171943771 12.998450733638737, 77.63553565054475 12.998152298081695, 77.63524103350275 12.997880874280666, 77.63492070602766 12.997639076032653, 77.63457775338249 12.997429231751429, 77.63421547865167 12.997253362052346, 77.6338373709203 12.997113160304362, 77.63344707166557 12.997009976335615, 77.63304833968368 12.996944803448622, 77.63264501489051 12.996918268870452, 77.6322409813447 12.996930627728291, 77.63184012984885 12.996981760608543, 77.63144632048913 12.997071174721608, 77.6310633454732 12.997198008661597, 77.63069489262426 12.997361040713391, 77.63034450988215 12.997558700627431, 77.63001557115231 12.997789084748538, 77.62971124383157 12.998049974352035, 77.62943445832205 12.998338857011476, 77.62918787982657 12.998652950791408, 77.62897388269647 12.998989231032565, 77.62879452757802 12.999344459472313, 77.62865154157755 12.999715215418878, 77.62854630163532 13.00009792868134, 77.62847982126846 13.000488913937247))",354,ChIJ6bYBtOcXrjsRtXfBaI18Yv8,Attica Gold Company - Gold Buyers In Maruthi Seva Nagar Bangalore,13.00230884552002,77.63458251953125,0x3bae17e7b401b6e9:0xff627c8d68c177b5,atticagoldcompany,Attica Gold Company,146,4.900000095367432,https://www.google.com/maps/place/?q=place_id:ChIJ6bYBtOcXrjsRtXfBaI18Yv8,gmaps_v2,jewelry_store,retail,N_A,1687847039,1578397472.0,150.0,https://www.google.com/maps/preview/review/listentitiesreviews?authuser=0&hl=en&gl=in&pb=!1m2!1y4300400978110297833!2y18402407974179010485!2m2!2i10!3sCAESB0VnTUlqQUU=!3e2!4m5!3b1!4b1!6b1!7b1!20b1!5m2!1sPsrQZPb9H5adseMPzOi5IA!7e81,0.1152530827280477,0.26
1,"POLYGON ((77.62847982126846 13.000488913937247, 77.62845274081032 13.000884406208387, 77.62846532124016 13.00128059710334, 77.62851744166285 13.001673671478363, 77.62860860046327 13.002059844164252, 77.62873792012415 13.002435396406193, 77.62890415566206 13.002796711665717, 77.6291057066006 13.003140310441099, 77.62934063236598 13.003462883770402, 77.62960667095768 13.00376132509578, 77.62990126071509 13.004032760180955, 77.63022156497074 13.004274574795229, 77.63056449935387 13.004484439895933, 77.63092676148196 13.004660334067658, 77.63130486275415 13.004800563000924, 77.63169516194148 13.004903775822836, 77.63209390025041 13.004968978122182, 77.63249723752183 13.004995541541476, 77.6329012892176 13.00498320984528, 77.63330216383761 13.00493210140335, 77.63369600040711 13.004842708066029, 77.6340790056727 13.004715890441028, 77.63444749064874 13.004552869616324, 77.63479790616077 13.004355215410056, 77.63512687704399 13.004124831258055, 77.63543123466597 13.003863935886244, 77.63570804746013 13.003575041942613, 77.63595464917505 13.003260931796445, 77.63616866456718 13.002924630735738, 77.63634803228835 13.002569377823432, 77.63649102474801 13.002198594691594, 77.63659626475761 13.001815852575943, 77.63666273879745 13.001424837907726, 77.63668980677734 13.001029316795417, 77.63667720819757 13.000633098738824, 77.63662506465066 13.000239999925522, 77.63653387864049 12.999853806463776, 77.63640452872997 12.999478237906937, 77.63623826106495 12.999116911420284, 77.63603667735649 12.998773306937167, 77.63580171943771 12.998450733638737, 77.63553565054475 12.998152298081695, 77.63524103350275 12.997880874280666, 77.63492070602766 12.997639076032653, 77.63457775338249 12.997429231751429, 77.63421547865167 12.997253362052346, 77.6338373709203 12.997113160304362, 77.63344707166557 12.997009976335615, 77.63304833968368 12.996944803448622, 77.63264501489051 12.996918268870452, 77.6322409813447 12.996930627728291, 77.63184012984885 12.996981760608543, 77.63144632048913 12.997071174721608, 77.6310633454732 12.997198008661597, 77.63069489262426 12.997361040713391, 77.63034450988215 12.997558700627431, 77.63001557115231 12.997789084748538, 77.62971124383157 12.998049974352035, 77.62943445832205 12.998338857011476, 77.62918787982657 12.998652950791408, 77.62897388269647 12.998989231032565, 77.62879452757802 12.999344459472313, 77.62865154157755 12.999715215418878, 77.62854630163532 13.00009792868134, 77.62847982126846 13.000488913937247))",377,ChIJ6x60NfkXrjsRTYrlstfGUX0,"Authorized Dealer-KRK Motors Ampere, Banaswadi",13.002951622009276,77.63487243652344,0x3bae17f935b41eeb:0x7d51c6d7b2e58a4d,greaveselectricmobility,Greaveselectricmobility,117,4.5,https://www.google.com/maps/place/?q=place_id:ChIJ6x60NfkXrjsRTYrlstfGUX0,gmaps_v2,electronic_store,retail,N_A,1695212099,1594564599.0,119.0,https://www.google.com/maps/preview/review/listentitiesreviews?authuser=0&hl=en&gl=in&pb=!1m2!1y4300401053300694763!2y9030217357576211021!2m2!2i10!3sCAESBkVnSUliZw==!3e2!4m5!3b1!4b1!6b1!7b1!20b1!5m2!1sPsrQZPb9H5adseMPzOi5IA!7e81,0.1004376661119252,0.33
1,"POLYGON ((77.62847982126846 13.000488913937247, 77.62845274081032 13.000884406208387, 77.62846532124016 13.00128059710334, 77.62851744166285 13.001673671478363, 77.62860860046327 13.002059844164252, 77.62873792012415 13.002435396406193, 77.62890415566206 13.002796711665717, 77.6291057066006 13.003140310441099, 77.62934063236598 13.003462883770402, 77.62960667095768 13.00376132509578, 77.62990126071509 13.004032760180955, 77.63022156497074 13.004274574795229, 77.63056449935387 13.004484439895933, 77.63092676148196 13.004660334067658, 77.63130486275415 13.004800563000924, 77.63169516194148 13.004903775822836, 77.63209390025041 13.004968978122182, 77.63249723752183 13.004995541541476, 77.6329012892176 13.00498320984528, 77.63330216383761 13.00493210140335, 77.63369600040711 13.004842708066029, 77.6340790056727 13.004715890441028, 77.63444749064874 13.004552869616324, 77.63479790616077 13.004355215410056, 77.63512687704399 13.004124831258055, 77.63543123466597 13.003863935886244, 77.63570804746013 13.003575041942613, 77.63595464917505 13.003260931796445, 77.63616866456718 13.002924630735738, 77.63634803228835 13.002569377823432, 77.63649102474801 13.002198594691594, 77.63659626475761 13.001815852575943, 77.63666273879745 13.001424837907726, 77.63668980677734 13.001029316795417, 77.63667720819757 13.000633098738824, 77.63662506465066 13.000239999925522, 77.63653387864049 12.999853806463776, 77.63640452872997 12.999478237906937, 77.63623826106495 12.999116911420284, 77.63603667735649 12.998773306937167, 77.63580171943771 12.998450733638737, 77.63553565054475 12.998152298081695, 77.63524103350275 12.997880874280666, 77.63492070602766 12.997639076032653, 77.63457775338249 12.997429231751429, 77.63421547865167 12.997253362052346, 77.6338373709203 12.997113160304362, 77.63344707166557 12.997009976335615, 77.63304833968368 12.996944803448622, 77.63264501489051 12.996918268870452, 77.6322409813447 12.996930627728291, 77.63184012984885 12.996981760608543, 77.63144632048913 12.997071174721608, 77.6310633454732 12.997198008661597, 77.63069489262426 12.997361040713391, 77.63034450988215 12.997558700627431, 77.63001557115231 12.997789084748538, 77.62971124383157 12.998049974352035, 77.62943445832205 12.998338857011476, 77.62918787982657 12.998652950791408, 77.62897388269647 12.998989231032565, 77.62879452757802 12.999344459472313, 77.62865154157755 12.999715215418878, 77.62854630163532 13.00009792868134, 77.62847982126846 13.000488913937247))",425,ChIJf2Bdk6kXrjsRi6X06XSzfRE,Marks and Spencer Reliance India Private Limited,13.001334190368652,77.63263702392578,0x3bae17a9935d607f:0x117db374e9f4a58b,marksandspencer,Marks & Spencer India,161,4.099999904632568,https://www.google.com/maps/place/?q=place_id:ChIJf2Bdk6kXrjsRi6X06XSzfRE,gmaps_v2,supermarket,retail,N_A,1687847039,1505313702.0,160.0,https://www.google.com/maps/preview/review/listentitiesreviews?authuser=0&hl=en&gl=in&pb=!1m2!1y4300400711274684543!2y1260360785456309643!2m2!2i10!3sCAESB0VnTUlsZ0U=!3e2!4m5!3b1!4b1!6b1!7b1!20b1!5m2!1sPsrQZPb9H5adseMPzOi5IA!7e81,0.0762074491631082,0.04
1,"POLYGON ((77.62847982126846 13.000488913937247, 77.62845274081032 13.000884406208387, 77.62846532124016 13.00128059710334, 77.62851744166285 13.001673671478363, 77.62860860046327 13.002059844164252, 77.62873792012415 13.002435396406193, 77.62890415566206 13.002796711665717, 77.6291057066006 13.003140310441099, 77.62934063236598 13.003462883770402, 77.62960667095768 13.00376132509578, 77.62990126071509 13.004032760180955, 77.63022156497074 13.004274574795229, 77.63056449935387 13.004484439895933, 77.63092676148196 13.004660334067658, 77.63130486275415 13.004800563000924, 77.63169516194148 13.004903775822836, 77.63209390025041 13.004968978122182, 77.63249723752183 13.004995541541476, 77.6329012892176 13.00498320984528, 77.63330216383761 13.00493210140335, 77.63369600040711 13.004842708066029, 77.6340790056727 13.004715890441028, 77.63444749064874 13.004552869616324, 77.63479790616077 13.004355215410056, 77.63512687704399 13.004124831258055, 77.63543123466597 13.003863935886244, 77.63570804746013 13.003575041942613, 77.63595464917505 13.003260931796445, 77.63616866456718 13.002924630735738, 77.63634803228835 13.002569377823432, 77.63649102474801 13.002198594691594, 77.63659626475761 13.001815852575943, 77.63666273879745 13.001424837907726, 77.63668980677734 13.001029316795417, 77.63667720819757 13.000633098738824, 77.63662506465066 13.000239999925522, 77.63653387864049 12.999853806463776, 77.63640452872997 12.999478237906937, 77.63623826106495 12.999116911420284, 77.63603667735649 12.998773306937167, 77.63580171943771 12.998450733638737, 77.63553565054475 12.998152298081695, 77.63524103350275 12.997880874280666, 77.63492070602766 12.997639076032653, 77.63457775338249 12.997429231751429, 77.63421547865167 12.997253362052346, 77.6338373709203 12.997113160304362, 77.63344707166557 12.997009976335615, 77.63304833968368 12.996944803448622, 77.63264501489051 12.996918268870452, 77.6322409813447 12.996930627728291, 77.63184012984885 12.996981760608543, 77.63144632048913 12.997071174721608, 77.6310633454732 12.997198008661597, 77.63069489262426 12.997361040713391, 77.63034450988215 12.997558700627431, 77.63001557115231 12.997789084748538, 77.62971124383157 12.998049974352035, 77.62943445832205 12.998338857011476, 77.62918787982657 12.998652950791408, 77.62897388269647 12.998989231032565, 77.62879452757802 12.999344459472313, 77.62865154157755 12.999715215418878, 77.62854630163532 13.00009792868134, 77.62847982126846 13.000488913937247))",448,ChIJOWvsZtoXrjsRFroXvuxgYbc,Meat and Eat,13.002333641052246,77.63365173339844,0x3bae17da66ec6b39:0xb76160ecbe17ba16,meatandeat,Meat And Eat,110,3.5999999046325684,https://www.google.com/maps/place/?q=place_id:ChIJOWvsZtoXrjsRFroXvuxgYbc,gmaps_v2,restaurant,food,N_A,1699615207,1548309091.0,112.0,https://www.google.com/maps/preview/review/listentitiesreviews?authuser=0&hl=en&gl=in&pb=!1m2!1y4300400920982481721!2y13213949351599520278!2m2!2i10!3sCAESBkVnSUliZw==!3e2!4m5!3b1!4b1!6b1!7b1!20b1!5m2!1sPsrQZPb9H5adseMPzOi5IA!7e81,0.0628130590570443,0.19
1,"POLYGON ((77.62847982126846 13.000488913937247, 77.62845274081032 13.000884406208387, 77.62846532124016 13.00128059710334, 77.62851744166285 13.001673671478363, 77.62860860046327 13.002059844164252, 77.62873792012415 13.002435396406193, 77.62890415566206 13.002796711665717, 77.6291057066006 13.003140310441099, 77.62934063236598 13.003462883770402, 77.62960667095768 13.00376132509578, 77.62990126071509 13.004032760180955, 77.63022156497074 13.004274574795229, 77.63056449935387 13.004484439895933, 77.63092676148196 13.004660334067658, 77.63130486275415 13.004800563000924, 77.63169516194148 13.004903775822836, 77.63209390025041 13.004968978122182, 77.63249723752183 13.004995541541476, 77.6329012892176 13.00498320984528, 77.63330216383761 13.00493210140335, 77.63369600040711 13.004842708066029, 77.6340790056727 13.004715890441028, 77.63444749064874 13.004552869616324, 77.63479790616077 13.004355215410056, 77.63512687704399 13.004124831258055, 77.63543123466597 13.003863935886244, 77.63570804746013 13.003575041942613, 77.63595464917505 13.003260931796445, 77.63616866456718 13.002924630735738, 77.63634803228835 13.002569377823432, 77.63649102474801 13.002198594691594, 77.63659626475761 13.001815852575943, 77.63666273879745 13.001424837907726, 77.63668980677734 13.001029316795417, 77.63667720819757 13.000633098738824, 77.63662506465066 13.000239999925522, 77.63653387864049 12.999853806463776, 77.63640452872997 12.999478237906937, 77.63623826106495 12.999116911420284, 77.63603667735649 12.998773306937167, 77.63580171943771 12.998450733638737, 77.63553565054475 12.998152298081695, 77.63524103350275 12.997880874280666, 77.63492070602766 12.997639076032653, 77.63457775338249 12.997429231751429, 77.63421547865167 12.997253362052346, 77.6338373709203 12.997113160304362, 77.63344707166557 12.997009976335615, 77.63304833968368 12.996944803448622, 77.63264501489051 12.996918268870452, 77.6322409813447 12.996930627728291, 77.63184012984885 12.996981760608543, 77.63144632048913 12.997071174721608, 77.6310633454732 12.997198008661597, 77.63069489262426 12.997361040713391, 77.63034450988215 12.997558700627431, 77.63001557115231 12.997789084748538, 77.62971124383157 12.998049974352035, 77.62943445832205 12.998338857011476, 77.62918787982657 12.998652950791408, 77.62897388269647 12.998989231032565, 77.62879452757802 12.999344459472313, 77.62865154157755 12.999715215418878, 77.62854630163532 13.00009792868134, 77.62847982126846 13.000488913937247))",473,ChIJIUTB7sIWrjsR_YsAtMpBGCs,The Body Shop,13.001006126403809,77.63264465332031,0x3bae16c2eec14421:0x2b1841cab4008bfd,thebodyshop,The Body Shop,115,4.099999904632568,https://www.google.com/maps/place/?q=place_id:ChIJIUTB7sIWrjsR_YsAtMpBGCs,gmaps_v2,cosmetic,retail,beauty_product,1687847039,1501399802.0,115.0,https://www.google.com/maps/preview/review/listentitiesreviews?authuser=0&hl=en&gl=in&pb=!1m2!1y4300399720670512161!2y3105304281931090941!2m2!2i10!3sCAESBkVnSUliZw==!3e2!4m5!3b1!4b1!6b1!7b1!20b1!5m2!1sPsrQZPb9H5adseMPzOi5IA!7e81,0.0532912161095742,0.01
1,"POLYGON ((77.62847982126846 13.000488913937247, 77.62845274081032 13.000884406208387, 77.62846532124016 13.00128059710334, 77.62851744166285 13.001673671478363, 77.62860860046327 13.002059844164252, 77.62873792012415 13.002435396406193, 77.62890415566206 13.002796711665717, 77.6291057066006 13.003140310441099, 77.62934063236598 13.003462883770402, 77.62960667095768 13.00376132509578, 77.62990126071509 13.004032760180955, 77.63022156497074 13.004274574795229, 77.63056449935387 13.004484439895933, 77.63092676148196 13.004660334067658, 77.63130486275415 13.004800563000924, 77.63169516194148 13.004903775822836, 77.63209390025041 13.004968978122182, 77.63249723752183 13.004995541541476, 77.6329012892176 13.00498320984528, 77.63330216383761 13.00493210140335, 77.63369600040711 13.004842708066029, 77.6340790056727 13.004715890441028, 77.63444749064874 13.004552869616324, 77.63479790616077 13.004355215410056, 77.63512687704399 13.004124831258055, 77.63543123466597 13.003863935886244, 77.63570804746013 13.003575041942613, 77.63595464917505 13.003260931796445, 77.63616866456718 13.002924630735738, 77.63634803228835 13.002569377823432, 77.63649102474801 13.002198594691594, 77.63659626475761 13.001815852575943, 77.63666273879745 13.001424837907726, 77.63668980677734 13.001029316795417, 77.63667720819757 13.000633098738824, 77.63662506465066 13.000239999925522, 77.63653387864049 12.999853806463776, 77.63640452872997 12.999478237906937, 77.63623826106495 12.999116911420284, 77.63603667735649 12.998773306937167, 77.63580171943771 12.998450733638737, 77.63553565054475 12.998152298081695, 77.63524103350275 12.997880874280666, 77.63492070602766 12.997639076032653, 77.63457775338249 12.997429231751429, 77.63421547865167 12.997253362052346, 77.6338373709203 12.997113160304362, 77.63344707166557 12.997009976335615, 77.63304833968368 12.996944803448622, 77.63264501489051 12.996918268870452, 77.6322409813447 12.996930627728291, 77.63184012984885 12.996981760608543, 77.63144632048913 12.997071174721608, 77.6310633454732 12.997198008661597, 77.63069489262426 12.997361040713391, 77.63034450988215 12.997558700627431, 77.63001557115231 12.997789084748538, 77.62971124383157 12.998049974352035, 77.62943445832205 12.998338857011476, 77.62918787982657 12.998652950791408, 77.62897388269647 12.998989231032565, 77.62879452757802 12.999344459472313, 77.62865154157755 12.999715215418878, 77.62854630163532 13.00009792868134, 77.62847982126846 13.000488913937247))",493,ChIJJ3Dg6cIWrjsRZ-iEo1i-m5s,Wow! Momo,13.001587867736816,77.63276672363281,0x3bae16c2e9e07027:0x9b9bbe58a384e867,wowmomo,Wow! Momo,95,3.5999999046325684,https://www.google.com/maps/place/?q=place_id:ChIJJ3Dg6cIWrjsRZ-iEo1i-m5s,gmaps_v2,restaurant,food,N_A,1699615207,1485164475.0,95.0,https://www.google.com/maps/preview/review/listentitiesreviews?authuser=0&hl=en&gl=in&pb=!1m2!1y4300399720588668967!2y11212764985178777703!2m2!2i10!3sCAESBkVnSUlXZw==!3e2!4m5!3b1!4b1!6b1!7b1!20b1!5m2!1sPsrQZPb9H5adseMPzOi5IA!7e81,0.038274525451375,0.07
1,"POLYGON ((77.62847982126846 13.000488913937247, 77.62845274081032 13.000884406208387, 77.62846532124016 13.00128059710334, 77.62851744166285 13.001673671478363, 77.62860860046327 13.002059844164252, 77.62873792012415 13.002435396406193, 77.62890415566206 13.002796711665717, 77.6291057066006 13.003140310441099, 77.62934063236598 13.003462883770402, 77.62960667095768 13.00376132509578, 77.62990126071509 13.004032760180955, 77.63022156497074 13.004274574795229, 77.63056449935387 13.004484439895933, 77.63092676148196 13.004660334067658, 77.63130486275415 13.004800563000924, 77.63169516194148 13.004903775822836, 77.63209390025041 13.004968978122182, 77.63249723752183 13.004995541541476, 77.6329012892176 13.00498320984528, 77.63330216383761 13.00493210140335, 77.63369600040711 13.004842708066029, 77.6340790056727 13.004715890441028, 77.63444749064874 13.004552869616324, 77.63479790616077 13.004355215410056, 77.63512687704399 13.004124831258055, 77.63543123466597 13.003863935886244, 77.63570804746013 13.003575041942613, 77.63595464917505 13.003260931796445, 77.63616866456718 13.002924630735738, 77.63634803228835 13.002569377823432, 77.63649102474801 13.002198594691594, 77.63659626475761 13.001815852575943, 77.63666273879745 13.001424837907726, 77.63668980677734 13.001029316795417, 77.63667720819757 13.000633098738824, 77.63662506465066 13.000239999925522, 77.63653387864049 12.999853806463776, 77.63640452872997 12.999478237906937, 77.63623826106495 12.999116911420284, 77.63603667735649 12.998773306937167, 77.63580171943771 12.998450733638737, 77.63553565054475 12.998152298081695, 77.63524103350275 12.997880874280666, 77.63492070602766 12.997639076032653, 77.63457775338249 12.997429231751429, 77.63421547865167 12.997253362052346, 77.6338373709203 12.997113160304362, 77.63344707166557 12.997009976335615, 77.63304833968368 12.996944803448622, 77.63264501489051 12.996918268870452, 77.6322409813447 12.996930627728291, 77.63184012984885 12.996981760608543, 77.63144632048913 12.997071174721608, 77.6310633454732 12.997198008661597, 77.63069489262426 12.997361040713391, 77.63034450988215 12.997558700627431, 77.63001557115231 12.997789084748538, 77.62971124383157 12.998049974352035, 77.62943445832205 12.998338857011476, 77.62918787982657 12.998652950791408, 77.62897388269647 12.998989231032565, 77.62879452757802 12.999344459472313, 77.62865154157755 12.999715215418878, 77.62854630163532 13.00009792868134, 77.62847982126846 13.000488913937247))",515,ChIJH9GGws8XrjsRBFmvKT7StCU,Bata,13.001143455505373,77.6325912475586,0x3bae17cfc286d11f:0x25b4d23e29af5904,bata,Bata,27,4.300000190734863,https://www.google.com/maps/place/?q=place_id:ChIJH9GGws8XrjsRBFmvKT7StCU,gmaps_v2,shoe_store,retail,N_A,1687847039,1600405658.0,27.0,https://www.google.com/maps/preview/review/listentitiesreviews?authuser=0&hl=en&gl=in&pb=!1m2!1y4300400875274686751!2y2717027639640414468!2m2!2i10!3sCAESBkVnSUlGQQ==!3e2!4m5!3b1!4b1!6b1!7b1!20b1!5m2!1sPsrQZPb9H5adseMPzOi5IA!7e81,0.0266784441567774,0.02
1,"POLYGON ((77.62847982126846 13.000488913937247, 77.62845274081032 13.000884406208387, 77.62846532124016 13.00128059710334, 77.62851744166285 13.001673671478363, 77.62860860046327 13.002059844164252, 77.62873792012415 13.002435396406193, 77.62890415566206 13.002796711665717, 77.6291057066006 13.003140310441099, 77.62934063236598 13.003462883770402, 77.62960667095768 13.00376132509578, 77.62990126071509 13.004032760180955, 77.63022156497074 13.004274574795229, 77.63056449935387 13.004484439895933, 77.63092676148196 13.004660334067658, 77.63130486275415 13.004800563000924, 77.63169516194148 13.004903775822836, 77.63209390025041 13.004968978122182, 77.63249723752183 13.004995541541476, 77.6329012892176 13.00498320984528, 77.63330216383761 13.00493210140335, 77.63369600040711 13.004842708066029, 77.6340790056727 13.004715890441028, 77.63444749064874 13.004552869616324, 77.63479790616077 13.004355215410056, 77.63512687704399 13.004124831258055, 77.63543123466597 13.003863935886244, 77.63570804746013 13.003575041942613, 77.63595464917505 13.003260931796445, 77.63616866456718 13.002924630735738, 77.63634803228835 13.002569377823432, 77.63649102474801 13.002198594691594, 77.63659626475761 13.001815852575943, 77.63666273879745 13.001424837907726, 77.63668980677734 13.001029316795417, 77.63667720819757 13.000633098738824, 77.63662506465066 13.000239999925522, 77.63653387864049 12.999853806463776, 77.63640452872997 12.999478237906937, 77.63623826106495 12.999116911420284, 77.63603667735649 12.998773306937167, 77.63580171943771 12.998450733638737, 77.63553565054475 12.998152298081695, 77.63524103350275 12.997880874280666, 77.63492070602766 12.997639076032653, 77.63457775338249 12.997429231751429, 77.63421547865167 12.997253362052346, 77.6338373709203 12.997113160304362, 77.63344707166557 12.997009976335615, 77.63304833968368 12.996944803448622, 77.63264501489051 12.996918268870452, 77.6322409813447 12.996930627728291, 77.63184012984885 12.996981760608543, 77.63144632048913 12.997071174721608, 77.6310633454732 12.997198008661597, 77.63069489262426 12.997361040713391, 77.63034450988215 12.997558700627431, 77.63001557115231 12.997789084748538, 77.62971124383157 12.998049974352035, 77.62943445832205 12.998338857011476, 77.62918787982657 12.998652950791408, 77.62897388269647 12.998989231032565, 77.62879452757802 12.999344459472313, 77.62865154157755 12.999715215418878, 77.62854630163532 13.00009792868134, 77.62847982126846 13.000488913937247))",574,ChIJfYoQ8dYWrjsRhWpCCAusj_Q,S K Telecom,13.00229835510254,77.63350677490234,0x3bae16d6f1108a7d:0xf48fac0b08426a85,lenovo,Lenovo,28,3.799999952316284,https://www.google.com/maps/place/?q=place_id:ChIJfYoQ8dYWrjsRhWpCCAusj_Q,gmaps_v2,electronic_store,retail,N_A,1695212099,1434458663.0,28.0,https://www.google.com/maps/preview/review/listentitiesreviews?authuser=0&hl=en&gl=in&pb=!1m2!1y4300399806608607869!2y17622493030307228293!2m2!2i10!3sCAESBkVnSUlGQQ==!3e2!4m5!3b1!4b1!6b1!7b1!20b1!5m2!1sPsrQZPb9H5adseMPzOi5IA!7e81,0.0092777300928836,0.18
1,"POLYGON ((77.62847982126846 13.000488913937247, 77.62845274081032 13.000884406208387, 77.62846532124016 13.00128059710334, 77.62851744166285 13.001673671478363, 77.62860860046327 13.002059844164252, 77.62873792012415 13.002435396406193, 77.62890415566206 13.002796711665717, 77.6291057066006 13.003140310441099, 77.62934063236598 13.003462883770402, 77.62960667095768 13.00376132509578, 77.62990126071509 13.004032760180955, 77.63022156497074 13.004274574795229, 77.63056449935387 13.004484439895933, 77.63092676148196 13.004660334067658, 77.63130486275415 13.004800563000924, 77.63169516194148 13.004903775822836, 77.63209390025041 13.004968978122182, 77.63249723752183 13.004995541541476, 77.6329012892176 13.00498320984528, 77.63330216383761 13.00493210140335, 77.63369600040711 13.004842708066029, 77.6340790056727 13.004715890441028, 77.63444749064874 13.004552869616324, 77.63479790616077 13.004355215410056, 77.63512687704399 13.004124831258055, 77.63543123466597 13.003863935886244, 77.63570804746013 13.003575041942613, 77.63595464917505 13.003260931796445, 77.63616866456718 13.002924630735738, 77.63634803228835 13.002569377823432, 77.63649102474801 13.002198594691594, 77.63659626475761 13.001815852575943, 77.63666273879745 13.001424837907726, 77.63668980677734 13.001029316795417, 77.63667720819757 13.000633098738824, 77.63662506465066 13.000239999925522, 77.63653387864049 12.999853806463776, 77.63640452872997 12.999478237906937, 77.63623826106495 12.999116911420284, 77.63603667735649 12.998773306937167, 77.63580171943771 12.998450733638737, 77.63553565054475 12.998152298081695, 77.63524103350275 12.997880874280666, 77.63492070602766 12.997639076032653, 77.63457775338249 12.997429231751429, 77.63421547865167 12.997253362052346, 77.6338373709203 12.997113160304362, 77.63344707166557 12.997009976335615, 77.63304833968368 12.996944803448622, 77.63264501489051 12.996918268870452, 77.6322409813447 12.996930627728291, 77.63184012984885 12.996981760608543, 77.63144632048913 12.997071174721608, 77.6310633454732 12.997198008661597, 77.63069489262426 12.997361040713391, 77.63034450988215 12.997558700627431, 77.63001557115231 12.997789084748538, 77.62971124383157 12.998049974352035, 77.62943445832205 12.998338857011476, 77.62918787982657 12.998652950791408, 77.62897388269647 12.998989231032565, 77.62879452757802 12.999344459472313, 77.62865154157755 12.999715215418878, 77.62854630163532 13.00009792868134, 77.62847982126846 13.000488913937247))",596,ChIJjZVmwsIWrjsRbz3jhyrzrf8,Subway,13.001293182373049,77.63262176513672,0x3bae16c2c266958d:0xffadf32a87e33d6f,subway,Subway,17,3.900000095367432,https://www.google.com/maps/place/?q=place_id:ChIJjZVmwsIWrjsRbz3jhyrzrf8,gmaps_v2,restaurant,food,N_A,1699615207,0.0,0.0,,0.0008641956096595,0.04
1,"POLYGON ((77.62847982126846 13.000488913937247, 77.62845274081032 13.000884406208387, 77.62846532124016 13.00128059710334, 77.62851744166285 13.001673671478363, 77.62860860046327 13.002059844164252, 77.62873792012415 13.002435396406193, 77.62890415566206 13.002796711665717, 77.6291057066006 13.003140310441099, 77.62934063236598 13.003462883770402, 77.62960667095768 13.00376132509578, 77.62990126071509 13.004032760180955, 77.63022156497074 13.004274574795229, 77.63056449935387 13.004484439895933, 77.63092676148196 13.004660334067658, 77.63130486275415 13.004800563000924, 77.63169516194148 13.004903775822836, 77.63209390025041 13.004968978122182, 77.63249723752183 13.004995541541476, 77.6329012892176 13.00498320984528, 77.63330216383761 13.00493210140335, 77.63369600040711 13.004842708066029, 77.6340790056727 13.004715890441028, 77.63444749064874 13.004552869616324, 77.63479790616077 13.004355215410056, 77.63512687704399 13.004124831258055, 77.63543123466597 13.003863935886244, 77.63570804746013 13.003575041942613, 77.63595464917505 13.003260931796445, 77.63616866456718 13.002924630735738, 77.63634803228835 13.002569377823432, 77.63649102474801 13.002198594691594, 77.63659626475761 13.001815852575943, 77.63666273879745 13.001424837907726, 77.63668980677734 13.001029316795417, 77.63667720819757 13.000633098738824, 77.63662506465066 13.000239999925522, 77.63653387864049 12.999853806463776, 77.63640452872997 12.999478237906937, 77.63623826106495 12.999116911420284, 77.63603667735649 12.998773306937167, 77.63580171943771 12.998450733638737, 77.63553565054475 12.998152298081695, 77.63524103350275 12.997880874280666, 77.63492070602766 12.997639076032653, 77.63457775338249 12.997429231751429, 77.63421547865167 12.997253362052346, 77.6338373709203 12.997113160304362, 77.63344707166557 12.997009976335615, 77.63304833968368 12.996944803448622, 77.63264501489051 12.996918268870452, 77.6322409813447 12.996930627728291, 77.63184012984885 12.996981760608543, 77.63144632048913 12.997071174721608, 77.6310633454732 12.997198008661597, 77.63069489262426 12.997361040713391, 77.63034450988215 12.997558700627431, 77.63001557115231 12.997789084748538, 77.62971124383157 12.998049974352035, 77.62943445832205 12.998338857011476, 77.62918787982657 12.998652950791408, 77.62897388269647 12.998989231032565, 77.62879452757802 12.999344459472313, 77.62865154157755 12.999715215418878, 77.62854630163532 13.00009792868134, 77.62847982126846 13.000488913937247))",601,ChIJ-4bwQugWrjsR1JQsQe1NsmM,IMAGINE - (Apple Authorised Reseller),13.001273155212402,77.63265991210938,0x3bae16e842f086fb:0x63b24ded412c94d4,indiaistore,Indiaistore,16,4.599999904632568,https://www.google.com/maps/place/?q=place_id:ChIJ-4bwQugWrjsR1JQsQe1NsmM,gmaps_v2,electronic_store,retail,N_A,1695212099,0.0,0.0,,0.0008154731793239,0.04
1,"POLYGON ((77.62847982126846 13.000488913937247, 77.62845274081032 13.000884406208387, 77.62846532124016 13.00128059710334, 77.62851744166285 13.001673671478363, 77.62860860046327 13.002059844164252, 77.62873792012415 13.002435396406193, 77.62890415566206 13.002796711665717, 77.6291057066006 13.003140310441099, 77.62934063236598 13.003462883770402, 77.62960667095768 13.00376132509578, 77.62990126071509 13.004032760180955, 77.63022156497074 13.004274574795229, 77.63056449935387 13.004484439895933, 77.63092676148196 13.004660334067658, 77.63130486275415 13.004800563000924, 77.63169516194148 13.004903775822836, 77.63209390025041 13.004968978122182, 77.63249723752183 13.004995541541476, 77.6329012892176 13.00498320984528, 77.63330216383761 13.00493210140335, 77.63369600040711 13.004842708066029, 77.6340790056727 13.004715890441028, 77.63444749064874 13.004552869616324, 77.63479790616077 13.004355215410056, 77.63512687704399 13.004124831258055, 77.63543123466597 13.003863935886244, 77.63570804746013 13.003575041942613, 77.63595464917505 13.003260931796445, 77.63616866456718 13.002924630735738, 77.63634803228835 13.002569377823432, 77.63649102474801 13.002198594691594, 77.63659626475761 13.001815852575943, 77.63666273879745 13.001424837907726, 77.63668980677734 13.001029316795417, 77.63667720819757 13.000633098738824, 77.63662506465066 13.000239999925522, 77.63653387864049 12.999853806463776, 77.63640452872997 12.999478237906937, 77.63623826106495 12.999116911420284, 77.63603667735649 12.998773306937167, 77.63580171943771 12.998450733638737, 77.63553565054475 12.998152298081695, 77.63524103350275 12.997880874280666, 77.63492070602766 12.997639076032653, 77.63457775338249 12.997429231751429, 77.63421547865167 12.997253362052346, 77.6338373709203 12.997113160304362, 77.63344707166557 12.997009976335615, 77.63304833968368 12.996944803448622, 77.63264501489051 12.996918268870452, 77.6322409813447 12.996930627728291, 77.63184012984885 12.996981760608543, 77.63144632048913 12.997071174721608, 77.6310633454732 12.997198008661597, 77.63069489262426 12.997361040713391, 77.63034450988215 12.997558700627431, 77.63001557115231 12.997789084748538, 77.62971124383157 12.998049974352035, 77.62943445832205 12.998338857011476, 77.62918787982657 12.998652950791408, 77.62897388269647 12.998989231032565, 77.62879452757802 12.999344459472313, 77.62865154157755 12.999715215418878, 77.62854630163532 13.00009792868134, 77.62847982126846 13.000488913937247))",607,ChIJ3yazo3g9rjsR4XljzqZrfnU,Wildcraft,13.001587867736816,77.63267517089844,0x3bae3d78a3b326df:0x757e6ba6ce6379e1,wildcraft,Wildcraft,14,3.5999999046325684,https://www.google.com/maps/place/?q=place_id:ChIJ3yazo3g9rjsR4XljzqZrfnU,gmaps_v2,clothing_store,retail,N_A,1687847039,0.0,0.0,,0.0007166526184248,0.07
1,"POLYGON ((77.62847982126846 13.000488913937247, 77.62845274081032 13.000884406208387, 77.62846532124016 13.00128059710334, 77.62851744166285 13.001673671478363, 77.62860860046327 13.002059844164252, 77.62873792012415 13.002435396406193, 77.62890415566206 13.002796711665717, 77.6291057066006 13.003140310441099, 77.62934063236598 13.003462883770402, 77.62960667095768 13.00376132509578, 77.62990126071509 13.004032760180955, 77.63022156497074 13.004274574795229, 77.63056449935387 13.004484439895933, 77.63092676148196 13.004660334067658, 77.63130486275415 13.004800563000924, 77.63169516194148 13.004903775822836, 77.63209390025041 13.004968978122182, 77.63249723752183 13.004995541541476, 77.6329012892176 13.00498320984528, 77.63330216383761 13.00493210140335, 77.63369600040711 13.004842708066029, 77.6340790056727 13.004715890441028, 77.63444749064874 13.004552869616324, 77.63479790616077 13.004355215410056, 77.63512687704399 13.004124831258055, 77.63543123466597 13.003863935886244, 77.63570804746013 13.003575041942613, 77.63595464917505 13.003260931796445, 77.63616866456718 13.002924630735738, 77.63634803228835 13.002569377823432, 77.63649102474801 13.002198594691594, 77.63659626475761 13.001815852575943, 77.63666273879745 13.001424837907726, 77.63668980677734 13.001029316795417, 77.63667720819757 13.000633098738824, 77.63662506465066 13.000239999925522, 77.63653387864049 12.999853806463776, 77.63640452872997 12.999478237906937, 77.63623826106495 12.999116911420284, 77.63603667735649 12.998773306937167, 77.63580171943771 12.998450733638737, 77.63553565054475 12.998152298081695, 77.63524103350275 12.997880874280666, 77.63492070602766 12.997639076032653, 77.63457775338249 12.997429231751429, 77.63421547865167 12.997253362052346, 77.6338373709203 12.997113160304362, 77.63344707166557 12.997009976335615, 77.63304833968368 12.996944803448622, 77.63264501489051 12.996918268870452, 77.6322409813447 12.996930627728291, 77.63184012984885 12.996981760608543, 77.63144632048913 12.997071174721608, 77.6310633454732 12.997198008661597, 77.63069489262426 12.997361040713391, 77.63034450988215 12.997558700627431, 77.63001557115231 12.997789084748538, 77.62971124383157 12.998049974352035, 77.62943445832205 12.998338857011476, 77.62918787982657 12.998652950791408, 77.62897388269647 12.998989231032565, 77.62879452757802 12.999344459472313, 77.62865154157755 12.999715215418878, 77.62854630163532 13.00009792868134, 77.62847982126846 13.000488913937247))",613,ChIJ_SLW6MIWrjsR0VISjLAZLL0,W For Woman,13.001116752624512,77.63253021240234,0x3bae16c2e8d622fd:0xbd2c19b08c1252d1,wforwoman,Wforwoman,13,3.799999952316284,https://www.google.com/maps/place/?q=place_id:ChIJ_SLW6MIWrjsR0VISjLAZLL0,gmaps_v2,clothing_store,retail,N_A,1687847039,0.0,0.0,,0.0006654631456802,0.02
1,"POLYGON ((77.62847982126846 13.000488913937247, 77.62845274081032 13.000884406208387, 77.62846532124016 13.00128059710334, 77.62851744166285 13.001673671478363, 77.62860860046327 13.002059844164252, 77.62873792012415 13.002435396406193, 77.62890415566206 13.002796711665717, 77.6291057066006 13.003140310441099, 77.62934063236598 13.003462883770402, 77.62960667095768 13.00376132509578, 77.62990126071509 13.004032760180955, 77.63022156497074 13.004274574795229, 77.63056449935387 13.004484439895933, 77.63092676148196 13.004660334067658, 77.63130486275415 13.004800563000924, 77.63169516194148 13.004903775822836, 77.63209390025041 13.004968978122182, 77.63249723752183 13.004995541541476, 77.6329012892176 13.00498320984528, 77.63330216383761 13.00493210140335, 77.63369600040711 13.004842708066029, 77.6340790056727 13.004715890441028, 77.63444749064874 13.004552869616324, 77.63479790616077 13.004355215410056, 77.63512687704399 13.004124831258055, 77.63543123466597 13.003863935886244, 77.63570804746013 13.003575041942613, 77.63595464917505 13.003260931796445, 77.63616866456718 13.002924630735738, 77.63634803228835 13.002569377823432, 77.63649102474801 13.002198594691594, 77.63659626475761 13.001815852575943, 77.63666273879745 13.001424837907726, 77.63668980677734 13.001029316795417, 77.63667720819757 13.000633098738824, 77.63662506465066 13.000239999925522, 77.63653387864049 12.999853806463776, 77.63640452872997 12.999478237906937, 77.63623826106495 12.999116911420284, 77.63603667735649 12.998773306937167, 77.63580171943771 12.998450733638737, 77.63553565054475 12.998152298081695, 77.63524103350275 12.997880874280666, 77.63492070602766 12.997639076032653, 77.63457775338249 12.997429231751429, 77.63421547865167 12.997253362052346, 77.6338373709203 12.997113160304362, 77.63344707166557 12.997009976335615, 77.63304833968368 12.996944803448622, 77.63264501489051 12.996918268870452, 77.6322409813447 12.996930627728291, 77.63184012984885 12.996981760608543, 77.63144632048913 12.997071174721608, 77.6310633454732 12.997198008661597, 77.63069489262426 12.997361040713391, 77.63034450988215 12.997558700627431, 77.63001557115231 12.997789084748538, 77.62971124383157 12.998049974352035, 77.62943445832205 12.998338857011476, 77.62918787982657 12.998652950791408, 77.62897388269647 12.998989231032565, 77.62879452757802 12.999344459472313, 77.62865154157755 12.999715215418878, 77.62854630163532 13.00009792868134, 77.62847982126846 13.000488913937247))",628,ChIJ8wMKJPMXrjsRTzJng9Q2iik,Zivame,13.001140594482422,77.63249969482422,0x3bae17f3240a03f3:0x298a36d48367324f,zivame,Zivame,9,4.099999904632568,https://www.google.com/maps/place/?q=place_id:ChIJ8wMKJPMXrjsRTzJng9Q2iik,gmaps_v2,clothing_store,retail,N_A,1687847039,0.0,0.0,,0.0004607052547016,0.02
1,"POLYGON ((77.62847982126846 13.000488913937247, 77.62845274081032 13.000884406208387, 77.62846532124016 13.00128059710334, 77.62851744166285 13.001673671478363, 77.62860860046327 13.002059844164252, 77.62873792012415 13.002435396406193, 77.62890415566206 13.002796711665717, 77.6291057066006 13.003140310441099, 77.62934063236598 13.003462883770402, 77.62960667095768 13.00376132509578, 77.62990126071509 13.004032760180955, 77.63022156497074 13.004274574795229, 77.63056449935387 13.004484439895933, 77.63092676148196 13.004660334067658, 77.63130486275415 13.004800563000924, 77.63169516194148 13.004903775822836, 77.63209390025041 13.004968978122182, 77.63249723752183 13.004995541541476, 77.6329012892176 13.00498320984528, 77.63330216383761 13.00493210140335, 77.63369600040711 13.004842708066029, 77.6340790056727 13.004715890441028, 77.63444749064874 13.004552869616324, 77.63479790616077 13.004355215410056, 77.63512687704399 13.004124831258055, 77.63543123466597 13.003863935886244, 77.63570804746013 13.003575041942613, 77.63595464917505 13.003260931796445, 77.63616866456718 13.002924630735738, 77.63634803228835 13.002569377823432, 77.63649102474801 13.002198594691594, 77.63659626475761 13.001815852575943, 77.63666273879745 13.001424837907726, 77.63668980677734 13.001029316795417, 77.63667720819757 13.000633098738824, 77.63662506465066 13.000239999925522, 77.63653387864049 12.999853806463776, 77.63640452872997 12.999478237906937, 77.63623826106495 12.999116911420284, 77.63603667735649 12.998773306937167, 77.63580171943771 12.998450733638737, 77.63553565054475 12.998152298081695, 77.63524103350275 12.997880874280666, 77.63492070602766 12.997639076032653, 77.63457775338249 12.997429231751429, 77.63421547865167 12.997253362052346, 77.6338373709203 12.997113160304362, 77.63344707166557 12.997009976335615, 77.63304833968368 12.996944803448622, 77.63264501489051 12.996918268870452, 77.6322409813447 12.996930627728291, 77.63184012984885 12.996981760608543, 77.63144632048913 12.997071174721608, 77.6310633454732 12.997198008661597, 77.63069489262426 12.997361040713391, 77.63034450988215 12.997558700627431, 77.63001557115231 12.997789084748538, 77.62971124383157 12.998049974352035, 77.62943445832205 12.998338857011476, 77.62918787982657 12.998652950791408, 77.62897388269647 12.998989231032565, 77.62879452757802 12.999344459472313, 77.62865154157755 12.999715215418878, 77.62854630163532 13.00009792868134, 77.62847982126846 13.000488913937247))",654,ChIJfdKnnNMXrjsR5ZqQ2F-Gk9U,Poorvika,13.001432418823242,77.63262939453125,0x3bae17d39ca7d27d:0xd593865fd8909ae5,poorvikamobile,Poorvikamobile,6,4.300000190734863,https://www.google.com/maps/place/?q=place_id:ChIJfdKnnNMXrjsR5ZqQ2F-Gk9U,gmaps_v2,electronic_store,retail,N_A,1695212099,0.0,0.0,,0.0003058024422464,0.05
1,"POLYGON ((77.62847982126846 13.000488913937247, 77.62845274081032 13.000884406208387, 77.62846532124016 13.00128059710334, 77.62851744166285 13.001673671478363, 77.62860860046327 13.002059844164252, 77.62873792012415 13.002435396406193, 77.62890415566206 13.002796711665717, 77.6291057066006 13.003140310441099, 77.62934063236598 13.003462883770402, 77.62960667095768 13.00376132509578, 77.62990126071509 13.004032760180955, 77.63022156497074 13.004274574795229, 77.63056449935387 13.004484439895933, 77.63092676148196 13.004660334067658, 77.63130486275415 13.004800563000924, 77.63169516194148 13.004903775822836, 77.63209390025041 13.004968978122182, 77.63249723752183 13.004995541541476, 77.6329012892176 13.00498320984528, 77.63330216383761 13.00493210140335, 77.63369600040711 13.004842708066029, 77.6340790056727 13.004715890441028, 77.63444749064874 13.004552869616324, 77.63479790616077 13.004355215410056, 77.63512687704399 13.004124831258055, 77.63543123466597 13.003863935886244, 77.63570804746013 13.003575041942613, 77.63595464917505 13.003260931796445, 77.63616866456718 13.002924630735738, 77.63634803228835 13.002569377823432, 77.63649102474801 13.002198594691594, 77.63659626475761 13.001815852575943, 77.63666273879745 13.001424837907726, 77.63668980677734 13.001029316795417, 77.63667720819757 13.000633098738824, 77.63662506465066 13.000239999925522, 77.63653387864049 12.999853806463776, 77.63640452872997 12.999478237906937, 77.63623826106495 12.999116911420284, 77.63603667735649 12.998773306937167, 77.63580171943771 12.998450733638737, 77.63553565054475 12.998152298081695, 77.63524103350275 12.997880874280666, 77.63492070602766 12.997639076032653, 77.63457775338249 12.997429231751429, 77.63421547865167 12.997253362052346, 77.6338373709203 12.997113160304362, 77.63344707166557 12.997009976335615, 77.63304833968368 12.996944803448622, 77.63264501489051 12.996918268870452, 77.6322409813447 12.996930627728291, 77.63184012984885 12.996981760608543, 77.63144632048913 12.997071174721608, 77.6310633454732 12.997198008661597, 77.63069489262426 12.997361040713391, 77.63034450988215 12.997558700627431, 77.63001557115231 12.997789084748538, 77.62971124383157 12.998049974352035, 77.62943445832205 12.998338857011476, 77.62918787982657 12.998652950791408, 77.62897388269647 12.998989231032565, 77.62879452757802 12.999344459472313, 77.62865154157755 12.999715215418878, 77.62854630163532 13.00009792868134, 77.62847982126846 13.000488913937247))",656,ChIJpSHO1SwXrjsRPa0QKeQKG9E,Hatti Kaapi,13.001103401184082,77.63265991210938,0x3bae172cd5ce21a5:0xd11b0ae42910ad3d,hattikaapi,Hatti Kaapi,6,3.5,https://www.google.com/maps/place/?q=place_id:ChIJpSHO1SwXrjsRPa0QKeQKG9E,gmaps_v2,coffee_shop,food,N_A,1699615207,0.0,0.0,,0.0003050102151739,0.02
1,"POLYGON ((77.62847982126846 13.000488913937247, 77.62845274081032 13.000884406208387, 77.62846532124016 13.00128059710334, 77.62851744166285 13.001673671478363, 77.62860860046327 13.002059844164252, 77.62873792012415 13.002435396406193, 77.62890415566206 13.002796711665717, 77.6291057066006 13.003140310441099, 77.62934063236598 13.003462883770402, 77.62960667095768 13.00376132509578, 77.62990126071509 13.004032760180955, 77.63022156497074 13.004274574795229, 77.63056449935387 13.004484439895933, 77.63092676148196 13.004660334067658, 77.63130486275415 13.004800563000924, 77.63169516194148 13.004903775822836, 77.63209390025041 13.004968978122182, 77.63249723752183 13.004995541541476, 77.6329012892176 13.00498320984528, 77.63330216383761 13.00493210140335, 77.63369600040711 13.004842708066029, 77.6340790056727 13.004715890441028, 77.63444749064874 13.004552869616324, 77.63479790616077 13.004355215410056, 77.63512687704399 13.004124831258055, 77.63543123466597 13.003863935886244, 77.63570804746013 13.003575041942613, 77.63595464917505 13.003260931796445, 77.63616866456718 13.002924630735738, 77.63634803228835 13.002569377823432, 77.63649102474801 13.002198594691594, 77.63659626475761 13.001815852575943, 77.63666273879745 13.001424837907726, 77.63668980677734 13.001029316795417, 77.63667720819757 13.000633098738824, 77.63662506465066 13.000239999925522, 77.63653387864049 12.999853806463776, 77.63640452872997 12.999478237906937, 77.63623826106495 12.999116911420284, 77.63603667735649 12.998773306937167, 77.63580171943771 12.998450733638737, 77.63553565054475 12.998152298081695, 77.63524103350275 12.997880874280666, 77.63492070602766 12.997639076032653, 77.63457775338249 12.997429231751429, 77.63421547865167 12.997253362052346, 77.6338373709203 12.997113160304362, 77.63344707166557 12.997009976335615, 77.63304833968368 12.996944803448622, 77.63264501489051 12.996918268870452, 77.6322409813447 12.996930627728291, 77.63184012984885 12.996981760608543, 77.63144632048913 12.997071174721608, 77.6310633454732 12.997198008661597, 77.63069489262426 12.997361040713391, 77.63034450988215 12.997558700627431, 77.63001557115231 12.997789084748538, 77.62971124383157 12.998049974352035, 77.62943445832205 12.998338857011476, 77.62918787982657 12.998652950791408, 77.62897388269647 12.998989231032565, 77.62879452757802 12.999344459472313, 77.62865154157755 12.999715215418878, 77.62854630163532 13.00009792868134, 77.62847982126846 13.000488913937247))",666,ChIJR8igpaYXrjsRNw2RGlIi-LM,[Apple Authorized Reseller] iCentre | Orion East Mall,13.001026153564451,77.63263702392578,0x3bae17a6a5a0c847:0xb3f822521a910d37,indiaistore,Indiaistore,5,4.0,https://www.google.com/maps/place/?q=place_id:ChIJR8igpaYXrjsRNw2RGlIi-LM,gmaps_v2,electronic_store,retail,N_A,1695212099,0.0,0.0,,0.0002548353685387,0.01
1,"POLYGON ((77.62847982126846 13.000488913937247, 77.62845274081032 13.000884406208387, 77.62846532124016 13.00128059710334, 77.62851744166285 13.001673671478363, 77.62860860046327 13.002059844164252, 77.62873792012415 13.002435396406193, 77.62890415566206 13.002796711665717, 77.6291057066006 13.003140310441099, 77.62934063236598 13.003462883770402, 77.62960667095768 13.00376132509578, 77.62990126071509 13.004032760180955, 77.63022156497074 13.004274574795229, 77.63056449935387 13.004484439895933, 77.63092676148196 13.004660334067658, 77.63130486275415 13.004800563000924, 77.63169516194148 13.004903775822836, 77.63209390025041 13.004968978122182, 77.63249723752183 13.004995541541476, 77.6329012892176 13.00498320984528, 77.63330216383761 13.00493210140335, 77.63369600040711 13.004842708066029, 77.6340790056727 13.004715890441028, 77.63444749064874 13.004552869616324, 77.63479790616077 13.004355215410056, 77.63512687704399 13.004124831258055, 77.63543123466597 13.003863935886244, 77.63570804746013 13.003575041942613, 77.63595464917505 13.003260931796445, 77.63616866456718 13.002924630735738, 77.63634803228835 13.002569377823432, 77.63649102474801 13.002198594691594, 77.63659626475761 13.001815852575943, 77.63666273879745 13.001424837907726, 77.63668980677734 13.001029316795417, 77.63667720819757 13.000633098738824, 77.63662506465066 13.000239999925522, 77.63653387864049 12.999853806463776, 77.63640452872997 12.999478237906937, 77.63623826106495 12.999116911420284, 77.63603667735649 12.998773306937167, 77.63580171943771 12.998450733638737, 77.63553565054475 12.998152298081695, 77.63524103350275 12.997880874280666, 77.63492070602766 12.997639076032653, 77.63457775338249 12.997429231751429, 77.63421547865167 12.997253362052346, 77.6338373709203 12.997113160304362, 77.63344707166557 12.997009976335615, 77.63304833968368 12.996944803448622, 77.63264501489051 12.996918268870452, 77.6322409813447 12.996930627728291, 77.63184012984885 12.996981760608543, 77.63144632048913 12.997071174721608, 77.6310633454732 12.997198008661597, 77.63069489262426 12.997361040713391, 77.63034450988215 12.997558700627431, 77.63001557115231 12.997789084748538, 77.62971124383157 12.998049974352035, 77.62943445832205 12.998338857011476, 77.62918787982657 12.998652950791408, 77.62897388269647 12.998989231032565, 77.62879452757802 12.999344459472313, 77.62865154157755 12.999715215418878, 77.62854630163532 13.00009792868134, 77.62847982126846 13.000488913937247))",687,ChIJ_YTR7sIWrjsRo6ivZtQ_ZXk,Go Colors,13.001049995422363,77.6325912475586,0x3bae16c2eed184fd:0x79653fd466afa8a3,gocolors,Gocolors,3,4.0,https://www.google.com/maps/place/?q=place_id:ChIJ_YTR7sIWrjsRo6ivZtQ_ZXk,gmaps_v2,clothing_store,retail,N_A,1687847039,0.0,0.0,,0.0001535684182338,0.01
1,"POLYGON ((77.62847982126846 13.000488913937247, 77.62845274081032 13.000884406208387, 77.62846532124016 13.00128059710334, 77.62851744166285 13.001673671478363, 77.62860860046327 13.002059844164252, 77.62873792012415 13.002435396406193, 77.62890415566206 13.002796711665717, 77.6291057066006 13.003140310441099, 77.62934063236598 13.003462883770402, 77.62960667095768 13.00376132509578, 77.62990126071509 13.004032760180955, 77.63022156497074 13.004274574795229, 77.63056449935387 13.004484439895933, 77.63092676148196 13.004660334067658, 77.63130486275415 13.004800563000924, 77.63169516194148 13.004903775822836, 77.63209390025041 13.004968978122182, 77.63249723752183 13.004995541541476, 77.6329012892176 13.00498320984528, 77.63330216383761 13.00493210140335, 77.63369600040711 13.004842708066029, 77.6340790056727 13.004715890441028, 77.63444749064874 13.004552869616324, 77.63479790616077 13.004355215410056, 77.63512687704399 13.004124831258055, 77.63543123466597 13.003863935886244, 77.63570804746013 13.003575041942613, 77.63595464917505 13.003260931796445, 77.63616866456718 13.002924630735738, 77.63634803228835 13.002569377823432, 77.63649102474801 13.002198594691594, 77.63659626475761 13.001815852575943, 77.63666273879745 13.001424837907726, 77.63668980677734 13.001029316795417, 77.63667720819757 13.000633098738824, 77.63662506465066 13.000239999925522, 77.63653387864049 12.999853806463776, 77.63640452872997 12.999478237906937, 77.63623826106495 12.999116911420284, 77.63603667735649 12.998773306937167, 77.63580171943771 12.998450733638737, 77.63553565054475 12.998152298081695, 77.63524103350275 12.997880874280666, 77.63492070602766 12.997639076032653, 77.63457775338249 12.997429231751429, 77.63421547865167 12.997253362052346, 77.6338373709203 12.997113160304362, 77.63344707166557 12.997009976335615, 77.63304833968368 12.996944803448622, 77.63264501489051 12.996918268870452, 77.6322409813447 12.996930627728291, 77.63184012984885 12.996981760608543, 77.63144632048913 12.997071174721608, 77.6310633454732 12.997198008661597, 77.63069489262426 12.997361040713391, 77.63034450988215 12.997558700627431, 77.63001557115231 12.997789084748538, 77.62971124383157 12.998049974352035, 77.62943445832205 12.998338857011476, 77.62918787982657 12.998652950791408, 77.62897388269647 12.998989231032565, 77.62879452757802 12.999344459472313, 77.62865154157755 12.999715215418878, 77.62854630163532 13.00009792868134, 77.62847982126846 13.000488913937247))",709,ChIJyxt_ACMXrjsRPQBHYxxu8H8,Jockey Exclusive Store,13.001002311706545,77.63261413574219,0x3bae1723007f1bcb:0x7ff06e1c6347003d,jockey,Jockey,2,5.0,https://www.google.com/maps/place/?q=place_id:ChIJyxt_ACMXrjsRPQBHYxxu8H8,gmaps_v2,clothing_store,retail,N_A,1687847039,0.0,0.0,,0.0001023789454892,0.01
1,"POLYGON ((77.62847982126846 13.000488913937247, 77.62845274081032 13.000884406208387, 77.62846532124016 13.00128059710334, 77.62851744166285 13.001673671478363, 77.62860860046327 13.002059844164252, 77.62873792012415 13.002435396406193, 77.62890415566206 13.002796711665717, 77.6291057066006 13.003140310441099, 77.62934063236598 13.003462883770402, 77.62960667095768 13.00376132509578, 77.62990126071509 13.004032760180955, 77.63022156497074 13.004274574795229, 77.63056449935387 13.004484439895933, 77.63092676148196 13.004660334067658, 77.63130486275415 13.004800563000924, 77.63169516194148 13.004903775822836, 77.63209390025041 13.004968978122182, 77.63249723752183 13.004995541541476, 77.6329012892176 13.00498320984528, 77.63330216383761 13.00493210140335, 77.63369600040711 13.004842708066029, 77.6340790056727 13.004715890441028, 77.63444749064874 13.004552869616324, 77.63479790616077 13.004355215410056, 77.63512687704399 13.004124831258055, 77.63543123466597 13.003863935886244, 77.63570804746013 13.003575041942613, 77.63595464917505 13.003260931796445, 77.63616866456718 13.002924630735738, 77.63634803228835 13.002569377823432, 77.63649102474801 13.002198594691594, 77.63659626475761 13.001815852575943, 77.63666273879745 13.001424837907726, 77.63668980677734 13.001029316795417, 77.63667720819757 13.000633098738824, 77.63662506465066 13.000239999925522, 77.63653387864049 12.999853806463776, 77.63640452872997 12.999478237906937, 77.63623826106495 12.999116911420284, 77.63603667735649 12.998773306937167, 77.63580171943771 12.998450733638737, 77.63553565054475 12.998152298081695, 77.63524103350275 12.997880874280666, 77.63492070602766 12.997639076032653, 77.63457775338249 12.997429231751429, 77.63421547865167 12.997253362052346, 77.6338373709203 12.997113160304362, 77.63344707166557 12.997009976335615, 77.63304833968368 12.996944803448622, 77.63264501489051 12.996918268870452, 77.6322409813447 12.996930627728291, 77.63184012984885 12.996981760608543, 77.63144632048913 12.997071174721608, 77.6310633454732 12.997198008661597, 77.63069489262426 12.997361040713391, 77.63034450988215 12.997558700627431, 77.63001557115231 12.997789084748538, 77.62971124383157 12.998049974352035, 77.62943445832205 12.998338857011476, 77.62918787982657 12.998652950791408, 77.62897388269647 12.998989231032565, 77.62879452757802 12.999344459472313, 77.62865154157755 12.999715215418878, 77.62854630163532 13.00009792868134, 77.62847982126846 13.000488913937247))",704,ChIJw1JnUFAXrjsRp443_RwyBtw,Xtep store,13.001115798950195,77.63257598876953,0x3bae1750506752c3:0xdc06321cfd378ea7,xtep,Xtep,2,5.0,https://www.google.com/maps/place/?q=place_id:ChIJw1JnUFAXrjsRp443_RwyBtw,gmaps_v2,clothing_store,retail,N_A,1687847039,0.0,0.0,,0.0001023789454892,0.02
1,"POLYGON ((77.62847982126846 13.000488913937247, 77.62845274081032 13.000884406208387, 77.62846532124016 13.00128059710334, 77.62851744166285 13.001673671478363, 77.62860860046327 13.002059844164252, 77.62873792012415 13.002435396406193, 77.62890415566206 13.002796711665717, 77.6291057066006 13.003140310441099, 77.62934063236598 13.003462883770402, 77.62960667095768 13.00376132509578, 77.62990126071509 13.004032760180955, 77.63022156497074 13.004274574795229, 77.63056449935387 13.004484439895933, 77.63092676148196 13.004660334067658, 77.63130486275415 13.004800563000924, 77.63169516194148 13.004903775822836, 77.63209390025041 13.004968978122182, 77.63249723752183 13.004995541541476, 77.6329012892176 13.00498320984528, 77.63330216383761 13.00493210140335, 77.63369600040711 13.004842708066029, 77.6340790056727 13.004715890441028, 77.63444749064874 13.004552869616324, 77.63479790616077 13.004355215410056, 77.63512687704399 13.004124831258055, 77.63543123466597 13.003863935886244, 77.63570804746013 13.003575041942613, 77.63595464917505 13.003260931796445, 77.63616866456718 13.002924630735738, 77.63634803228835 13.002569377823432, 77.63649102474801 13.002198594691594, 77.63659626475761 13.001815852575943, 77.63666273879745 13.001424837907726, 77.63668980677734 13.001029316795417, 77.63667720819757 13.000633098738824, 77.63662506465066 13.000239999925522, 77.63653387864049 12.999853806463776, 77.63640452872997 12.999478237906937, 77.63623826106495 12.999116911420284, 77.63603667735649 12.998773306937167, 77.63580171943771 12.998450733638737, 77.63553565054475 12.998152298081695, 77.63524103350275 12.997880874280666, 77.63492070602766 12.997639076032653, 77.63457775338249 12.997429231751429, 77.63421547865167 12.997253362052346, 77.6338373709203 12.997113160304362, 77.63344707166557 12.997009976335615, 77.63304833968368 12.996944803448622, 77.63264501489051 12.996918268870452, 77.6322409813447 12.996930627728291, 77.63184012984885 12.996981760608543, 77.63144632048913 12.997071174721608, 77.6310633454732 12.997198008661597, 77.63069489262426 12.997361040713391, 77.63034450988215 12.997558700627431, 77.63001557115231 12.997789084748538, 77.62971124383157 12.998049974352035, 77.62943445832205 12.998338857011476, 77.62918787982657 12.998652950791408, 77.62897388269647 12.998989231032565, 77.62879452757802 12.999344459472313, 77.62865154157755 12.999715215418878, 77.62854630163532 13.00009792868134, 77.62847982126846 13.000488913937247))",722,ChIJ4cjPbUcXrjsRPwihG4_taQs,Shetty's Coast To Table,13.00275993347168,77.6298599243164,0x3bae17476dcfc8e1:0xb69ed8f1ba1083f,lbb,Lbb,2,5.0,https://www.google.com/maps/place/?q=place_id:ChIJ4cjPbUcXrjsRPwihG4_taQs,gmaps_v2,restaurant,food,N_A,1699615207,0.0,0.0,,0.0001016700717246,0.36
1,"POLYGON ((77.62847982126846 13.000488913937247, 77.62845274081032 13.000884406208387, 77.62846532124016 13.00128059710334, 77.62851744166285 13.001673671478363, 77.62860860046327 13.002059844164252, 77.62873792012415 13.002435396406193, 77.62890415566206 13.002796711665717, 77.6291057066006 13.003140310441099, 77.62934063236598 13.003462883770402, 77.62960667095768 13.00376132509578, 77.62990126071509 13.004032760180955, 77.63022156497074 13.004274574795229, 77.63056449935387 13.004484439895933, 77.63092676148196 13.004660334067658, 77.63130486275415 13.004800563000924, 77.63169516194148 13.004903775822836, 77.63209390025041 13.004968978122182, 77.63249723752183 13.004995541541476, 77.6329012892176 13.00498320984528, 77.63330216383761 13.00493210140335, 77.63369600040711 13.004842708066029, 77.6340790056727 13.004715890441028, 77.63444749064874 13.004552869616324, 77.63479790616077 13.004355215410056, 77.63512687704399 13.004124831258055, 77.63543123466597 13.003863935886244, 77.63570804746013 13.003575041942613, 77.63595464917505 13.003260931796445, 77.63616866456718 13.002924630735738, 77.63634803228835 13.002569377823432, 77.63649102474801 13.002198594691594, 77.63659626475761 13.001815852575943, 77.63666273879745 13.001424837907726, 77.63668980677734 13.001029316795417, 77.63667720819757 13.000633098738824, 77.63662506465066 13.000239999925522, 77.63653387864049 12.999853806463776, 77.63640452872997 12.999478237906937, 77.63623826106495 12.999116911420284, 77.63603667735649 12.998773306937167, 77.63580171943771 12.998450733638737, 77.63553565054475 12.998152298081695, 77.63524103350275 12.997880874280666, 77.63492070602766 12.997639076032653, 77.63457775338249 12.997429231751429, 77.63421547865167 12.997253362052346, 77.6338373709203 12.997113160304362, 77.63344707166557 12.997009976335615, 77.63304833968368 12.996944803448622, 77.63264501489051 12.996918268870452, 77.6322409813447 12.996930627728291, 77.63184012984885 12.996981760608543, 77.63144632048913 12.997071174721608, 77.6310633454732 12.997198008661597, 77.63069489262426 12.997361040713391, 77.63034450988215 12.997558700627431, 77.63001557115231 12.997789084748538, 77.62971124383157 12.998049974352035, 77.62943445832205 12.998338857011476, 77.62918787982657 12.998652950791408, 77.62897388269647 12.998989231032565, 77.62879452757802 12.999344459472313, 77.62865154157755 12.999715215418878, 77.62854630163532 13.00009792868134, 77.62847982126846 13.000488913937247))",729,ChIJs0XY7sIWrjsRnX1zXK3Emfw,Vero Moda,13.001143455505373,77.63251495361328,0x3bae16c2eed845b3:0xfc99c4ad5c737d9d,veromoda,Vero Moda,1,3.0,https://www.google.com/maps/place/?q=place_id:ChIJs0XY7sIWrjsRnX1zXK3Emfw,gmaps_v2,clothing_store,retail,N_A,1687847039,0.0,0.0,,5.118947274463299e-05,0.02
