store_name,geometry,index_right,id,name,lat,lng,cid,brand_id,brand_name,number_of_votes,rating,place_url,source,category,top_category,type,created_at
1,"POLYGON ((77.58849265794396 12.906035724470186, 77.58846585167711 12.90643106273915, 77.58847867441243 12.906827075010131, 77.58853100291996 12.907219947860018, 77.58862233357931 12.907605898060934, 77.58875178721692 12.907981209001173, 77.58891811755815 12.908342266466812, 77.58911972321272 12.90868559343932, 77.58935466307935 12.909007883575029, 77.58962067502144 12.909306033043872, 77.58991519763485 12.90957717042087, 77.59023539489898 12.909818684342868, 77.59057818347395 12.910028248663282, 77.59094026238215 12.910203844863604, 77.5913181447881 12.910343781504194, 77.59170819157175 12.910446710527108, 77.59210664637153 12.910511640254047, 77.59250967176006 12.910537944952477, 77.59291338620413 12.91052537087815, 77.59331390145285 12.91047403873472, 77.59370735999373 12.910384442526427, 77.59408997221517 12.910257444814068, 77.5944580529177 12.910094268419497, 77.5948080568211 12.909896484658494, 77.59513661272513 12.909665998213947, 77.59544055599417 12.909405028796346, 77.59571695905217 12.909116089766417, 77.59596315959352 12.908801963926988, 77.59617678623769 12.908465676717123, 77.59635578137967 12.9081104670659, 77.59649842101616 12.907739756188779, 77.5966033313554 12.907357114625553, 77.59666950205137 12.906966227839243, 77.59669629593392 12.906570860706955, 77.59668345514172 12.906174821245868, 77.59663110359855 12.905781923924037, 77.5965397458102 12.905395952909748, 77.59641026199265 12.9050206256145, 77.59624389958037 12.90465955688084, 77.59604226119613 12.904316224160217, 77.59580728919902 12.903993934017281, 77.59554124696035 12.903695790282324, 77.59524669704855 12.903424664159987, 77.5949264765333 12.903183166580959, 77.59458366964795 12.902973623063719, 77.59422157807387 12.90279805132727, 77.5938436891332 12.902658141871258, 77.59345364219716 12.902555241708871, 77.59305519363312 12.90249034140925, 77.59265218062892 12.902464065574174, 77.59224848424175 12.902476666838563, 77.59184799202862 12.90252802345398, 77.59145456061678 12.902617640475713, 77.59107197857529 12.902744654543019, 77.59070392994381 12.902907842205604, 77.59035395877005 12.90310563171473, 77.59002543499652 12.903336118166497, 77.58972152202406 12.90359708185019, 77.58944514626447 12.9038860096255, 77.58919896897423 12.904200119121922, 77.58898536064041 12.904536385528678, 77.58880637816432 12.904891570715936, 77.58866374506255 12.905262254408482, 77.5885588348757 12.905644867111224, 77.58849265794396 12.906035724470186))",12823,68521aab-0d8a-48b8-b6fc-b5fea1955666,Unilog Content Solutions Pvt. Ltd.,12.9062934,77.5885296,,N_A,N_A,0,0.0,,fundoo,Private Sector,company,Industry Top,1701844461
1,"POLYGON ((77.58849265794396 12.906035724470186, 77.58846585167711 12.90643106273915, 77.58847867441243 12.906827075010131, 77.58853100291996 12.907219947860018, 77.58862233357931 12.907605898060934, 77.58875178721692 12.907981209001173, 77.58891811755815 12.908342266466812, 77.58911972321272 12.90868559343932, 77.58935466307935 12.909007883575029, 77.58962067502144 12.909306033043872, 77.58991519763485 12.90957717042087, 77.59023539489898 12.909818684342868, 77.59057818347395 12.910028248663282, 77.59094026238215 12.910203844863604, 77.5913181447881 12.910343781504194, 77.59170819157175 12.910446710527108, 77.59210664637153 12.910511640254047, 77.59250967176006 12.910537944952477, 77.59291338620413 12.91052537087815, 77.59331390145285 12.91047403873472, 77.59370735999373 12.910384442526427, 77.59408997221517 12.910257444814068, 77.5944580529177 12.910094268419497, 77.5948080568211 12.909896484658494, 77.59513661272513 12.909665998213947, 77.59544055599417 12.909405028796346, 77.59571695905217 12.909116089766417, 77.59596315959352 12.908801963926988, 77.59617678623769 12.908465676717123, 77.59635578137967 12.9081104670659, 77.59649842101616 12.907739756188779, 77.5966033313554 12.907357114625553, 77.59666950205137 12.906966227839243, 77.59669629593392 12.906570860706955, 77.59668345514172 12.906174821245868, 77.59663110359855 12.905781923924037, 77.5965397458102 12.905395952909748, 77.59641026199265 12.9050206256145, 77.59624389958037 12.90465955688084, 77.59604226119613 12.904316224160217, 77.59580728919902 12.903993934017281, 77.59554124696035 12.903695790282324, 77.59524669704855 12.903424664159987, 77.5949264765333 12.903183166580959, 77.59458366964795 12.902973623063719, 77.59422157807387 12.90279805132727, 77.5938436891332 12.902658141871258, 77.59345364219716 12.902555241708871, 77.59305519363312 12.90249034140925, 77.59265218062892 12.902464065574174, 77.59224848424175 12.902476666838563, 77.59184799202862 12.90252802345398, 77.59145456061678 12.902617640475713, 77.59107197857529 12.902744654543019, 77.59070392994381 12.902907842205604, 77.59035395877005 12.90310563171473, 77.59002543499652 12.903336118166497, 77.58972152202406 12.90359708185019, 77.58944514626447 12.9038860096255, 77.58919896897423 12.904200119121922, 77.58898536064041 12.904536385528678, 77.58880637816432 12.904891570715936, 77.58866374506255 12.905262254408482, 77.5885588348757 12.905644867111224, 77.58849265794396 12.906035724470186))",8821,eae6e383-3bfd-4ae1-b999-bfbbfb2c1555,Pebels Design,12.9050502,77.59139,,N_A,N_A,0,0.0,,fundoo,Private Sector,company,SMEs,1701844461
1,"POLYGON ((77.58849265794396 12.906035724470186, 77.58846585167711 12.90643106273915, 77.58847867441243 12.906827075010131, 77.58853100291996 12.907219947860018, 77.58862233357931 12.907605898060934, 77.58875178721692 12.907981209001173, 77.58891811755815 12.908342266466812, 77.58911972321272 12.90868559343932, 77.58935466307935 12.909007883575029, 77.58962067502144 12.909306033043872, 77.58991519763485 12.90957717042087, 77.59023539489898 12.909818684342868, 77.59057818347395 12.910028248663282, 77.59094026238215 12.910203844863604, 77.5913181447881 12.910343781504194, 77.59170819157175 12.910446710527108, 77.59210664637153 12.910511640254047, 77.59250967176006 12.910537944952477, 77.59291338620413 12.91052537087815, 77.59331390145285 12.91047403873472, 77.59370735999373 12.910384442526427, 77.59408997221517 12.910257444814068, 77.5944580529177 12.910094268419497, 77.5948080568211 12.909896484658494, 77.59513661272513 12.909665998213947, 77.59544055599417 12.909405028796346, 77.59571695905217 12.909116089766417, 77.59596315959352 12.908801963926988, 77.59617678623769 12.908465676717123, 77.59635578137967 12.9081104670659, 77.59649842101616 12.907739756188779, 77.5966033313554 12.907357114625553, 77.59666950205137 12.906966227839243, 77.59669629593392 12.906570860706955, 77.59668345514172 12.906174821245868, 77.59663110359855 12.905781923924037, 77.5965397458102 12.905395952909748, 77.59641026199265 12.9050206256145, 77.59624389958037 12.90465955688084, 77.59604226119613 12.904316224160217, 77.59580728919902 12.903993934017281, 77.59554124696035 12.903695790282324, 77.59524669704855 12.903424664159987, 77.5949264765333 12.903183166580959, 77.59458366964795 12.902973623063719, 77.59422157807387 12.90279805132727, 77.5938436891332 12.902658141871258, 77.59345364219716 12.902555241708871, 77.59305519363312 12.90249034140925, 77.59265218062892 12.902464065574174, 77.59224848424175 12.902476666838563, 77.59184799202862 12.90252802345398, 77.59145456061678 12.902617640475713, 77.59107197857529 12.902744654543019, 77.59070392994381 12.902907842205604, 77.59035395877005 12.90310563171473, 77.59002543499652 12.903336118166497, 77.58972152202406 12.90359708185019, 77.58944514626447 12.9038860096255, 77.58919896897423 12.904200119121922, 77.58898536064041 12.904536385528678, 77.58880637816432 12.904891570715936, 77.58866374506255 12.905262254408482, 77.5885588348757 12.905644867111224, 77.58849265794396 12.906035724470186))",27271,dac6d260-01c9-49b0-9a7a-f810619d1f45,Bighaat Agro Pvt Ltd,12.9058543,77.5948048,,N_A,N_A,0,0.0,,fundoo,Private Sector,company,Startups,1701844461
1,"POLYGON ((77.58849265794396 12.906035724470186, 77.58846585167711 12.90643106273915, 77.58847867441243 12.906827075010131, 77.58853100291996 12.907219947860018, 77.58862233357931 12.907605898060934, 77.58875178721692 12.907981209001173, 77.58891811755815 12.908342266466812, 77.58911972321272 12.90868559343932, 77.58935466307935 12.909007883575029, 77.58962067502144 12.909306033043872, 77.58991519763485 12.90957717042087, 77.59023539489898 12.909818684342868, 77.59057818347395 12.910028248663282, 77.59094026238215 12.910203844863604, 77.5913181447881 12.910343781504194, 77.59170819157175 12.910446710527108, 77.59210664637153 12.910511640254047, 77.59250967176006 12.910537944952477, 77.59291338620413 12.91052537087815, 77.59331390145285 12.91047403873472, 77.59370735999373 12.910384442526427, 77.59408997221517 12.910257444814068, 77.5944580529177 12.910094268419497, 77.5948080568211 12.909896484658494, 77.59513661272513 12.909665998213947, 77.59544055599417 12.909405028796346, 77.59571695905217 12.909116089766417, 77.59596315959352 12.908801963926988, 77.59617678623769 12.908465676717123, 77.59635578137967 12.9081104670659, 77.59649842101616 12.907739756188779, 77.5966033313554 12.907357114625553, 77.59666950205137 12.906966227839243, 77.59669629593392 12.906570860706955, 77.59668345514172 12.906174821245868, 77.59663110359855 12.905781923924037, 77.5965397458102 12.905395952909748, 77.59641026199265 12.9050206256145, 77.59624389958037 12.90465955688084, 77.59604226119613 12.904316224160217, 77.59580728919902 12.903993934017281, 77.59554124696035 12.903695790282324, 77.59524669704855 12.903424664159987, 77.5949264765333 12.903183166580959, 77.59458366964795 12.902973623063719, 77.59422157807387 12.90279805132727, 77.5938436891332 12.902658141871258, 77.59345364219716 12.902555241708871, 77.59305519363312 12.90249034140925, 77.59265218062892 12.902464065574174, 77.59224848424175 12.902476666838563, 77.59184799202862 12.90252802345398, 77.59145456061678 12.902617640475713, 77.59107197857529 12.902744654543019, 77.59070392994381 12.902907842205604, 77.59035395877005 12.90310563171473, 77.59002543499652 12.903336118166497, 77.58972152202406 12.90359708185019, 77.58944514626447 12.9038860096255, 77.58919896897423 12.904200119121922, 77.58898536064041 12.904536385528678, 77.58880637816432 12.904891570715936, 77.58866374506255 12.905262254408482, 77.5885588348757 12.905644867111224, 77.58849265794396 12.906035724470186))",10426,577ad987-9b2a-49e8-a9af-f5bc5ccaddf4,"Hotel Pai Comforts, JP Nagar",12.9063796,77.5920821,,N_A,N_A,0,0.0,,fundoo,Private Sector,company,SMEs,1701844461
1,"POLYGON ((77.58849265794396 12.906035724470186, 77.58846585167711 12.90643106273915, 77.58847867441243 12.906827075010131, 77.58853100291996 12.907219947860018, 77.58862233357931 12.907605898060934, 77.58875178721692 12.907981209001173, 77.58891811755815 12.908342266466812, 77.58911972321272 12.90868559343932, 77.58935466307935 12.909007883575029, 77.58962067502144 12.909306033043872, 77.58991519763485 12.90957717042087, 77.59023539489898 12.909818684342868, 77.59057818347395 12.910028248663282, 77.59094026238215 12.910203844863604, 77.5913181447881 12.910343781504194, 77.59170819157175 12.910446710527108, 77.59210664637153 12.910511640254047, 77.59250967176006 12.910537944952477, 77.59291338620413 12.91052537087815, 77.59331390145285 12.91047403873472, 77.59370735999373 12.910384442526427, 77.59408997221517 12.910257444814068, 77.5944580529177 12.910094268419497, 77.5948080568211 12.909896484658494, 77.59513661272513 12.909665998213947, 77.59544055599417 12.909405028796346, 77.59571695905217 12.909116089766417, 77.59596315959352 12.908801963926988, 77.59617678623769 12.908465676717123, 77.59635578137967 12.9081104670659, 77.59649842101616 12.907739756188779, 77.5966033313554 12.907357114625553, 77.59666950205137 12.906966227839243, 77.59669629593392 12.906570860706955, 77.59668345514172 12.906174821245868, 77.59663110359855 12.905781923924037, 77.5965397458102 12.905395952909748, 77.59641026199265 12.9050206256145, 77.59624389958037 12.90465955688084, 77.59604226119613 12.904316224160217, 77.59580728919902 12.903993934017281, 77.59554124696035 12.903695790282324, 77.59524669704855 12.903424664159987, 77.5949264765333 12.903183166580959, 77.59458366964795 12.902973623063719, 77.59422157807387 12.90279805132727, 77.5938436891332 12.902658141871258, 77.59345364219716 12.902555241708871, 77.59305519363312 12.90249034140925, 77.59265218062892 12.902464065574174, 77.59224848424175 12.902476666838563, 77.59184799202862 12.90252802345398, 77.59145456061678 12.902617640475713, 77.59107197857529 12.902744654543019, 77.59070392994381 12.902907842205604, 77.59035395877005 12.90310563171473, 77.59002543499652 12.903336118166497, 77.58972152202406 12.90359708185019, 77.58944514626447 12.9038860096255, 77.58919896897423 12.904200119121922, 77.58898536064041 12.904536385528678, 77.58880637816432 12.904891570715936, 77.58866374506255 12.905262254408482, 77.5885588348757 12.905644867111224, 77.58849265794396 12.906035724470186))",1868,e2a338eb-e77d-4728-9bbd-601914bbc108,Acrowit Technologies Pvt Ltd (WittyParrot ),12.905918,77.596161,,N_A,N_A,0,0.0,,fundoo,Private Sector,company,MNC,1701844461
1,"POLYGON ((77.58849265794396 12.906035724470186, 77.58846585167711 12.90643106273915, 77.58847867441243 12.906827075010131, 77.58853100291996 12.907219947860018, 77.58862233357931 12.907605898060934, 77.58875178721692 12.907981209001173, 77.58891811755815 12.908342266466812, 77.58911972321272 12.90868559343932, 77.58935466307935 12.909007883575029, 77.58962067502144 12.909306033043872, 77.58991519763485 12.90957717042087, 77.59023539489898 12.909818684342868, 77.59057818347395 12.910028248663282, 77.59094026238215 12.910203844863604, 77.5913181447881 12.910343781504194, 77.59170819157175 12.910446710527108, 77.59210664637153 12.910511640254047, 77.59250967176006 12.910537944952477, 77.59291338620413 12.91052537087815, 77.59331390145285 12.91047403873472, 77.59370735999373 12.910384442526427, 77.59408997221517 12.910257444814068, 77.5944580529177 12.910094268419497, 77.5948080568211 12.909896484658494, 77.59513661272513 12.909665998213947, 77.59544055599417 12.909405028796346, 77.59571695905217 12.909116089766417, 77.59596315959352 12.908801963926988, 77.59617678623769 12.908465676717123, 77.59635578137967 12.9081104670659, 77.59649842101616 12.907739756188779, 77.5966033313554 12.907357114625553, 77.59666950205137 12.906966227839243, 77.59669629593392 12.906570860706955, 77.59668345514172 12.906174821245868, 77.59663110359855 12.905781923924037, 77.5965397458102 12.905395952909748, 77.59641026199265 12.9050206256145, 77.59624389958037 12.90465955688084, 77.59604226119613 12.904316224160217, 77.59580728919902 12.903993934017281, 77.59554124696035 12.903695790282324, 77.59524669704855 12.903424664159987, 77.5949264765333 12.903183166580959, 77.59458366964795 12.902973623063719, 77.59422157807387 12.90279805132727, 77.5938436891332 12.902658141871258, 77.59345364219716 12.902555241708871, 77.59305519363312 12.90249034140925, 77.59265218062892 12.902464065574174, 77.59224848424175 12.902476666838563, 77.59184799202862 12.90252802345398, 77.59145456061678 12.902617640475713, 77.59107197857529 12.902744654543019, 77.59070392994381 12.902907842205604, 77.59035395877005 12.90310563171473, 77.59002543499652 12.903336118166497, 77.58972152202406 12.90359708185019, 77.58944514626447 12.9038860096255, 77.58919896897423 12.904200119121922, 77.58898536064041 12.904536385528678, 77.58880637816432 12.904891570715936, 77.58866374506255 12.905262254408482, 77.5885588348757 12.905644867111224, 77.58849265794396 12.906035724470186))",4610,835ecdc2-c302-46b7-972a-179b13449230,VentureBean Consulting Pvt Ltd,12.9076505,77.5960044,,N_A,N_A,0,0.0,,fundoo,Private Sector,company,SMEs,1701844461
1,"POLYGON ((77.58849265794396 12.906035724470186, 77.58846585167711 12.90643106273915, 77.58847867441243 12.906827075010131, 77.58853100291996 12.907219947860018, 77.58862233357931 12.907605898060934, 77.58875178721692 12.907981209001173, 77.58891811755815 12.908342266466812, 77.58911972321272 12.90868559343932, 77.58935466307935 12.909007883575029, 77.58962067502144 12.909306033043872, 77.58991519763485 12.90957717042087, 77.59023539489898 12.909818684342868, 77.59057818347395 12.910028248663282, 77.59094026238215 12.910203844863604, 77.5913181447881 12.910343781504194, 77.59170819157175 12.910446710527108, 77.59210664637153 12.910511640254047, 77.59250967176006 12.910537944952477, 77.59291338620413 12.91052537087815, 77.59331390145285 12.91047403873472, 77.59370735999373 12.910384442526427, 77.59408997221517 12.910257444814068, 77.5944580529177 12.910094268419497, 77.5948080568211 12.909896484658494, 77.59513661272513 12.909665998213947, 77.59544055599417 12.909405028796346, 77.59571695905217 12.909116089766417, 77.59596315959352 12.908801963926988, 77.59617678623769 12.908465676717123, 77.59635578137967 12.9081104670659, 77.59649842101616 12.907739756188779, 77.5966033313554 12.907357114625553, 77.59666950205137 12.906966227839243, 77.59669629593392 12.906570860706955, 77.59668345514172 12.906174821245868, 77.59663110359855 12.905781923924037, 77.5965397458102 12.905395952909748, 77.59641026199265 12.9050206256145, 77.59624389958037 12.90465955688084, 77.59604226119613 12.904316224160217, 77.59580728919902 12.903993934017281, 77.59554124696035 12.903695790282324, 77.59524669704855 12.903424664159987, 77.5949264765333 12.903183166580959, 77.59458366964795 12.902973623063719, 77.59422157807387 12.90279805132727, 77.5938436891332 12.902658141871258, 77.59345364219716 12.902555241708871, 77.59305519363312 12.90249034140925, 77.59265218062892 12.902464065574174, 77.59224848424175 12.902476666838563, 77.59184799202862 12.90252802345398, 77.59145456061678 12.902617640475713, 77.59107197857529 12.902744654543019, 77.59070392994381 12.902907842205604, 77.59035395877005 12.90310563171473, 77.59002543499652 12.903336118166497, 77.58972152202406 12.90359708185019, 77.58944514626447 12.9038860096255, 77.58919896897423 12.904200119121922, 77.58898536064041 12.904536385528678, 77.58880637816432 12.904891570715936, 77.58866374506255 12.905262254408482, 77.5885588348757 12.905644867111224, 77.58849265794396 12.906035724470186))",8391,d7acd70a-9955-475e-a619-85ef81b51e27,Soliton Technologies Pvt Ltd,12.9064677,77.5941377,,N_A,N_A,0,0.0,,fundoo,Private Sector,company,SMEs,1701844461
1,"POLYGON ((77.58849265794396 12.906035724470186, 77.58846585167711 12.90643106273915, 77.58847867441243 12.906827075010131, 77.58853100291996 12.907219947860018, 77.58862233357931 12.907605898060934, 77.58875178721692 12.907981209001173, 77.58891811755815 12.908342266466812, 77.58911972321272 12.90868559343932, 77.58935466307935 12.909007883575029, 77.58962067502144 12.909306033043872, 77.58991519763485 12.90957717042087, 77.59023539489898 12.909818684342868, 77.59057818347395 12.910028248663282, 77.59094026238215 12.910203844863604, 77.5913181447881 12.910343781504194, 77.59170819157175 12.910446710527108, 77.59210664637153 12.910511640254047, 77.59250967176006 12.910537944952477, 77.59291338620413 12.91052537087815, 77.59331390145285 12.91047403873472, 77.59370735999373 12.910384442526427, 77.59408997221517 12.910257444814068, 77.5944580529177 12.910094268419497, 77.5948080568211 12.909896484658494, 77.59513661272513 12.909665998213947, 77.59544055599417 12.909405028796346, 77.59571695905217 12.909116089766417, 77.59596315959352 12.908801963926988, 77.59617678623769 12.908465676717123, 77.59635578137967 12.9081104670659, 77.59649842101616 12.907739756188779, 77.5966033313554 12.907357114625553, 77.59666950205137 12.906966227839243, 77.59669629593392 12.906570860706955, 77.59668345514172 12.906174821245868, 77.59663110359855 12.905781923924037, 77.5965397458102 12.905395952909748, 77.59641026199265 12.9050206256145, 77.59624389958037 12.90465955688084, 77.59604226119613 12.904316224160217, 77.59580728919902 12.903993934017281, 77.59554124696035 12.903695790282324, 77.59524669704855 12.903424664159987, 77.5949264765333 12.903183166580959, 77.59458366964795 12.902973623063719, 77.59422157807387 12.90279805132727, 77.5938436891332 12.902658141871258, 77.59345364219716 12.902555241708871, 77.59305519363312 12.90249034140925, 77.59265218062892 12.902464065574174, 77.59224848424175 12.902476666838563, 77.59184799202862 12.90252802345398, 77.59145456061678 12.902617640475713, 77.59107197857529 12.902744654543019, 77.59070392994381 12.902907842205604, 77.59035395877005 12.90310563171473, 77.59002543499652 12.903336118166497, 77.58972152202406 12.90359708185019, 77.58944514626447 12.9038860096255, 77.58919896897423 12.904200119121922, 77.58898536064041 12.904536385528678, 77.58880637816432 12.904891570715936, 77.58866374506255 12.905262254408482, 77.5885588348757 12.905644867111224, 77.58849265794396 12.906035724470186))",17544,5821cb52-7ca6-4f85-9554-d15f0bdd4375,SIENNA ECAD Technologies Pvt Ltd,12.9064704,77.5941938,,N_A,N_A,0,0.0,,fundoo,Private Sector,company,Industry Top,1701844461
1,"POLYGON ((77.58849265794396 12.906035724470186, 77.58846585167711 12.90643106273915, 77.58847867441243 12.906827075010131, 77.58853100291996 12.907219947860018, 77.58862233357931 12.907605898060934, 77.58875178721692 12.907981209001173, 77.58891811755815 12.908342266466812, 77.58911972321272 12.90868559343932, 77.58935466307935 12.909007883575029, 77.58962067502144 12.909306033043872, 77.58991519763485 12.90957717042087, 77.59023539489898 12.909818684342868, 77.59057818347395 12.910028248663282, 77.59094026238215 12.910203844863604, 77.5913181447881 12.910343781504194, 77.59170819157175 12.910446710527108, 77.59210664637153 12.910511640254047, 77.59250967176006 12.910537944952477, 77.59291338620413 12.91052537087815, 77.59331390145285 12.91047403873472, 77.59370735999373 12.910384442526427, 77.59408997221517 12.910257444814068, 77.5944580529177 12.910094268419497, 77.5948080568211 12.909896484658494, 77.59513661272513 12.909665998213947, 77.59544055599417 12.909405028796346, 77.59571695905217 12.909116089766417, 77.59596315959352 12.908801963926988, 77.59617678623769 12.908465676717123, 77.59635578137967 12.9081104670659, 77.59649842101616 12.907739756188779, 77.5966033313554 12.907357114625553, 77.59666950205137 12.906966227839243, 77.59669629593392 12.906570860706955, 77.59668345514172 12.906174821245868, 77.59663110359855 12.905781923924037, 77.5965397458102 12.905395952909748, 77.59641026199265 12.9050206256145, 77.59624389958037 12.90465955688084, 77.59604226119613 12.904316224160217, 77.59580728919902 12.903993934017281, 77.59554124696035 12.903695790282324, 77.59524669704855 12.903424664159987, 77.5949264765333 12.903183166580959, 77.59458366964795 12.902973623063719, 77.59422157807387 12.90279805132727, 77.5938436891332 12.902658141871258, 77.59345364219716 12.902555241708871, 77.59305519363312 12.90249034140925, 77.59265218062892 12.902464065574174, 77.59224848424175 12.902476666838563, 77.59184799202862 12.90252802345398, 77.59145456061678 12.902617640475713, 77.59107197857529 12.902744654543019, 77.59070392994381 12.902907842205604, 77.59035395877005 12.90310563171473, 77.59002543499652 12.903336118166497, 77.58972152202406 12.90359708185019, 77.58944514626447 12.9038860096255, 77.58919896897423 12.904200119121922, 77.58898536064041 12.904536385528678, 77.58880637816432 12.904891570715936, 77.58866374506255 12.905262254408482, 77.5885588348757 12.905644867111224, 77.58849265794396 12.906035724470186))",14563,7549bebe-b5d0-4b26-b2cd-8ec0936f5767,Craft Silicon Pvt Ltd,12.9064816,77.5927858,,N_A,N_A,0,0.0,,fundoo,Private Sector,company,MNC,1701844461
1,"POLYGON ((77.58849265794396 12.906035724470186, 77.58846585167711 12.90643106273915, 77.58847867441243 12.906827075010131, 77.58853100291996 12.907219947860018, 77.58862233357931 12.907605898060934, 77.58875178721692 12.907981209001173, 77.58891811755815 12.908342266466812, 77.58911972321272 12.90868559343932, 77.58935466307935 12.909007883575029, 77.58962067502144 12.909306033043872, 77.58991519763485 12.90957717042087, 77.59023539489898 12.909818684342868, 77.59057818347395 12.910028248663282, 77.59094026238215 12.910203844863604, 77.5913181447881 12.910343781504194, 77.59170819157175 12.910446710527108, 77.59210664637153 12.910511640254047, 77.59250967176006 12.910537944952477, 77.59291338620413 12.91052537087815, 77.59331390145285 12.91047403873472, 77.59370735999373 12.910384442526427, 77.59408997221517 12.910257444814068, 77.5944580529177 12.910094268419497, 77.5948080568211 12.909896484658494, 77.59513661272513 12.909665998213947, 77.59544055599417 12.909405028796346, 77.59571695905217 12.909116089766417, 77.59596315959352 12.908801963926988, 77.59617678623769 12.908465676717123, 77.59635578137967 12.9081104670659, 77.59649842101616 12.907739756188779, 77.5966033313554 12.907357114625553, 77.59666950205137 12.906966227839243, 77.59669629593392 12.906570860706955, 77.59668345514172 12.906174821245868, 77.59663110359855 12.905781923924037, 77.5965397458102 12.905395952909748, 77.59641026199265 12.9050206256145, 77.59624389958037 12.90465955688084, 77.59604226119613 12.904316224160217, 77.59580728919902 12.903993934017281, 77.59554124696035 12.903695790282324, 77.59524669704855 12.903424664159987, 77.5949264765333 12.903183166580959, 77.59458366964795 12.902973623063719, 77.59422157807387 12.90279805132727, 77.5938436891332 12.902658141871258, 77.59345364219716 12.902555241708871, 77.59305519363312 12.90249034140925, 77.59265218062892 12.902464065574174, 77.59224848424175 12.902476666838563, 77.59184799202862 12.90252802345398, 77.59145456061678 12.902617640475713, 77.59107197857529 12.902744654543019, 77.59070392994381 12.902907842205604, 77.59035395877005 12.90310563171473, 77.59002543499652 12.903336118166497, 77.58972152202406 12.90359708185019, 77.58944514626447 12.9038860096255, 77.58919896897423 12.904200119121922, 77.58898536064041 12.904536385528678, 77.58880637816432 12.904891570715936, 77.58866374506255 12.905262254408482, 77.5885588348757 12.905644867111224, 77.58849265794396 12.906035724470186))",14903,5c45cfff-3446-429c-b56c-92ea5f88eed2,Wizmatrix Consulting Pvt Ltd,12.9064961,77.5928105,,N_A,N_A,0,0.0,,fundoo,Private Sector,company,SMEs,1701844461
1,"POLYGON ((77.58849265794396 12.906035724470186, 77.58846585167711 12.90643106273915, 77.58847867441243 12.906827075010131, 77.58853100291996 12.907219947860018, 77.58862233357931 12.907605898060934, 77.58875178721692 12.907981209001173, 77.58891811755815 12.908342266466812, 77.58911972321272 12.90868559343932, 77.58935466307935 12.909007883575029, 77.58962067502144 12.909306033043872, 77.58991519763485 12.90957717042087, 77.59023539489898 12.909818684342868, 77.59057818347395 12.910028248663282, 77.59094026238215 12.910203844863604, 77.5913181447881 12.910343781504194, 77.59170819157175 12.910446710527108, 77.59210664637153 12.910511640254047, 77.59250967176006 12.910537944952477, 77.59291338620413 12.91052537087815, 77.59331390145285 12.91047403873472, 77.59370735999373 12.910384442526427, 77.59408997221517 12.910257444814068, 77.5944580529177 12.910094268419497, 77.5948080568211 12.909896484658494, 77.59513661272513 12.909665998213947, 77.59544055599417 12.909405028796346, 77.59571695905217 12.909116089766417, 77.59596315959352 12.908801963926988, 77.59617678623769 12.908465676717123, 77.59635578137967 12.9081104670659, 77.59649842101616 12.907739756188779, 77.5966033313554 12.907357114625553, 77.59666950205137 12.906966227839243, 77.59669629593392 12.906570860706955, 77.59668345514172 12.906174821245868, 77.59663110359855 12.905781923924037, 77.5965397458102 12.905395952909748, 77.59641026199265 12.9050206256145, 77.59624389958037 12.90465955688084, 77.59604226119613 12.904316224160217, 77.59580728919902 12.903993934017281, 77.59554124696035 12.903695790282324, 77.59524669704855 12.903424664159987, 77.5949264765333 12.903183166580959, 77.59458366964795 12.902973623063719, 77.59422157807387 12.90279805132727, 77.5938436891332 12.902658141871258, 77.59345364219716 12.902555241708871, 77.59305519363312 12.90249034140925, 77.59265218062892 12.902464065574174, 77.59224848424175 12.902476666838563, 77.59184799202862 12.90252802345398, 77.59145456061678 12.902617640475713, 77.59107197857529 12.902744654543019, 77.59070392994381 12.902907842205604, 77.59035395877005 12.90310563171473, 77.59002543499652 12.903336118166497, 77.58972152202406 12.90359708185019, 77.58944514626447 12.9038860096255, 77.58919896897423 12.904200119121922, 77.58898536064041 12.904536385528678, 77.58880637816432 12.904891570715936, 77.58866374506255 12.905262254408482, 77.5885588348757 12.905644867111224, 77.58849265794396 12.906035724470186))",21931,cc6d502f-f7c5-4883-b022-7a0e0ae82e70,SELCO Solar Light Pvt Ltd,12.9065107,77.5917303,,N_A,N_A,0,0.0,,fundoo,Private Sector,company,Industry Top,1701844461
1,"POLYGON ((77.58849265794396 12.906035724470186, 77.58846585167711 12.90643106273915, 77.58847867441243 12.906827075010131, 77.58853100291996 12.907219947860018, 77.58862233357931 12.907605898060934, 77.58875178721692 12.907981209001173, 77.58891811755815 12.908342266466812, 77.58911972321272 12.90868559343932, 77.58935466307935 12.909007883575029, 77.58962067502144 12.909306033043872, 77.58991519763485 12.90957717042087, 77.59023539489898 12.909818684342868, 77.59057818347395 12.910028248663282, 77.59094026238215 12.910203844863604, 77.5913181447881 12.910343781504194, 77.59170819157175 12.910446710527108, 77.59210664637153 12.910511640254047, 77.59250967176006 12.910537944952477, 77.59291338620413 12.91052537087815, 77.59331390145285 12.91047403873472, 77.59370735999373 12.910384442526427, 77.59408997221517 12.910257444814068, 77.5944580529177 12.910094268419497, 77.5948080568211 12.909896484658494, 77.59513661272513 12.909665998213947, 77.59544055599417 12.909405028796346, 77.59571695905217 12.909116089766417, 77.59596315959352 12.908801963926988, 77.59617678623769 12.908465676717123, 77.59635578137967 12.9081104670659, 77.59649842101616 12.907739756188779, 77.5966033313554 12.907357114625553, 77.59666950205137 12.906966227839243, 77.59669629593392 12.906570860706955, 77.59668345514172 12.906174821245868, 77.59663110359855 12.905781923924037, 77.5965397458102 12.905395952909748, 77.59641026199265 12.9050206256145, 77.59624389958037 12.90465955688084, 77.59604226119613 12.904316224160217, 77.59580728919902 12.903993934017281, 77.59554124696035 12.903695790282324, 77.59524669704855 12.903424664159987, 77.5949264765333 12.903183166580959, 77.59458366964795 12.902973623063719, 77.59422157807387 12.90279805132727, 77.5938436891332 12.902658141871258, 77.59345364219716 12.902555241708871, 77.59305519363312 12.90249034140925, 77.59265218062892 12.902464065574174, 77.59224848424175 12.902476666838563, 77.59184799202862 12.90252802345398, 77.59145456061678 12.902617640475713, 77.59107197857529 12.902744654543019, 77.59070392994381 12.902907842205604, 77.59035395877005 12.90310563171473, 77.59002543499652 12.903336118166497, 77.58972152202406 12.90359708185019, 77.58944514626447 12.9038860096255, 77.58919896897423 12.904200119121922, 77.58898536064041 12.904536385528678, 77.58880637816432 12.904891570715936, 77.58866374506255 12.905262254408482, 77.5885588348757 12.905644867111224, 77.58849265794396 12.906035724470186))",7333,fa9ad5ca-9a93-4c62-9bd6-434845ab4371,CloudCollab Technologies Pvt Ltd,12.90652,77.5948498,,N_A,N_A,0,0.0,,fundoo,Private Sector,company,Industry Top,1701844461
1,"POLYGON ((77.58849265794396 12.906035724470186, 77.58846585167711 12.90643106273915, 77.58847867441243 12.906827075010131, 77.58853100291996 12.907219947860018, 77.58862233357931 12.907605898060934, 77.58875178721692 12.907981209001173, 77.58891811755815 12.908342266466812, 77.58911972321272 12.90868559343932, 77.58935466307935 12.909007883575029, 77.58962067502144 12.909306033043872, 77.58991519763485 12.90957717042087, 77.59023539489898 12.909818684342868, 77.59057818347395 12.910028248663282, 77.59094026238215 12.910203844863604, 77.5913181447881 12.910343781504194, 77.59170819157175 12.910446710527108, 77.59210664637153 12.910511640254047, 77.59250967176006 12.910537944952477, 77.59291338620413 12.91052537087815, 77.59331390145285 12.91047403873472, 77.59370735999373 12.910384442526427, 77.59408997221517 12.910257444814068, 77.5944580529177 12.910094268419497, 77.5948080568211 12.909896484658494, 77.59513661272513 12.909665998213947, 77.59544055599417 12.909405028796346, 77.59571695905217 12.909116089766417, 77.59596315959352 12.908801963926988, 77.59617678623769 12.908465676717123, 77.59635578137967 12.9081104670659, 77.59649842101616 12.907739756188779, 77.5966033313554 12.907357114625553, 77.59666950205137 12.906966227839243, 77.59669629593392 12.906570860706955, 77.59668345514172 12.906174821245868, 77.59663110359855 12.905781923924037, 77.5965397458102 12.905395952909748, 77.59641026199265 12.9050206256145, 77.59624389958037 12.90465955688084, 77.59604226119613 12.904316224160217, 77.59580728919902 12.903993934017281, 77.59554124696035 12.903695790282324, 77.59524669704855 12.903424664159987, 77.5949264765333 12.903183166580959, 77.59458366964795 12.902973623063719, 77.59422157807387 12.90279805132727, 77.5938436891332 12.902658141871258, 77.59345364219716 12.902555241708871, 77.59305519363312 12.90249034140925, 77.59265218062892 12.902464065574174, 77.59224848424175 12.902476666838563, 77.59184799202862 12.90252802345398, 77.59145456061678 12.902617640475713, 77.59107197857529 12.902744654543019, 77.59070392994381 12.902907842205604, 77.59035395877005 12.90310563171473, 77.59002543499652 12.903336118166497, 77.58972152202406 12.90359708185019, 77.58944514626447 12.9038860096255, 77.58919896897423 12.904200119121922, 77.58898536064041 12.904536385528678, 77.58880637816432 12.904891570715936, 77.58866374506255 12.905262254408482, 77.5885588348757 12.905644867111224, 77.58849265794396 12.906035724470186))",29135,d6858bf9-29f8-499f-a549-952a7651d8f5,IOP Technologies LLP,12.9067164,77.5916811,,N_A,N_A,0,0.0,,fundoo,Private Sector,company,SMEs,1701844461
1,"POLYGON ((77.58849265794396 12.906035724470186, 77.58846585167711 12.90643106273915, 77.58847867441243 12.906827075010131, 77.58853100291996 12.907219947860018, 77.58862233357931 12.907605898060934, 77.58875178721692 12.907981209001173, 77.58891811755815 12.908342266466812, 77.58911972321272 12.90868559343932, 77.58935466307935 12.909007883575029, 77.58962067502144 12.909306033043872, 77.58991519763485 12.90957717042087, 77.59023539489898 12.909818684342868, 77.59057818347395 12.910028248663282, 77.59094026238215 12.910203844863604, 77.5913181447881 12.910343781504194, 77.59170819157175 12.910446710527108, 77.59210664637153 12.910511640254047, 77.59250967176006 12.910537944952477, 77.59291338620413 12.91052537087815, 77.59331390145285 12.91047403873472, 77.59370735999373 12.910384442526427, 77.59408997221517 12.910257444814068, 77.5944580529177 12.910094268419497, 77.5948080568211 12.909896484658494, 77.59513661272513 12.909665998213947, 77.59544055599417 12.909405028796346, 77.59571695905217 12.909116089766417, 77.59596315959352 12.908801963926988, 77.59617678623769 12.908465676717123, 77.59635578137967 12.9081104670659, 77.59649842101616 12.907739756188779, 77.5966033313554 12.907357114625553, 77.59666950205137 12.906966227839243, 77.59669629593392 12.906570860706955, 77.59668345514172 12.906174821245868, 77.59663110359855 12.905781923924037, 77.5965397458102 12.905395952909748, 77.59641026199265 12.9050206256145, 77.59624389958037 12.90465955688084, 77.59604226119613 12.904316224160217, 77.59580728919902 12.903993934017281, 77.59554124696035 12.903695790282324, 77.59524669704855 12.903424664159987, 77.5949264765333 12.903183166580959, 77.59458366964795 12.902973623063719, 77.59422157807387 12.90279805132727, 77.5938436891332 12.902658141871258, 77.59345364219716 12.902555241708871, 77.59305519363312 12.90249034140925, 77.59265218062892 12.902464065574174, 77.59224848424175 12.902476666838563, 77.59184799202862 12.90252802345398, 77.59145456061678 12.902617640475713, 77.59107197857529 12.902744654543019, 77.59070392994381 12.902907842205604, 77.59035395877005 12.90310563171473, 77.59002543499652 12.903336118166497, 77.58972152202406 12.90359708185019, 77.58944514626447 12.9038860096255, 77.58919896897423 12.904200119121922, 77.58898536064041 12.904536385528678, 77.58880637816432 12.904891570715936, 77.58866374506255 12.905262254408482, 77.5885588348757 12.905644867111224, 77.58849265794396 12.906035724470186))",10198,b859bdec-1b09-4e58-8413-d487c03d6672,Siricom Technology,12.9068909,77.5944295,,N_A,N_A,0,0.0,,fundoo,Private Sector,company,SMEs,1701844461
1,"POLYGON ((77.58849265794396 12.906035724470186, 77.58846585167711 12.90643106273915, 77.58847867441243 12.906827075010131, 77.58853100291996 12.907219947860018, 77.58862233357931 12.907605898060934, 77.58875178721692 12.907981209001173, 77.58891811755815 12.908342266466812, 77.58911972321272 12.90868559343932, 77.58935466307935 12.909007883575029, 77.58962067502144 12.909306033043872, 77.58991519763485 12.90957717042087, 77.59023539489898 12.909818684342868, 77.59057818347395 12.910028248663282, 77.59094026238215 12.910203844863604, 77.5913181447881 12.910343781504194, 77.59170819157175 12.910446710527108, 77.59210664637153 12.910511640254047, 77.59250967176006 12.910537944952477, 77.59291338620413 12.91052537087815, 77.59331390145285 12.91047403873472, 77.59370735999373 12.910384442526427, 77.59408997221517 12.910257444814068, 77.5944580529177 12.910094268419497, 77.5948080568211 12.909896484658494, 77.59513661272513 12.909665998213947, 77.59544055599417 12.909405028796346, 77.59571695905217 12.909116089766417, 77.59596315959352 12.908801963926988, 77.59617678623769 12.908465676717123, 77.59635578137967 12.9081104670659, 77.59649842101616 12.907739756188779, 77.5966033313554 12.907357114625553, 77.59666950205137 12.906966227839243, 77.59669629593392 12.906570860706955, 77.59668345514172 12.906174821245868, 77.59663110359855 12.905781923924037, 77.5965397458102 12.905395952909748, 77.59641026199265 12.9050206256145, 77.59624389958037 12.90465955688084, 77.59604226119613 12.904316224160217, 77.59580728919902 12.903993934017281, 77.59554124696035 12.903695790282324, 77.59524669704855 12.903424664159987, 77.5949264765333 12.903183166580959, 77.59458366964795 12.902973623063719, 77.59422157807387 12.90279805132727, 77.5938436891332 12.902658141871258, 77.59345364219716 12.902555241708871, 77.59305519363312 12.90249034140925, 77.59265218062892 12.902464065574174, 77.59224848424175 12.902476666838563, 77.59184799202862 12.90252802345398, 77.59145456061678 12.902617640475713, 77.59107197857529 12.902744654543019, 77.59070392994381 12.902907842205604, 77.59035395877005 12.90310563171473, 77.59002543499652 12.903336118166497, 77.58972152202406 12.90359708185019, 77.58944514626447 12.9038860096255, 77.58919896897423 12.904200119121922, 77.58898536064041 12.904536385528678, 77.58880637816432 12.904891570715936, 77.58866374506255 12.905262254408482, 77.5885588348757 12.905644867111224, 77.58849265794396 12.906035724470186))",15288,a7f62ac0-0057-41be-8d8b-e7365d4003c1,"Shravanthi Sarovar Portico, Bengaluru (Sarovar)",12.9074046,77.5950315,,N_A,N_A,0,0.0,,fundoo,Private Sector,company,Industry Top,1701844461
1,"POLYGON ((77.58849265794396 12.906035724470186, 77.58846585167711 12.90643106273915, 77.58847867441243 12.906827075010131, 77.58853100291996 12.907219947860018, 77.58862233357931 12.907605898060934, 77.58875178721692 12.907981209001173, 77.58891811755815 12.908342266466812, 77.58911972321272 12.90868559343932, 77.58935466307935 12.909007883575029, 77.58962067502144 12.909306033043872, 77.58991519763485 12.90957717042087, 77.59023539489898 12.909818684342868, 77.59057818347395 12.910028248663282, 77.59094026238215 12.910203844863604, 77.5913181447881 12.910343781504194, 77.59170819157175 12.910446710527108, 77.59210664637153 12.910511640254047, 77.59250967176006 12.910537944952477, 77.59291338620413 12.91052537087815, 77.59331390145285 12.91047403873472, 77.59370735999373 12.910384442526427, 77.59408997221517 12.910257444814068, 77.5944580529177 12.910094268419497, 77.5948080568211 12.909896484658494, 77.59513661272513 12.909665998213947, 77.59544055599417 12.909405028796346, 77.59571695905217 12.909116089766417, 77.59596315959352 12.908801963926988, 77.59617678623769 12.908465676717123, 77.59635578137967 12.9081104670659, 77.59649842101616 12.907739756188779, 77.5966033313554 12.907357114625553, 77.59666950205137 12.906966227839243, 77.59669629593392 12.906570860706955, 77.59668345514172 12.906174821245868, 77.59663110359855 12.905781923924037, 77.5965397458102 12.905395952909748, 77.59641026199265 12.9050206256145, 77.59624389958037 12.90465955688084, 77.59604226119613 12.904316224160217, 77.59580728919902 12.903993934017281, 77.59554124696035 12.903695790282324, 77.59524669704855 12.903424664159987, 77.5949264765333 12.903183166580959, 77.59458366964795 12.902973623063719, 77.59422157807387 12.90279805132727, 77.5938436891332 12.902658141871258, 77.59345364219716 12.902555241708871, 77.59305519363312 12.90249034140925, 77.59265218062892 12.902464065574174, 77.59224848424175 12.902476666838563, 77.59184799202862 12.90252802345398, 77.59145456061678 12.902617640475713, 77.59107197857529 12.902744654543019, 77.59070392994381 12.902907842205604, 77.59035395877005 12.90310563171473, 77.59002543499652 12.903336118166497, 77.58972152202406 12.90359708185019, 77.58944514626447 12.9038860096255, 77.58919896897423 12.904200119121922, 77.58898536064041 12.904536385528678, 77.58880637816432 12.904891570715936, 77.58866374506255 12.905262254408482, 77.5885588348757 12.905644867111224, 77.58849265794396 12.906035724470186))",22827,18bec995-be0b-4832-ad28-966059e519b1,Yashasvi Information Solutions Pvt Ltd,12.9092546,77.5905275,,N_A,N_A,0,0.0,,fundoo,Private Sector,company,SMEs,1701844461
1,"POLYGON ((77.58849265794396 12.906035724470186, 77.58846585167711 12.90643106273915, 77.58847867441243 12.906827075010131, 77.58853100291996 12.907219947860018, 77.58862233357931 12.907605898060934, 77.58875178721692 12.907981209001173, 77.58891811755815 12.908342266466812, 77.58911972321272 12.90868559343932, 77.58935466307935 12.909007883575029, 77.58962067502144 12.909306033043872, 77.58991519763485 12.90957717042087, 77.59023539489898 12.909818684342868, 77.59057818347395 12.910028248663282, 77.59094026238215 12.910203844863604, 77.5913181447881 12.910343781504194, 77.59170819157175 12.910446710527108, 77.59210664637153 12.910511640254047, 77.59250967176006 12.910537944952477, 77.59291338620413 12.91052537087815, 77.59331390145285 12.91047403873472, 77.59370735999373 12.910384442526427, 77.59408997221517 12.910257444814068, 77.5944580529177 12.910094268419497, 77.5948080568211 12.909896484658494, 77.59513661272513 12.909665998213947, 77.59544055599417 12.909405028796346, 77.59571695905217 12.909116089766417, 77.59596315959352 12.908801963926988, 77.59617678623769 12.908465676717123, 77.59635578137967 12.9081104670659, 77.59649842101616 12.907739756188779, 77.5966033313554 12.907357114625553, 77.59666950205137 12.906966227839243, 77.59669629593392 12.906570860706955, 77.59668345514172 12.906174821245868, 77.59663110359855 12.905781923924037, 77.5965397458102 12.905395952909748, 77.59641026199265 12.9050206256145, 77.59624389958037 12.90465955688084, 77.59604226119613 12.904316224160217, 77.59580728919902 12.903993934017281, 77.59554124696035 12.903695790282324, 77.59524669704855 12.903424664159987, 77.5949264765333 12.903183166580959, 77.59458366964795 12.902973623063719, 77.59422157807387 12.90279805132727, 77.5938436891332 12.902658141871258, 77.59345364219716 12.902555241708871, 77.59305519363312 12.90249034140925, 77.59265218062892 12.902464065574174, 77.59224848424175 12.902476666838563, 77.59184799202862 12.90252802345398, 77.59145456061678 12.902617640475713, 77.59107197857529 12.902744654543019, 77.59070392994381 12.902907842205604, 77.59035395877005 12.90310563171473, 77.59002543499652 12.903336118166497, 77.58972152202406 12.90359708185019, 77.58944514626447 12.9038860096255, 77.58919896897423 12.904200119121922, 77.58898536064041 12.904536385528678, 77.58880637816432 12.904891570715936, 77.58866374506255 12.905262254408482, 77.5885588348757 12.905644867111224, 77.58849265794396 12.906035724470186))",15991,309072d0-629b-4c82-b4fe-d9d19b307e4d,Phi Property Management Services Pvt Ltd,12.9098809,77.5917833,,N_A,N_A,0,0.0,,fundoo,Private Sector,company,SMEs,1701844461
1,"POLYGON ((77.58849265794396 12.906035724470186, 77.58846585167711 12.90643106273915, 77.58847867441243 12.906827075010131, 77.58853100291996 12.907219947860018, 77.58862233357931 12.907605898060934, 77.58875178721692 12.907981209001173, 77.58891811755815 12.908342266466812, 77.58911972321272 12.90868559343932, 77.58935466307935 12.909007883575029, 77.58962067502144 12.909306033043872, 77.58991519763485 12.90957717042087, 77.59023539489898 12.909818684342868, 77.59057818347395 12.910028248663282, 77.59094026238215 12.910203844863604, 77.5913181447881 12.910343781504194, 77.59170819157175 12.910446710527108, 77.59210664637153 12.910511640254047, 77.59250967176006 12.910537944952477, 77.59291338620413 12.91052537087815, 77.59331390145285 12.91047403873472, 77.59370735999373 12.910384442526427, 77.59408997221517 12.910257444814068, 77.5944580529177 12.910094268419497, 77.5948080568211 12.909896484658494, 77.59513661272513 12.909665998213947, 77.59544055599417 12.909405028796346, 77.59571695905217 12.909116089766417, 77.59596315959352 12.908801963926988, 77.59617678623769 12.908465676717123, 77.59635578137967 12.9081104670659, 77.59649842101616 12.907739756188779, 77.5966033313554 12.907357114625553, 77.59666950205137 12.906966227839243, 77.59669629593392 12.906570860706955, 77.59668345514172 12.906174821245868, 77.59663110359855 12.905781923924037, 77.5965397458102 12.905395952909748, 77.59641026199265 12.9050206256145, 77.59624389958037 12.90465955688084, 77.59604226119613 12.904316224160217, 77.59580728919902 12.903993934017281, 77.59554124696035 12.903695790282324, 77.59524669704855 12.903424664159987, 77.5949264765333 12.903183166580959, 77.59458366964795 12.902973623063719, 77.59422157807387 12.90279805132727, 77.5938436891332 12.902658141871258, 77.59345364219716 12.902555241708871, 77.59305519363312 12.90249034140925, 77.59265218062892 12.902464065574174, 77.59224848424175 12.902476666838563, 77.59184799202862 12.90252802345398, 77.59145456061678 12.902617640475713, 77.59107197857529 12.902744654543019, 77.59070392994381 12.902907842205604, 77.59035395877005 12.90310563171473, 77.59002543499652 12.903336118166497, 77.58972152202406 12.90359708185019, 77.58944514626447 12.9038860096255, 77.58919896897423 12.904200119121922, 77.58898536064041 12.904536385528678, 77.58880637816432 12.904891570715936, 77.58866374506255 12.905262254408482, 77.5885588348757 12.905644867111224, 77.58849265794396 12.906035724470186))",33793,850b6edc-779e-483a-bf7a-e60696093bf2,DreamGains Financials India Pvt Ltd,12.9100269,77.5925044,,N_A,N_A,0,0.0,,fundoo,Private Sector,company,SMEs,1701844461
1,"POLYGON ((77.58849265794396 12.906035724470186, 77.58846585167711 12.90643106273915, 77.58847867441243 12.906827075010131, 77.58853100291996 12.907219947860018, 77.58862233357931 12.907605898060934, 77.58875178721692 12.907981209001173, 77.58891811755815 12.908342266466812, 77.58911972321272 12.90868559343932, 77.58935466307935 12.909007883575029, 77.58962067502144 12.909306033043872, 77.58991519763485 12.90957717042087, 77.59023539489898 12.909818684342868, 77.59057818347395 12.910028248663282, 77.59094026238215 12.910203844863604, 77.5913181447881 12.910343781504194, 77.59170819157175 12.910446710527108, 77.59210664637153 12.910511640254047, 77.59250967176006 12.910537944952477, 77.59291338620413 12.91052537087815, 77.59331390145285 12.91047403873472, 77.59370735999373 12.910384442526427, 77.59408997221517 12.910257444814068, 77.5944580529177 12.910094268419497, 77.5948080568211 12.909896484658494, 77.59513661272513 12.909665998213947, 77.59544055599417 12.909405028796346, 77.59571695905217 12.909116089766417, 77.59596315959352 12.908801963926988, 77.59617678623769 12.908465676717123, 77.59635578137967 12.9081104670659, 77.59649842101616 12.907739756188779, 77.5966033313554 12.907357114625553, 77.59666950205137 12.906966227839243, 77.59669629593392 12.906570860706955, 77.59668345514172 12.906174821245868, 77.59663110359855 12.905781923924037, 77.5965397458102 12.905395952909748, 77.59641026199265 12.9050206256145, 77.59624389958037 12.90465955688084, 77.59604226119613 12.904316224160217, 77.59580728919902 12.903993934017281, 77.59554124696035 12.903695790282324, 77.59524669704855 12.903424664159987, 77.5949264765333 12.903183166580959, 77.59458366964795 12.902973623063719, 77.59422157807387 12.90279805132727, 77.5938436891332 12.902658141871258, 77.59345364219716 12.902555241708871, 77.59305519363312 12.90249034140925, 77.59265218062892 12.902464065574174, 77.59224848424175 12.902476666838563, 77.59184799202862 12.90252802345398, 77.59145456061678 12.902617640475713, 77.59107197857529 12.902744654543019, 77.59070392994381 12.902907842205604, 77.59035395877005 12.90310563171473, 77.59002543499652 12.903336118166497, 77.58972152202406 12.90359708185019, 77.58944514626447 12.9038860096255, 77.58919896897423 12.904200119121922, 77.58898536064041 12.904536385528678, 77.58880637816432 12.904891570715936, 77.58866374506255 12.905262254408482, 77.5885588348757 12.905644867111224, 77.58849265794396 12.906035724470186))",8958,c7abb96a-60ea-452f-9320-5151781cd86e,OneHash Inc,12.9100269,77.5925044,,N_A,N_A,0,0.0,,fundoo,Private Sector,company,MNC,1701844461
1,"POLYGON ((77.58849265794396 12.906035724470186, 77.58846585167711 12.90643106273915, 77.58847867441243 12.906827075010131, 77.58853100291996 12.907219947860018, 77.58862233357931 12.907605898060934, 77.58875178721692 12.907981209001173, 77.58891811755815 12.908342266466812, 77.58911972321272 12.90868559343932, 77.58935466307935 12.909007883575029, 77.58962067502144 12.909306033043872, 77.58991519763485 12.90957717042087, 77.59023539489898 12.909818684342868, 77.59057818347395 12.910028248663282, 77.59094026238215 12.910203844863604, 77.5913181447881 12.910343781504194, 77.59170819157175 12.910446710527108, 77.59210664637153 12.910511640254047, 77.59250967176006 12.910537944952477, 77.59291338620413 12.91052537087815, 77.59331390145285 12.91047403873472, 77.59370735999373 12.910384442526427, 77.59408997221517 12.910257444814068, 77.5944580529177 12.910094268419497, 77.5948080568211 12.909896484658494, 77.59513661272513 12.909665998213947, 77.59544055599417 12.909405028796346, 77.59571695905217 12.909116089766417, 77.59596315959352 12.908801963926988, 77.59617678623769 12.908465676717123, 77.59635578137967 12.9081104670659, 77.59649842101616 12.907739756188779, 77.5966033313554 12.907357114625553, 77.59666950205137 12.906966227839243, 77.59669629593392 12.906570860706955, 77.59668345514172 12.906174821245868, 77.59663110359855 12.905781923924037, 77.5965397458102 12.905395952909748, 77.59641026199265 12.9050206256145, 77.59624389958037 12.90465955688084, 77.59604226119613 12.904316224160217, 77.59580728919902 12.903993934017281, 77.59554124696035 12.903695790282324, 77.59524669704855 12.903424664159987, 77.5949264765333 12.903183166580959, 77.59458366964795 12.902973623063719, 77.59422157807387 12.90279805132727, 77.5938436891332 12.902658141871258, 77.59345364219716 12.902555241708871, 77.59305519363312 12.90249034140925, 77.59265218062892 12.902464065574174, 77.59224848424175 12.902476666838563, 77.59184799202862 12.90252802345398, 77.59145456061678 12.902617640475713, 77.59107197857529 12.902744654543019, 77.59070392994381 12.902907842205604, 77.59035395877005 12.90310563171473, 77.59002543499652 12.903336118166497, 77.58972152202406 12.90359708185019, 77.58944514626447 12.9038860096255, 77.58919896897423 12.904200119121922, 77.58898536064041 12.904536385528678, 77.58880637816432 12.904891570715936, 77.58866374506255 12.905262254408482, 77.5885588348757 12.905644867111224, 77.58849265794396 12.906035724470186))",31436,e2e627df-015d-47a8-a2c5-c7e62761aad0,T V Rao Learning Systems Pvt Ltd,12.9103428,77.5916312,,N_A,N_A,0,0.0,,fundoo,Private Sector,company,SMEs,1701844461
