store_name,geometry,index_right,id,name,lat,lng,cid,brand_id,brand_name,number_of_votes,place_url,source,category,top_category,type,created_at,date,number_of_reviews,url,reviews_per_day,distance
1,"POLYGON ((77.58849265794396 12.906035724470186, 77.58846585167711 12.90643106273915, 77.58847867441243 12.906827075010131, 77.58853100291996 12.907219947860018, 77.58862233357931 12.907605898060934, 77.58875178721692 12.907981209001173, 77.58891811755815 12.908342266466812, 77.58911972321272 12.90868559343932, 77.58935466307935 12.909007883575029, 77.58962067502144 12.909306033043872, 77.58991519763485 12.90957717042087, 77.59023539489898 12.909818684342868, 77.59057818347395 12.910028248663282, 77.59094026238215 12.910203844863604, 77.5913181447881 12.910343781504194, 77.59170819157175 12.910446710527108, 77.59210664637153 12.910511640254047, 77.59250967176006 12.910537944952477, 77.59291338620413 12.91052537087815, 77.59331390145285 12.91047403873472, 77.59370735999373 12.910384442526427, 77.59408997221517 12.910257444814068, 77.5944580529177 12.910094268419497, 77.5948080568211 12.909896484658494, 77.59513661272513 12.909665998213947, 77.59544055599417 12.909405028796346, 77.59571695905217 12.909116089766417, 77.59596315959352 12.908801963926988, 77.59617678623769 12.908465676717123, 77.59635578137967 12.9081104670659, 77.59649842101616 12.907739756188779, 77.5966033313554 12.907357114625553, 77.59666950205137 12.906966227839243, 77.59669629593392 12.906570860706955, 77.59668345514172 12.906174821245868, 77.59663110359855 12.905781923924037, 77.5965397458102 12.905395952909748, 77.59641026199265 12.9050206256145, 77.59624389958037 12.90465955688084, 77.59604226119613 12.904316224160217, 77.59580728919902 12.903993934017281, 77.59554124696035 12.903695790282324, 77.59524669704855 12.903424664159987, 77.5949264765333 12.903183166580959, 77.59458366964795 12.902973623063719, 77.59422157807387 12.90279805132727, 77.5938436891332 12.902658141871258, 77.59345364219716 12.902555241708871, 77.59305519363312 12.90249034140925, 77.59265218062892 12.902464065574174, 77.59224848424175 12.902476666838563, 77.59184799202862 12.90252802345398, 77.59145456061678 12.902617640475713, 77.59107197857529 12.902744654543019, 77.59070392994381 12.902907842205604, 77.59035395877005 12.90310563171473, 77.59002543499652 12.903336118166497, 77.58972152202406 12.90359708185019, 77.58944514626447 12.9038860096255, 77.58919896897423 12.904200119121922, 77.58898536064041 12.904536385528678, 77.58880637816432 12.904891570715936, 77.58866374506255 12.905262254408482, 77.5885588348757 12.905644867111224, 77.58849265794396 12.906035724470186))",0,18724948,Jaganath Hotel And Restaurant,12.9069052705,77.594945915,18724948,zomato_jaganath_hotel_and_restaurant,Jaganath Hotel And Restaurant,28700,,zomato,restaurant,food,N_A,1688639100,1539714600.0,1684.0,,8.325292346121692,0.26
1,"POLYGON ((77.58849265794396 12.906035724470186, 77.58846585167711 12.90643106273915, 77.58847867441243 12.906827075010131, 77.58853100291996 12.907219947860018, 77.58862233357931 12.907605898060934, 77.58875178721692 12.907981209001173, 77.58891811755815 12.908342266466812, 77.58911972321272 12.90868559343932, 77.58935466307935 12.909007883575029, 77.58962067502144 12.909306033043872, 77.58991519763485 12.90957717042087, 77.59023539489898 12.909818684342868, 77.59057818347395 12.910028248663282, 77.59094026238215 12.910203844863604, 77.5913181447881 12.910343781504194, 77.59170819157175 12.910446710527108, 77.59210664637153 12.910511640254047, 77.59250967176006 12.910537944952477, 77.59291338620413 12.91052537087815, 77.59331390145285 12.91047403873472, 77.59370735999373 12.910384442526427, 77.59408997221517 12.910257444814068, 77.5944580529177 12.910094268419497, 77.5948080568211 12.909896484658494, 77.59513661272513 12.909665998213947, 77.59544055599417 12.909405028796346, 77.59571695905217 12.909116089766417, 77.59596315959352 12.908801963926988, 77.59617678623769 12.908465676717123, 77.59635578137967 12.9081104670659, 77.59649842101616 12.907739756188779, 77.5966033313554 12.907357114625553, 77.59666950205137 12.906966227839243, 77.59669629593392 12.906570860706955, 77.59668345514172 12.906174821245868, 77.59663110359855 12.905781923924037, 77.5965397458102 12.905395952909748, 77.59641026199265 12.9050206256145, 77.59624389958037 12.90465955688084, 77.59604226119613 12.904316224160217, 77.59580728919902 12.903993934017281, 77.59554124696035 12.903695790282324, 77.59524669704855 12.903424664159987, 77.5949264765333 12.903183166580959, 77.59458366964795 12.902973623063719, 77.59422157807387 12.90279805132727, 77.5938436891332 12.902658141871258, 77.59345364219716 12.902555241708871, 77.59305519363312 12.90249034140925, 77.59265218062892 12.902464065574174, 77.59224848424175 12.902476666838563, 77.59184799202862 12.90252802345398, 77.59145456061678 12.902617640475713, 77.59107197857529 12.902744654543019, 77.59070392994381 12.902907842205604, 77.59035395877005 12.90310563171473, 77.59002543499652 12.903336118166497, 77.58972152202406 12.90359708185019, 77.58944514626447 12.9038860096255, 77.58919896897423 12.904200119121922, 77.58898536064041 12.904536385528678, 77.58880637816432 12.904891570715936, 77.58866374506255 12.905262254408482, 77.5885588348757 12.905644867111224, 77.58849265794396 12.906035724470186))",1,ChIJM5837HgWrjsR_XGq95yp1ZY,Livspace,12.906137466430664,77.59114837646484,0x3bae1678ec379f33:0x96d5a99cf7aa71fd,livspace,Livspace,7352,https://www.google.com/maps/place/?q=place_id:ChIJM5837HgWrjsR_XGq95yp1ZY,gmaps_v2,home_decor,retail,furniture_store,1695212099,1468169683.0,7906.0,https://www.google.com/maps/preview/review/listentitiesreviews?authuser=0&hl=en&gl=in&pb=!1m2!1y4300399402800357171!2y10868779767363695101!2m2!2i10!3sCAESB0VnTUkzRDA=!3e2!4m5!3b1!4b1!6b1!7b1!20b1!5m2!1sPsrQZPb9H5adseMPzOi5IA!7e81,2.797771496582383,0.16
1,"POLYGON ((77.58849265794396 12.906035724470186, 77.58846585167711 12.90643106273915, 77.58847867441243 12.906827075010131, 77.58853100291996 12.907219947860018, 77.58862233357931 12.907605898060934, 77.58875178721692 12.907981209001173, 77.58891811755815 12.908342266466812, 77.58911972321272 12.90868559343932, 77.58935466307935 12.909007883575029, 77.58962067502144 12.909306033043872, 77.58991519763485 12.90957717042087, 77.59023539489898 12.909818684342868, 77.59057818347395 12.910028248663282, 77.59094026238215 12.910203844863604, 77.5913181447881 12.910343781504194, 77.59170819157175 12.910446710527108, 77.59210664637153 12.910511640254047, 77.59250967176006 12.910537944952477, 77.59291338620413 12.91052537087815, 77.59331390145285 12.91047403873472, 77.59370735999373 12.910384442526427, 77.59408997221517 12.910257444814068, 77.5944580529177 12.910094268419497, 77.5948080568211 12.909896484658494, 77.59513661272513 12.909665998213947, 77.59544055599417 12.909405028796346, 77.59571695905217 12.909116089766417, 77.59596315959352 12.908801963926988, 77.59617678623769 12.908465676717123, 77.59635578137967 12.9081104670659, 77.59649842101616 12.907739756188779, 77.5966033313554 12.907357114625553, 77.59666950205137 12.906966227839243, 77.59669629593392 12.906570860706955, 77.59668345514172 12.906174821245868, 77.59663110359855 12.905781923924037, 77.5965397458102 12.905395952909748, 77.59641026199265 12.9050206256145, 77.59624389958037 12.90465955688084, 77.59604226119613 12.904316224160217, 77.59580728919902 12.903993934017281, 77.59554124696035 12.903695790282324, 77.59524669704855 12.903424664159987, 77.5949264765333 12.903183166580959, 77.59458366964795 12.902973623063719, 77.59422157807387 12.90279805132727, 77.5938436891332 12.902658141871258, 77.59345364219716 12.902555241708871, 77.59305519363312 12.90249034140925, 77.59265218062892 12.902464065574174, 77.59224848424175 12.902476666838563, 77.59184799202862 12.90252802345398, 77.59145456061678 12.902617640475713, 77.59107197857529 12.902744654543019, 77.59070392994381 12.902907842205604, 77.59035395877005 12.90310563171473, 77.59002543499652 12.903336118166497, 77.58972152202406 12.90359708185019, 77.58944514626447 12.9038860096255, 77.58919896897423 12.904200119121922, 77.58898536064041 12.904536385528678, 77.58880637816432 12.904891570715936, 77.58866374506255 12.905262254408482, 77.5885588348757 12.905644867111224, 77.58849265794396 12.906035724470186))",2,18975675,Potful - Claypot Biryanis,12.9060212611,77.5958390906,18975675,zomato_potful_-_claypot_biryanis,Potful - Claypot Biryanis,8538,,zomato,restaurant,food,N_A,1688639100,1551897000.0,1698.0,,2.6973521687907382,0.36
1,"POLYGON ((77.58849265794396 12.906035724470186, 77.58846585167711 12.90643106273915, 77.58847867441243 12.906827075010131, 77.58853100291996 12.907219947860018, 77.58862233357931 12.907605898060934, 77.58875178721692 12.907981209001173, 77.58891811755815 12.908342266466812, 77.58911972321272 12.90868559343932, 77.58935466307935 12.909007883575029, 77.58962067502144 12.909306033043872, 77.58991519763485 12.90957717042087, 77.59023539489898 12.909818684342868, 77.59057818347395 12.910028248663282, 77.59094026238215 12.910203844863604, 77.5913181447881 12.910343781504194, 77.59170819157175 12.910446710527108, 77.59210664637153 12.910511640254047, 77.59250967176006 12.910537944952477, 77.59291338620413 12.91052537087815, 77.59331390145285 12.91047403873472, 77.59370735999373 12.910384442526427, 77.59408997221517 12.910257444814068, 77.5944580529177 12.910094268419497, 77.5948080568211 12.909896484658494, 77.59513661272513 12.909665998213947, 77.59544055599417 12.909405028796346, 77.59571695905217 12.909116089766417, 77.59596315959352 12.908801963926988, 77.59617678623769 12.908465676717123, 77.59635578137967 12.9081104670659, 77.59649842101616 12.907739756188779, 77.5966033313554 12.907357114625553, 77.59666950205137 12.906966227839243, 77.59669629593392 12.906570860706955, 77.59668345514172 12.906174821245868, 77.59663110359855 12.905781923924037, 77.5965397458102 12.905395952909748, 77.59641026199265 12.9050206256145, 77.59624389958037 12.90465955688084, 77.59604226119613 12.904316224160217, 77.59580728919902 12.903993934017281, 77.59554124696035 12.903695790282324, 77.59524669704855 12.903424664159987, 77.5949264765333 12.903183166580959, 77.59458366964795 12.902973623063719, 77.59422157807387 12.90279805132727, 77.5938436891332 12.902658141871258, 77.59345364219716 12.902555241708871, 77.59305519363312 12.90249034140925, 77.59265218062892 12.902464065574174, 77.59224848424175 12.902476666838563, 77.59184799202862 12.90252802345398, 77.59145456061678 12.902617640475713, 77.59107197857529 12.902744654543019, 77.59070392994381 12.902907842205604, 77.59035395877005 12.90310563171473, 77.59002543499652 12.903336118166497, 77.58972152202406 12.90359708185019, 77.58944514626447 12.9038860096255, 77.58919896897423 12.904200119121922, 77.58898536064041 12.904536385528678, 77.58880637816432 12.904891570715936, 77.58866374506255 12.905262254408482, 77.5885588348757 12.905644867111224, 77.58849265794396 12.906035724470186))",3,18663900,California Burrito,12.9061068843,77.5904793665,18663900,zomato_california_burrito,California Burrito,8241,,zomato,restaurant,food,N_A,1688639100,1521052200.0,2228.0,,2.1243378808248137,0.23
1,"POLYGON ((77.58849265794396 12.906035724470186, 77.58846585167711 12.90643106273915, 77.58847867441243 12.906827075010131, 77.58853100291996 12.907219947860018, 77.58862233357931 12.907605898060934, 77.58875178721692 12.907981209001173, 77.58891811755815 12.908342266466812, 77.58911972321272 12.90868559343932, 77.58935466307935 12.909007883575029, 77.58962067502144 12.909306033043872, 77.58991519763485 12.90957717042087, 77.59023539489898 12.909818684342868, 77.59057818347395 12.910028248663282, 77.59094026238215 12.910203844863604, 77.5913181447881 12.910343781504194, 77.59170819157175 12.910446710527108, 77.59210664637153 12.910511640254047, 77.59250967176006 12.910537944952477, 77.59291338620413 12.91052537087815, 77.59331390145285 12.91047403873472, 77.59370735999373 12.910384442526427, 77.59408997221517 12.910257444814068, 77.5944580529177 12.910094268419497, 77.5948080568211 12.909896484658494, 77.59513661272513 12.909665998213947, 77.59544055599417 12.909405028796346, 77.59571695905217 12.909116089766417, 77.59596315959352 12.908801963926988, 77.59617678623769 12.908465676717123, 77.59635578137967 12.9081104670659, 77.59649842101616 12.907739756188779, 77.5966033313554 12.907357114625553, 77.59666950205137 12.906966227839243, 77.59669629593392 12.906570860706955, 77.59668345514172 12.906174821245868, 77.59663110359855 12.905781923924037, 77.5965397458102 12.905395952909748, 77.59641026199265 12.9050206256145, 77.59624389958037 12.90465955688084, 77.59604226119613 12.904316224160217, 77.59580728919902 12.903993934017281, 77.59554124696035 12.903695790282324, 77.59524669704855 12.903424664159987, 77.5949264765333 12.903183166580959, 77.59458366964795 12.902973623063719, 77.59422157807387 12.90279805132727, 77.5938436891332 12.902658141871258, 77.59345364219716 12.902555241708871, 77.59305519363312 12.90249034140925, 77.59265218062892 12.902464065574174, 77.59224848424175 12.902476666838563, 77.59184799202862 12.90252802345398, 77.59145456061678 12.902617640475713, 77.59107197857529 12.902744654543019, 77.59070392994381 12.902907842205604, 77.59035395877005 12.90310563171473, 77.59002543499652 12.903336118166497, 77.58972152202406 12.90359708185019, 77.58944514626447 12.9038860096255, 77.58919896897423 12.904200119121922, 77.58898536064041 12.904536385528678, 77.58880637816432 12.904891570715936, 77.58866374506255 12.905262254408482, 77.5885588348757 12.905644867111224, 77.58849265794396 12.906035724470186))",4,ChIJi-Zp3xAVrjsROTG6aYtRG2I,Starbucks Coffee,12.906020164489746,77.59383392333984,0x3bae1510df69e68b:0x621b518b69ba3139,starbucks,Starbucks,4488,https://www.google.com/maps/place/?q=place_id:ChIJi-Zp3xAVrjsROTG6aYtRG2I,gmaps_v2,coffee_shop,food,N_A,1695212099,1416727907.0,4495.0,https://www.google.com/maps/preview/review/listentitiesreviews?authuser=0&hl=en&gl=in&pb=!1m2!1y4300397856397321867!2y7069333699304239417!2m2!2i10!3sCAESB0VnTUlpaU0=!3e2!4m5!3b1!4b1!6b1!7b1!20b1!5m2!1sPsrQZPb9H5adseMPzOi5IA!7e81,1.3924065032746993,0.15
1,"POLYGON ((77.58849265794396 12.906035724470186, 77.58846585167711 12.90643106273915, 77.58847867441243 12.906827075010131, 77.58853100291996 12.907219947860018, 77.58862233357931 12.907605898060934, 77.58875178721692 12.907981209001173, 77.58891811755815 12.908342266466812, 77.58911972321272 12.90868559343932, 77.58935466307935 12.909007883575029, 77.58962067502144 12.909306033043872, 77.58991519763485 12.90957717042087, 77.59023539489898 12.909818684342868, 77.59057818347395 12.910028248663282, 77.59094026238215 12.910203844863604, 77.5913181447881 12.910343781504194, 77.59170819157175 12.910446710527108, 77.59210664637153 12.910511640254047, 77.59250967176006 12.910537944952477, 77.59291338620413 12.91052537087815, 77.59331390145285 12.91047403873472, 77.59370735999373 12.910384442526427, 77.59408997221517 12.910257444814068, 77.5944580529177 12.910094268419497, 77.5948080568211 12.909896484658494, 77.59513661272513 12.909665998213947, 77.59544055599417 12.909405028796346, 77.59571695905217 12.909116089766417, 77.59596315959352 12.908801963926988, 77.59617678623769 12.908465676717123, 77.59635578137967 12.9081104670659, 77.59649842101616 12.907739756188779, 77.5966033313554 12.907357114625553, 77.59666950205137 12.906966227839243, 77.59669629593392 12.906570860706955, 77.59668345514172 12.906174821245868, 77.59663110359855 12.905781923924037, 77.5965397458102 12.905395952909748, 77.59641026199265 12.9050206256145, 77.59624389958037 12.90465955688084, 77.59604226119613 12.904316224160217, 77.59580728919902 12.903993934017281, 77.59554124696035 12.903695790282324, 77.59524669704855 12.903424664159987, 77.5949264765333 12.903183166580959, 77.59458366964795 12.902973623063719, 77.59422157807387 12.90279805132727, 77.5938436891332 12.902658141871258, 77.59345364219716 12.902555241708871, 77.59305519363312 12.90249034140925, 77.59265218062892 12.902464065574174, 77.59224848424175 12.902476666838563, 77.59184799202862 12.90252802345398, 77.59145456061678 12.902617640475713, 77.59107197857529 12.902744654543019, 77.59070392994381 12.902907842205604, 77.59035395877005 12.90310563171473, 77.59002543499652 12.903336118166497, 77.58972152202406 12.90359708185019, 77.58944514626447 12.9038860096255, 77.58919896897423 12.904200119121922, 77.58898536064041 12.904536385528678, 77.58880637816432 12.904891570715936, 77.58866374506255 12.905262254408482, 77.5885588348757 12.905644867111224, 77.58849265794396 12.906035724470186))",5,ChIJh5Xc4BMVrjsRyRLZTgHJJbE,California Burrito Mexican Grill @ JP Nagar,12.906120300292969,77.5903091430664,0x3bae1513e0dc9587:0xb125c9014ed912c9,californiaburrito,California Burrito,2811,https://www.google.com/maps/place/?q=place_id:ChIJh5Xc4BMVrjsRyRLZTgHJJbE,gmaps_v2,restaurant,food,N_A,1699615207,1520789511.0,2895.0,https://www.google.com/maps/preview/review/listentitiesreviews?authuser=0&hl=en&gl=in&pb=!1m2!1y4300397869306516871!2y12764829726306538185!2m2!2i10!3sCAESB0VnTUl5aFk=!3e2!4m5!3b1!4b1!6b1!7b1!20b1!5m2!1sPsrQZPb9H5adseMPzOi5IA!7e81,1.3581403871622566,0.25
1,"POLYGON ((77.58849265794396 12.906035724470186, 77.58846585167711 12.90643106273915, 77.58847867441243 12.906827075010131, 77.58853100291996 12.907219947860018, 77.58862233357931 12.907605898060934, 77.58875178721692 12.907981209001173, 77.58891811755815 12.908342266466812, 77.58911972321272 12.90868559343932, 77.58935466307935 12.909007883575029, 77.58962067502144 12.909306033043872, 77.58991519763485 12.90957717042087, 77.59023539489898 12.909818684342868, 77.59057818347395 12.910028248663282, 77.59094026238215 12.910203844863604, 77.5913181447881 12.910343781504194, 77.59170819157175 12.910446710527108, 77.59210664637153 12.910511640254047, 77.59250967176006 12.910537944952477, 77.59291338620413 12.91052537087815, 77.59331390145285 12.91047403873472, 77.59370735999373 12.910384442526427, 77.59408997221517 12.910257444814068, 77.5944580529177 12.910094268419497, 77.5948080568211 12.909896484658494, 77.59513661272513 12.909665998213947, 77.59544055599417 12.909405028796346, 77.59571695905217 12.909116089766417, 77.59596315959352 12.908801963926988, 77.59617678623769 12.908465676717123, 77.59635578137967 12.9081104670659, 77.59649842101616 12.907739756188779, 77.5966033313554 12.907357114625553, 77.59666950205137 12.906966227839243, 77.59669629593392 12.906570860706955, 77.59668345514172 12.906174821245868, 77.59663110359855 12.905781923924037, 77.5965397458102 12.905395952909748, 77.59641026199265 12.9050206256145, 77.59624389958037 12.90465955688084, 77.59604226119613 12.904316224160217, 77.59580728919902 12.903993934017281, 77.59554124696035 12.903695790282324, 77.59524669704855 12.903424664159987, 77.5949264765333 12.903183166580959, 77.59458366964795 12.902973623063719, 77.59422157807387 12.90279805132727, 77.5938436891332 12.902658141871258, 77.59345364219716 12.902555241708871, 77.59305519363312 12.90249034140925, 77.59265218062892 12.902464065574174, 77.59224848424175 12.902476666838563, 77.59184799202862 12.90252802345398, 77.59145456061678 12.902617640475713, 77.59107197857529 12.902744654543019, 77.59070392994381 12.902907842205604, 77.59035395877005 12.90310563171473, 77.59002543499652 12.903336118166497, 77.58972152202406 12.90359708185019, 77.58944514626447 12.9038860096255, 77.58919896897423 12.904200119121922, 77.58898536064041 12.904536385528678, 77.58880637816432 12.904891570715936, 77.58866374506255 12.905262254408482, 77.5885588348757 12.905644867111224, 77.58849265794396 12.906035724470186))",6,ChIJKRzRXxEVrjsRIzZHIBoRihg,Sri Venkateshwara Sweetmeat Stall,12.9061279296875,77.59075164794922,0x3bae15115fd11c29:0x188a111a20473623,venkateshwarasweets,Sri Venkateshwara Sweet-Meat Stall,2142,https://www.google.com/maps/place/?q=place_id:ChIJKRzRXxEVrjsRIzZHIBoRihg,gmaps_v2,restaurant,food,N_A,1699615207,1495107778.0,2169.0,https://www.google.com/maps/preview/review/listentitiesreviews?authuser=0&hl=en&gl=in&pb=!1m2!1y4300397858551569449!2y1768244607604700707!2m2!2i10!3sCAESB0VnTUk4QkE=!3e2!4m5!3b1!4b1!6b1!7b1!20b1!5m2!1sPsrQZPb9H5adseMPzOi5IA!7e81,0.9049490324383276,0.2
1,"POLYGON ((77.58849265794396 12.906035724470186, 77.58846585167711 12.90643106273915, 77.58847867441243 12.906827075010131, 77.58853100291996 12.907219947860018, 77.58862233357931 12.907605898060934, 77.58875178721692 12.907981209001173, 77.58891811755815 12.908342266466812, 77.58911972321272 12.90868559343932, 77.58935466307935 12.909007883575029, 77.58962067502144 12.909306033043872, 77.58991519763485 12.90957717042087, 77.59023539489898 12.909818684342868, 77.59057818347395 12.910028248663282, 77.59094026238215 12.910203844863604, 77.5913181447881 12.910343781504194, 77.59170819157175 12.910446710527108, 77.59210664637153 12.910511640254047, 77.59250967176006 12.910537944952477, 77.59291338620413 12.91052537087815, 77.59331390145285 12.91047403873472, 77.59370735999373 12.910384442526427, 77.59408997221517 12.910257444814068, 77.5944580529177 12.910094268419497, 77.5948080568211 12.909896484658494, 77.59513661272513 12.909665998213947, 77.59544055599417 12.909405028796346, 77.59571695905217 12.909116089766417, 77.59596315959352 12.908801963926988, 77.59617678623769 12.908465676717123, 77.59635578137967 12.9081104670659, 77.59649842101616 12.907739756188779, 77.5966033313554 12.907357114625553, 77.59666950205137 12.906966227839243, 77.59669629593392 12.906570860706955, 77.59668345514172 12.906174821245868, 77.59663110359855 12.905781923924037, 77.5965397458102 12.905395952909748, 77.59641026199265 12.9050206256145, 77.59624389958037 12.90465955688084, 77.59604226119613 12.904316224160217, 77.59580728919902 12.903993934017281, 77.59554124696035 12.903695790282324, 77.59524669704855 12.903424664159987, 77.5949264765333 12.903183166580959, 77.59458366964795 12.902973623063719, 77.59422157807387 12.90279805132727, 77.5938436891332 12.902658141871258, 77.59345364219716 12.902555241708871, 77.59305519363312 12.90249034140925, 77.59265218062892 12.902464065574174, 77.59224848424175 12.902476666838563, 77.59184799202862 12.90252802345398, 77.59145456061678 12.902617640475713, 77.59107197857529 12.902744654543019, 77.59070392994381 12.902907842205604, 77.59035395877005 12.90310563171473, 77.59002543499652 12.903336118166497, 77.58972152202406 12.90359708185019, 77.58944514626447 12.9038860096255, 77.58919896897423 12.904200119121922, 77.58898536064041 12.904536385528678, 77.58880637816432 12.904891570715936, 77.58866374506255 12.905262254408482, 77.5885588348757 12.905644867111224, 77.58849265794396 12.906035724470186))",7,ChIJQSMAQREVrjsRziPDefyBIrM,Caf√© Coffee Day,12.906102180480955,77.59187316894531,0x3bae151141002341:0xb32281fc79c323ce,cafecoffeeday,Cafe Coffee Day,1967,https://www.google.com/maps/place/?q=place_id:ChIJQSMAQREVrjsRziPDefyBIrM,gmaps_v2,coffee_shop,food,N_A,1687847039,1412690150.0,2077.0,https://www.google.com/maps/preview/review/listentitiesreviews?authuser=0&hl=en&gl=in&pb=!1m2!1y4300397858034557761!2y12908022403371836366!2m2!2i10!3sCAESB0VnTUlsaEE=!3e2!4m5!3b1!4b1!6b1!7b1!20b1!5m2!1sPsrQZPb9H5adseMPzOi5IA!7e81,0.6176432675105583,0.09
1,"POLYGON ((77.58849265794396 12.906035724470186, 77.58846585167711 12.90643106273915, 77.58847867441243 12.906827075010131, 77.58853100291996 12.907219947860018, 77.58862233357931 12.907605898060934, 77.58875178721692 12.907981209001173, 77.58891811755815 12.908342266466812, 77.58911972321272 12.90868559343932, 77.58935466307935 12.909007883575029, 77.58962067502144 12.909306033043872, 77.58991519763485 12.90957717042087, 77.59023539489898 12.909818684342868, 77.59057818347395 12.910028248663282, 77.59094026238215 12.910203844863604, 77.5913181447881 12.910343781504194, 77.59170819157175 12.910446710527108, 77.59210664637153 12.910511640254047, 77.59250967176006 12.910537944952477, 77.59291338620413 12.91052537087815, 77.59331390145285 12.91047403873472, 77.59370735999373 12.910384442526427, 77.59408997221517 12.910257444814068, 77.5944580529177 12.910094268419497, 77.5948080568211 12.909896484658494, 77.59513661272513 12.909665998213947, 77.59544055599417 12.909405028796346, 77.59571695905217 12.909116089766417, 77.59596315959352 12.908801963926988, 77.59617678623769 12.908465676717123, 77.59635578137967 12.9081104670659, 77.59649842101616 12.907739756188779, 77.5966033313554 12.907357114625553, 77.59666950205137 12.906966227839243, 77.59669629593392 12.906570860706955, 77.59668345514172 12.906174821245868, 77.59663110359855 12.905781923924037, 77.5965397458102 12.905395952909748, 77.59641026199265 12.9050206256145, 77.59624389958037 12.90465955688084, 77.59604226119613 12.904316224160217, 77.59580728919902 12.903993934017281, 77.59554124696035 12.903695790282324, 77.59524669704855 12.903424664159987, 77.5949264765333 12.903183166580959, 77.59458366964795 12.902973623063719, 77.59422157807387 12.90279805132727, 77.5938436891332 12.902658141871258, 77.59345364219716 12.902555241708871, 77.59305519363312 12.90249034140925, 77.59265218062892 12.902464065574174, 77.59224848424175 12.902476666838563, 77.59184799202862 12.90252802345398, 77.59145456061678 12.902617640475713, 77.59107197857529 12.902744654543019, 77.59070392994381 12.902907842205604, 77.59035395877005 12.90310563171473, 77.59002543499652 12.903336118166497, 77.58972152202406 12.90359708185019, 77.58944514626447 12.9038860096255, 77.58919896897423 12.904200119121922, 77.58898536064041 12.904536385528678, 77.58880637816432 12.904891570715936, 77.58866374506255 12.905262254408482, 77.5885588348757 12.905644867111224, 77.58849265794396 12.906035724470186))",8,ChIJP27JpRAVrjsR5F8VQeAVfF8,Domino's Pizza,12.905950546264648,77.59603881835938,0x3bae1510a5c96e3f:0x5f7c15e041155fe4,dominos,Domino'S Pizza,2213,https://www.google.com/maps/place/?q=place_id:ChIJP27JpRAVrjsR5F8VQeAVfF8,gmaps_v2,restaurant,food,N_A,1699615207,1381045933.0,2235.0,https://www.google.com/maps/preview/review/listentitiesreviews?authuser=0&hl=en&gl=in&pb=!1m2!1y4300397855430503999!2y6880398383624052708!2m2!2i10!3sCAESB0VnTUl0aEU=!3e2!4m5!3b1!4b1!6b1!7b1!20b1!5m2!1sPsrQZPb9H5adseMPzOi5IA!7e81,0.6001934762861029,0.38
1,"POLYGON ((77.58849265794396 12.906035724470186, 77.58846585167711 12.90643106273915, 77.58847867441243 12.906827075010131, 77.58853100291996 12.907219947860018, 77.58862233357931 12.907605898060934, 77.58875178721692 12.907981209001173, 77.58891811755815 12.908342266466812, 77.58911972321272 12.90868559343932, 77.58935466307935 12.909007883575029, 77.58962067502144 12.909306033043872, 77.58991519763485 12.90957717042087, 77.59023539489898 12.909818684342868, 77.59057818347395 12.910028248663282, 77.59094026238215 12.910203844863604, 77.5913181447881 12.910343781504194, 77.59170819157175 12.910446710527108, 77.59210664637153 12.910511640254047, 77.59250967176006 12.910537944952477, 77.59291338620413 12.91052537087815, 77.59331390145285 12.91047403873472, 77.59370735999373 12.910384442526427, 77.59408997221517 12.910257444814068, 77.5944580529177 12.910094268419497, 77.5948080568211 12.909896484658494, 77.59513661272513 12.909665998213947, 77.59544055599417 12.909405028796346, 77.59571695905217 12.909116089766417, 77.59596315959352 12.908801963926988, 77.59617678623769 12.908465676717123, 77.59635578137967 12.9081104670659, 77.59649842101616 12.907739756188779, 77.5966033313554 12.907357114625553, 77.59666950205137 12.906966227839243, 77.59669629593392 12.906570860706955, 77.59668345514172 12.906174821245868, 77.59663110359855 12.905781923924037, 77.5965397458102 12.905395952909748, 77.59641026199265 12.9050206256145, 77.59624389958037 12.90465955688084, 77.59604226119613 12.904316224160217, 77.59580728919902 12.903993934017281, 77.59554124696035 12.903695790282324, 77.59524669704855 12.903424664159987, 77.5949264765333 12.903183166580959, 77.59458366964795 12.902973623063719, 77.59422157807387 12.90279805132727, 77.5938436891332 12.902658141871258, 77.59345364219716 12.902555241708871, 77.59305519363312 12.90249034140925, 77.59265218062892 12.902464065574174, 77.59224848424175 12.902476666838563, 77.59184799202862 12.90252802345398, 77.59145456061678 12.902617640475713, 77.59107197857529 12.902744654543019, 77.59070392994381 12.902907842205604, 77.59035395877005 12.90310563171473, 77.59002543499652 12.903336118166497, 77.58972152202406 12.90359708185019, 77.58944514626447 12.9038860096255, 77.58919896897423 12.904200119121922, 77.58898536064041 12.904536385528678, 77.58880637816432 12.904891570715936, 77.58866374506255 12.905262254408482, 77.5885588348757 12.905644867111224, 77.58849265794396 12.906035724470186))",9,ChIJx2agucQVrjsRuBnYSCay9jQ,Habibi Falafel,12.906057357788086,77.59529113769531,0x3bae15c4b9a066c7:0x34f6b22648d819b8,habibifalafel,Habibi Falafel,365,https://www.google.com/maps/place/?q=place_id:ChIJx2agucQVrjsRuBnYSCay9jQ,gmaps_v2,restaurant,food,N_A,1687847039,1633108641.0,366.0,https://www.google.com/maps/preview/review/listentitiesreviews?authuser=0&hl=en&gl=in&pb=!1m2!1y4300398628857472711!2y3816433611743697336!2m2!2i10!3sCAESB0VnTUk2QUk=!3e2!4m5!3b1!4b1!6b1!7b1!20b1!5m2!1sPsrQZPb9H5adseMPzOi5IA!7e81,0.5761220852681878,0.3
1,"POLYGON ((77.58849265794396 12.906035724470186, 77.58846585167711 12.90643106273915, 77.58847867441243 12.906827075010131, 77.58853100291996 12.907219947860018, 77.58862233357931 12.907605898060934, 77.58875178721692 12.907981209001173, 77.58891811755815 12.908342266466812, 77.58911972321272 12.90868559343932, 77.58935466307935 12.909007883575029, 77.58962067502144 12.909306033043872, 77.58991519763485 12.90957717042087, 77.59023539489898 12.909818684342868, 77.59057818347395 12.910028248663282, 77.59094026238215 12.910203844863604, 77.5913181447881 12.910343781504194, 77.59170819157175 12.910446710527108, 77.59210664637153 12.910511640254047, 77.59250967176006 12.910537944952477, 77.59291338620413 12.91052537087815, 77.59331390145285 12.91047403873472, 77.59370735999373 12.910384442526427, 77.59408997221517 12.910257444814068, 77.5944580529177 12.910094268419497, 77.5948080568211 12.909896484658494, 77.59513661272513 12.909665998213947, 77.59544055599417 12.909405028796346, 77.59571695905217 12.909116089766417, 77.59596315959352 12.908801963926988, 77.59617678623769 12.908465676717123, 77.59635578137967 12.9081104670659, 77.59649842101616 12.907739756188779, 77.5966033313554 12.907357114625553, 77.59666950205137 12.906966227839243, 77.59669629593392 12.906570860706955, 77.59668345514172 12.906174821245868, 77.59663110359855 12.905781923924037, 77.5965397458102 12.905395952909748, 77.59641026199265 12.9050206256145, 77.59624389958037 12.90465955688084, 77.59604226119613 12.904316224160217, 77.59580728919902 12.903993934017281, 77.59554124696035 12.903695790282324, 77.59524669704855 12.903424664159987, 77.5949264765333 12.903183166580959, 77.59458366964795 12.902973623063719, 77.59422157807387 12.90279805132727, 77.5938436891332 12.902658141871258, 77.59345364219716 12.902555241708871, 77.59305519363312 12.90249034140925, 77.59265218062892 12.902464065574174, 77.59224848424175 12.902476666838563, 77.59184799202862 12.90252802345398, 77.59145456061678 12.902617640475713, 77.59107197857529 12.902744654543019, 77.59070392994381 12.902907842205604, 77.59035395877005 12.90310563171473, 77.59002543499652 12.903336118166497, 77.58972152202406 12.90359708185019, 77.58944514626447 12.9038860096255, 77.58919896897423 12.904200119121922, 77.58898536064041 12.904536385528678, 77.58880637816432 12.904891570715936, 77.58866374506255 12.905262254408482, 77.5885588348757 12.905644867111224, 77.58849265794396 12.906035724470186))",10,18594943,"Frozen Bottle - Milkshakes, Desserts And Ice Cream",12.9064604884,77.5897655636,18594943,"zomato_frozen_bottle_-_milkshakes,_desserts_and_ice_cream","Frozen Bottle - Milkshakes, Desserts And Ice Cream",2100,,zomato,restaurant,food,N_A,1688639100,1511289000.0,366.0,,0.5115305827287382,0.31
1,"POLYGON ((77.58849265794396 12.906035724470186, 77.58846585167711 12.90643106273915, 77.58847867441243 12.906827075010131, 77.58853100291996 12.907219947860018, 77.58862233357931 12.907605898060934, 77.58875178721692 12.907981209001173, 77.58891811755815 12.908342266466812, 77.58911972321272 12.90868559343932, 77.58935466307935 12.909007883575029, 77.58962067502144 12.909306033043872, 77.58991519763485 12.90957717042087, 77.59023539489898 12.909818684342868, 77.59057818347395 12.910028248663282, 77.59094026238215 12.910203844863604, 77.5913181447881 12.910343781504194, 77.59170819157175 12.910446710527108, 77.59210664637153 12.910511640254047, 77.59250967176006 12.910537944952477, 77.59291338620413 12.91052537087815, 77.59331390145285 12.91047403873472, 77.59370735999373 12.910384442526427, 77.59408997221517 12.910257444814068, 77.5944580529177 12.910094268419497, 77.5948080568211 12.909896484658494, 77.59513661272513 12.909665998213947, 77.59544055599417 12.909405028796346, 77.59571695905217 12.909116089766417, 77.59596315959352 12.908801963926988, 77.59617678623769 12.908465676717123, 77.59635578137967 12.9081104670659, 77.59649842101616 12.907739756188779, 77.5966033313554 12.907357114625553, 77.59666950205137 12.906966227839243, 77.59669629593392 12.906570860706955, 77.59668345514172 12.906174821245868, 77.59663110359855 12.905781923924037, 77.5965397458102 12.905395952909748, 77.59641026199265 12.9050206256145, 77.59624389958037 12.90465955688084, 77.59604226119613 12.904316224160217, 77.59580728919902 12.903993934017281, 77.59554124696035 12.903695790282324, 77.59524669704855 12.903424664159987, 77.5949264765333 12.903183166580959, 77.59458366964795 12.902973623063719, 77.59422157807387 12.90279805132727, 77.5938436891332 12.902658141871258, 77.59345364219716 12.902555241708871, 77.59305519363312 12.90249034140925, 77.59265218062892 12.902464065574174, 77.59224848424175 12.902476666838563, 77.59184799202862 12.90252802345398, 77.59145456061678 12.902617640475713, 77.59107197857529 12.902744654543019, 77.59070392994381 12.902907842205604, 77.59035395877005 12.90310563171473, 77.59002543499652 12.903336118166497, 77.58972152202406 12.90359708185019, 77.58944514626447 12.9038860096255, 77.58919896897423 12.904200119121922, 77.58898536064041 12.904536385528678, 77.58880637816432 12.904891570715936, 77.58866374506255 12.905262254408482, 77.5885588348757 12.905644867111224, 77.58849265794396 12.906035724470186))",11,19725244,Goli Vada Pav No.1,12.9060820471,77.5950870663,19725244,zomato_goli_vada_pav_no.1,Goli Vada Pav No.1,431,,zomato,restaurant,food,N_A,1688639100,1622485800.0,224.0,,0.2814553468987941,0.28
1,"POLYGON ((77.58849265794396 12.906035724470186, 77.58846585167711 12.90643106273915, 77.58847867441243 12.906827075010131, 77.58853100291996 12.907219947860018, 77.58862233357931 12.907605898060934, 77.58875178721692 12.907981209001173, 77.58891811755815 12.908342266466812, 77.58911972321272 12.90868559343932, 77.58935466307935 12.909007883575029, 77.58962067502144 12.909306033043872, 77.58991519763485 12.90957717042087, 77.59023539489898 12.909818684342868, 77.59057818347395 12.910028248663282, 77.59094026238215 12.910203844863604, 77.5913181447881 12.910343781504194, 77.59170819157175 12.910446710527108, 77.59210664637153 12.910511640254047, 77.59250967176006 12.910537944952477, 77.59291338620413 12.91052537087815, 77.59331390145285 12.91047403873472, 77.59370735999373 12.910384442526427, 77.59408997221517 12.910257444814068, 77.5944580529177 12.910094268419497, 77.5948080568211 12.909896484658494, 77.59513661272513 12.909665998213947, 77.59544055599417 12.909405028796346, 77.59571695905217 12.909116089766417, 77.59596315959352 12.908801963926988, 77.59617678623769 12.908465676717123, 77.59635578137967 12.9081104670659, 77.59649842101616 12.907739756188779, 77.5966033313554 12.907357114625553, 77.59666950205137 12.906966227839243, 77.59669629593392 12.906570860706955, 77.59668345514172 12.906174821245868, 77.59663110359855 12.905781923924037, 77.5965397458102 12.905395952909748, 77.59641026199265 12.9050206256145, 77.59624389958037 12.90465955688084, 77.59604226119613 12.904316224160217, 77.59580728919902 12.903993934017281, 77.59554124696035 12.903695790282324, 77.59524669704855 12.903424664159987, 77.5949264765333 12.903183166580959, 77.59458366964795 12.902973623063719, 77.59422157807387 12.90279805132727, 77.5938436891332 12.902658141871258, 77.59345364219716 12.902555241708871, 77.59305519363312 12.90249034140925, 77.59265218062892 12.902464065574174, 77.59224848424175 12.902476666838563, 77.59184799202862 12.90252802345398, 77.59145456061678 12.902617640475713, 77.59107197857529 12.902744654543019, 77.59070392994381 12.902907842205604, 77.59035395877005 12.90310563171473, 77.59002543499652 12.903336118166497, 77.58972152202406 12.90359708185019, 77.58944514626447 12.9038860096255, 77.58919896897423 12.904200119121922, 77.58898536064041 12.904536385528678, 77.58880637816432 12.904891570715936, 77.58866374506255 12.905262254408482, 77.5885588348757 12.905644867111224, 77.58849265794396 12.906035724470186))",12,ChIJzTk-6foVrjsRiRcvAuuDeP0,Sofas & More by Stanley - JP Nagar,12.90645980834961,77.59400177001953,0x3bae15fae93e39cd:0xfd7883eb022f1789,sofasandmore,Sofas & More,382,https://www.google.com/maps/place/?q=place_id:ChIJzTk-6foVrjsRiRcvAuuDeP0,gmaps_v2,home_decor,retail,furniture_store,1695212099,1574666709.0,403.0,https://www.google.com/maps/preview/review/listentitiesreviews?authuser=0&hl=en&gl=in&pb=!1m2!1y4300398861584579021!2y18264493334178240393!2m2!2i10!3sCAESB0VnTUlrQU0=!3e2!4m5!3b1!4b1!6b1!7b1!20b1!5m2!1sPsrQZPb9H5adseMPzOi5IA!7e81,0.2737956217156044,0.15
1,"POLYGON ((77.58849265794396 12.906035724470186, 77.58846585167711 12.90643106273915, 77.58847867441243 12.906827075010131, 77.58853100291996 12.907219947860018, 77.58862233357931 12.907605898060934, 77.58875178721692 12.907981209001173, 77.58891811755815 12.908342266466812, 77.58911972321272 12.90868559343932, 77.58935466307935 12.909007883575029, 77.58962067502144 12.909306033043872, 77.58991519763485 12.90957717042087, 77.59023539489898 12.909818684342868, 77.59057818347395 12.910028248663282, 77.59094026238215 12.910203844863604, 77.5913181447881 12.910343781504194, 77.59170819157175 12.910446710527108, 77.59210664637153 12.910511640254047, 77.59250967176006 12.910537944952477, 77.59291338620413 12.91052537087815, 77.59331390145285 12.91047403873472, 77.59370735999373 12.910384442526427, 77.59408997221517 12.910257444814068, 77.5944580529177 12.910094268419497, 77.5948080568211 12.909896484658494, 77.59513661272513 12.909665998213947, 77.59544055599417 12.909405028796346, 77.59571695905217 12.909116089766417, 77.59596315959352 12.908801963926988, 77.59617678623769 12.908465676717123, 77.59635578137967 12.9081104670659, 77.59649842101616 12.907739756188779, 77.5966033313554 12.907357114625553, 77.59666950205137 12.906966227839243, 77.59669629593392 12.906570860706955, 77.59668345514172 12.906174821245868, 77.59663110359855 12.905781923924037, 77.5965397458102 12.905395952909748, 77.59641026199265 12.9050206256145, 77.59624389958037 12.90465955688084, 77.59604226119613 12.904316224160217, 77.59580728919902 12.903993934017281, 77.59554124696035 12.903695790282324, 77.59524669704855 12.903424664159987, 77.5949264765333 12.903183166580959, 77.59458366964795 12.902973623063719, 77.59422157807387 12.90279805132727, 77.5938436891332 12.902658141871258, 77.59345364219716 12.902555241708871, 77.59305519363312 12.90249034140925, 77.59265218062892 12.902464065574174, 77.59224848424175 12.902476666838563, 77.59184799202862 12.90252802345398, 77.59145456061678 12.902617640475713, 77.59107197857529 12.902744654543019, 77.59070392994381 12.902907842205604, 77.59035395877005 12.90310563171473, 77.59002543499652 12.903336118166497, 77.58972152202406 12.90359708185019, 77.58944514626447 12.9038860096255, 77.58919896897423 12.904200119121922, 77.58898536064041 12.904536385528678, 77.58880637816432 12.904891570715936, 77.58866374506255 12.905262254408482, 77.5885588348757 12.905644867111224, 77.58849265794396 12.906035724470186))",13,ChIJ3_vuB1MVrjsRDmkTRBvyuNk,Pizza Hut,12.906085968017578,77.59529876708984,0x3bae155307eefbdf:0xd9b8f21b4413690e,pizzahut,Pizza Hut,276,https://www.google.com/maps/place/?q=place_id:ChIJ3_vuB1MVrjsRDmkTRBvyuNk,gmaps_v2,restaurant,food,N_A,1699615207,1612114489.0,289.0,https://www.google.com/maps/preview/review/listentitiesreviews?authuser=0&hl=en&gl=in&pb=!1m2!1y4300398140544973791!2y15688555500865284366!2m2!2i10!3sCAESB0VnTUltQUk=!3e2!4m5!3b1!4b1!6b1!7b1!20b1!5m2!1sPsrQZPb9H5adseMPzOi5IA!7e81,0.2725280494269773,0.3
1,"POLYGON ((77.58849265794396 12.906035724470186, 77.58846585167711 12.90643106273915, 77.58847867441243 12.906827075010131, 77.58853100291996 12.907219947860018, 77.58862233357931 12.907605898060934, 77.58875178721692 12.907981209001173, 77.58891811755815 12.908342266466812, 77.58911972321272 12.90868559343932, 77.58935466307935 12.909007883575029, 77.58962067502144 12.909306033043872, 77.58991519763485 12.90957717042087, 77.59023539489898 12.909818684342868, 77.59057818347395 12.910028248663282, 77.59094026238215 12.910203844863604, 77.5913181447881 12.910343781504194, 77.59170819157175 12.910446710527108, 77.59210664637153 12.910511640254047, 77.59250967176006 12.910537944952477, 77.59291338620413 12.91052537087815, 77.59331390145285 12.91047403873472, 77.59370735999373 12.910384442526427, 77.59408997221517 12.910257444814068, 77.5944580529177 12.910094268419497, 77.5948080568211 12.909896484658494, 77.59513661272513 12.909665998213947, 77.59544055599417 12.909405028796346, 77.59571695905217 12.909116089766417, 77.59596315959352 12.908801963926988, 77.59617678623769 12.908465676717123, 77.59635578137967 12.9081104670659, 77.59649842101616 12.907739756188779, 77.5966033313554 12.907357114625553, 77.59666950205137 12.906966227839243, 77.59669629593392 12.906570860706955, 77.59668345514172 12.906174821245868, 77.59663110359855 12.905781923924037, 77.5965397458102 12.905395952909748, 77.59641026199265 12.9050206256145, 77.59624389958037 12.90465955688084, 77.59604226119613 12.904316224160217, 77.59580728919902 12.903993934017281, 77.59554124696035 12.903695790282324, 77.59524669704855 12.903424664159987, 77.5949264765333 12.903183166580959, 77.59458366964795 12.902973623063719, 77.59422157807387 12.90279805132727, 77.5938436891332 12.902658141871258, 77.59345364219716 12.902555241708871, 77.59305519363312 12.90249034140925, 77.59265218062892 12.902464065574174, 77.59224848424175 12.902476666838563, 77.59184799202862 12.90252802345398, 77.59145456061678 12.902617640475713, 77.59107197857529 12.902744654543019, 77.59070392994381 12.902907842205604, 77.59035395877005 12.90310563171473, 77.59002543499652 12.903336118166497, 77.58972152202406 12.90359708185019, 77.58944514626447 12.9038860096255, 77.58919896897423 12.904200119121922, 77.58898536064041 12.904536385528678, 77.58880637816432 12.904891570715936, 77.58866374506255 12.905262254408482, 77.5885588348757 12.905644867111224, 77.58849265794396 12.906035724470186))",14,ChIJzwvvExMVrjsRr5wekzph2iE,Wildcraft,12.906047821044922,77.59381103515625,0x3bae151313ef0bcf:0x21da613a931e9caf,wildcraft,Wildcraft,581,https://www.google.com/maps/place/?q=place_id:ChIJzwvvExMVrjsRr5wekzph2iE,gmaps_v2,clothing_store,retail,N_A,1687847039,1428494757.0,596.0,https://www.google.com/maps/preview/review/listentitiesreviews?authuser=0&hl=en&gl=in&pb=!1m2!1y4300397865868397519!2y2439369052378799279!2m2!2i10!3sCAESB0VnTUl6Z1E=!3e2!4m5!3b1!4b1!6b1!7b1!20b1!5m2!1sPsrQZPb9H5adseMPzOi5IA!7e81,0.1935529528134246,0.14
1,"POLYGON ((77.58849265794396 12.906035724470186, 77.58846585167711 12.90643106273915, 77.58847867441243 12.906827075010131, 77.58853100291996 12.907219947860018, 77.58862233357931 12.907605898060934, 77.58875178721692 12.907981209001173, 77.58891811755815 12.908342266466812, 77.58911972321272 12.90868559343932, 77.58935466307935 12.909007883575029, 77.58962067502144 12.909306033043872, 77.58991519763485 12.90957717042087, 77.59023539489898 12.909818684342868, 77.59057818347395 12.910028248663282, 77.59094026238215 12.910203844863604, 77.5913181447881 12.910343781504194, 77.59170819157175 12.910446710527108, 77.59210664637153 12.910511640254047, 77.59250967176006 12.910537944952477, 77.59291338620413 12.91052537087815, 77.59331390145285 12.91047403873472, 77.59370735999373 12.910384442526427, 77.59408997221517 12.910257444814068, 77.5944580529177 12.910094268419497, 77.5948080568211 12.909896484658494, 77.59513661272513 12.909665998213947, 77.59544055599417 12.909405028796346, 77.59571695905217 12.909116089766417, 77.59596315959352 12.908801963926988, 77.59617678623769 12.908465676717123, 77.59635578137967 12.9081104670659, 77.59649842101616 12.907739756188779, 77.5966033313554 12.907357114625553, 77.59666950205137 12.906966227839243, 77.59669629593392 12.906570860706955, 77.59668345514172 12.906174821245868, 77.59663110359855 12.905781923924037, 77.5965397458102 12.905395952909748, 77.59641026199265 12.9050206256145, 77.59624389958037 12.90465955688084, 77.59604226119613 12.904316224160217, 77.59580728919902 12.903993934017281, 77.59554124696035 12.903695790282324, 77.59524669704855 12.903424664159987, 77.5949264765333 12.903183166580959, 77.59458366964795 12.902973623063719, 77.59422157807387 12.90279805132727, 77.5938436891332 12.902658141871258, 77.59345364219716 12.902555241708871, 77.59305519363312 12.90249034140925, 77.59265218062892 12.902464065574174, 77.59224848424175 12.902476666838563, 77.59184799202862 12.90252802345398, 77.59145456061678 12.902617640475713, 77.59107197857529 12.902744654543019, 77.59070392994381 12.902907842205604, 77.59035395877005 12.90310563171473, 77.59002543499652 12.903336118166497, 77.58972152202406 12.90359708185019, 77.58944514626447 12.9038860096255, 77.58919896897423 12.904200119121922, 77.58898536064041 12.904536385528678, 77.58880637816432 12.904891570715936, 77.58866374506255 12.905262254408482, 77.5885588348757 12.905644867111224, 77.58849265794396 12.906035724470186))",15,ChIJe0mTyxEVrjsRzoJQa9nzPSI,Spice Up (JP Nagar),12.909523010253906,77.59320068359375,0x3bae1511cb93497b:0x223df3d96b5082ce,w4u,W4U,826,https://www.google.com/maps/place/?q=place_id:ChIJe0mTyxEVrjsRzoJQa9nzPSI,gmaps_v2,restaurant,food,N_A,1699615207,1320680085.0,845.0,https://www.google.com/maps/preview/review/listentitiesreviews?authuser=0&hl=en&gl=in&pb=!1m2!1y4300397860359457147!2y2467396286002791118!2m2!2i10!3sCAESB0VnTUl5QVk=!3e2!4m5!3b1!4b1!6b1!7b1!20b1!5m2!1sPsrQZPb9H5adseMPzOi5IA!7e81,0.1883340863822066,0.34
1,"POLYGON ((77.58849265794396 12.906035724470186, 77.58846585167711 12.90643106273915, 77.58847867441243 12.906827075010131, 77.58853100291996 12.907219947860018, 77.58862233357931 12.907605898060934, 77.58875178721692 12.907981209001173, 77.58891811755815 12.908342266466812, 77.58911972321272 12.90868559343932, 77.58935466307935 12.909007883575029, 77.58962067502144 12.909306033043872, 77.58991519763485 12.90957717042087, 77.59023539489898 12.909818684342868, 77.59057818347395 12.910028248663282, 77.59094026238215 12.910203844863604, 77.5913181447881 12.910343781504194, 77.59170819157175 12.910446710527108, 77.59210664637153 12.910511640254047, 77.59250967176006 12.910537944952477, 77.59291338620413 12.91052537087815, 77.59331390145285 12.91047403873472, 77.59370735999373 12.910384442526427, 77.59408997221517 12.910257444814068, 77.5944580529177 12.910094268419497, 77.5948080568211 12.909896484658494, 77.59513661272513 12.909665998213947, 77.59544055599417 12.909405028796346, 77.59571695905217 12.909116089766417, 77.59596315959352 12.908801963926988, 77.59617678623769 12.908465676717123, 77.59635578137967 12.9081104670659, 77.59649842101616 12.907739756188779, 77.5966033313554 12.907357114625553, 77.59666950205137 12.906966227839243, 77.59669629593392 12.906570860706955, 77.59668345514172 12.906174821245868, 77.59663110359855 12.905781923924037, 77.5965397458102 12.905395952909748, 77.59641026199265 12.9050206256145, 77.59624389958037 12.90465955688084, 77.59604226119613 12.904316224160217, 77.59580728919902 12.903993934017281, 77.59554124696035 12.903695790282324, 77.59524669704855 12.903424664159987, 77.5949264765333 12.903183166580959, 77.59458366964795 12.902973623063719, 77.59422157807387 12.90279805132727, 77.5938436891332 12.902658141871258, 77.59345364219716 12.902555241708871, 77.59305519363312 12.90249034140925, 77.59265218062892 12.902464065574174, 77.59224848424175 12.902476666838563, 77.59184799202862 12.90252802345398, 77.59145456061678 12.902617640475713, 77.59107197857529 12.902744654543019, 77.59070392994381 12.902907842205604, 77.59035395877005 12.90310563171473, 77.59002543499652 12.903336118166497, 77.58972152202406 12.90359708185019, 77.58944514626447 12.9038860096255, 77.58919896897423 12.904200119121922, 77.58898536064041 12.904536385528678, 77.58880637816432 12.904891570715936, 77.58866374506255 12.905262254408482, 77.5885588348757 12.905644867111224, 77.58849265794396 12.906035724470186))",16,ChIJhTL8h7AVrjsRSazJLW45kSg,La Pinoz Pizza - JP Nagar,12.906133651733398,77.59284973144531,0x3bae15b087fc3285:0x2891396e2dc9ac49,lapinozpizza,La Pinoz Pizza,80,https://www.google.com/maps/place/?q=place_id:ChIJhTL8h7AVrjsRSazJLW45kSg,gmaps_v2,restaurant,food,N_A,1699615207,1661324672.0,88.0,https://www.google.com/maps/preview/review/listentitiesreviews?authuser=0&hl=en&gl=in&pb=!1m2!1y4300398542125281925!2y2923180778517539913!2m2!2i10!3sCAESBkVnSUlVQQ==!3e2!4m5!3b1!4b1!6b1!7b1!20b1!5m2!1sPsrQZPb9H5adseMPzOi5IA!7e81,0.1805145840871641,0.05
1,"POLYGON ((77.58849265794396 12.906035724470186, 77.58846585167711 12.90643106273915, 77.58847867441243 12.906827075010131, 77.58853100291996 12.907219947860018, 77.58862233357931 12.907605898060934, 77.58875178721692 12.907981209001173, 77.58891811755815 12.908342266466812, 77.58911972321272 12.90868559343932, 77.58935466307935 12.909007883575029, 77.58962067502144 12.909306033043872, 77.58991519763485 12.90957717042087, 77.59023539489898 12.909818684342868, 77.59057818347395 12.910028248663282, 77.59094026238215 12.910203844863604, 77.5913181447881 12.910343781504194, 77.59170819157175 12.910446710527108, 77.59210664637153 12.910511640254047, 77.59250967176006 12.910537944952477, 77.59291338620413 12.91052537087815, 77.59331390145285 12.91047403873472, 77.59370735999373 12.910384442526427, 77.59408997221517 12.910257444814068, 77.5944580529177 12.910094268419497, 77.5948080568211 12.909896484658494, 77.59513661272513 12.909665998213947, 77.59544055599417 12.909405028796346, 77.59571695905217 12.909116089766417, 77.59596315959352 12.908801963926988, 77.59617678623769 12.908465676717123, 77.59635578137967 12.9081104670659, 77.59649842101616 12.907739756188779, 77.5966033313554 12.907357114625553, 77.59666950205137 12.906966227839243, 77.59669629593392 12.906570860706955, 77.59668345514172 12.906174821245868, 77.59663110359855 12.905781923924037, 77.5965397458102 12.905395952909748, 77.59641026199265 12.9050206256145, 77.59624389958037 12.90465955688084, 77.59604226119613 12.904316224160217, 77.59580728919902 12.903993934017281, 77.59554124696035 12.903695790282324, 77.59524669704855 12.903424664159987, 77.5949264765333 12.903183166580959, 77.59458366964795 12.902973623063719, 77.59422157807387 12.90279805132727, 77.5938436891332 12.902658141871258, 77.59345364219716 12.902555241708871, 77.59305519363312 12.90249034140925, 77.59265218062892 12.902464065574174, 77.59224848424175 12.902476666838563, 77.59184799202862 12.90252802345398, 77.59145456061678 12.902617640475713, 77.59107197857529 12.902744654543019, 77.59070392994381 12.902907842205604, 77.59035395877005 12.90310563171473, 77.59002543499652 12.903336118166497, 77.58972152202406 12.90359708185019, 77.58944514626447 12.9038860096255, 77.58919896897423 12.904200119121922, 77.58898536064041 12.904536385528678, 77.58880637816432 12.904891570715936, 77.58866374506255 12.905262254408482, 77.5885588348757 12.905644867111224, 77.58849265794396 12.906035724470186))",17,ChIJE0-5E5sVrjsROsZxoA9I3tU,"Potful Biryani, JP Nagar",12.906054496765137,77.59566497802734,0x3bae159b13b94f13:0xd5de480fa071c63a,potful,Potful,282,https://www.google.com/maps/place/?q=place_id:ChIJE0-5E5sVrjsROsZxoA9I3tU,gmaps_v2,restaurant,food,N_A,1687847039,1552038586.0,292.0,https://www.google.com/maps/preview/review/listentitiesreviews?authuser=0&hl=en&gl=in&pb=!1m2!1y4300398449980428051!2y15410834206861936186!2m2!2i10!3sCAESB0VnTUlvZ0k=!3e2!4m5!3b1!4b1!6b1!7b1!20b1!5m2!1sPsrQZPb9H5adseMPzOi5IA!7e81,0.1794056221227996,0.34
1,"POLYGON ((77.58849265794396 12.906035724470186, 77.58846585167711 12.90643106273915, 77.58847867441243 12.906827075010131, 77.58853100291996 12.907219947860018, 77.58862233357931 12.907605898060934, 77.58875178721692 12.907981209001173, 77.58891811755815 12.908342266466812, 77.58911972321272 12.90868559343932, 77.58935466307935 12.909007883575029, 77.58962067502144 12.909306033043872, 77.58991519763485 12.90957717042087, 77.59023539489898 12.909818684342868, 77.59057818347395 12.910028248663282, 77.59094026238215 12.910203844863604, 77.5913181447881 12.910343781504194, 77.59170819157175 12.910446710527108, 77.59210664637153 12.910511640254047, 77.59250967176006 12.910537944952477, 77.59291338620413 12.91052537087815, 77.59331390145285 12.91047403873472, 77.59370735999373 12.910384442526427, 77.59408997221517 12.910257444814068, 77.5944580529177 12.910094268419497, 77.5948080568211 12.909896484658494, 77.59513661272513 12.909665998213947, 77.59544055599417 12.909405028796346, 77.59571695905217 12.909116089766417, 77.59596315959352 12.908801963926988, 77.59617678623769 12.908465676717123, 77.59635578137967 12.9081104670659, 77.59649842101616 12.907739756188779, 77.5966033313554 12.907357114625553, 77.59666950205137 12.906966227839243, 77.59669629593392 12.906570860706955, 77.59668345514172 12.906174821245868, 77.59663110359855 12.905781923924037, 77.5965397458102 12.905395952909748, 77.59641026199265 12.9050206256145, 77.59624389958037 12.90465955688084, 77.59604226119613 12.904316224160217, 77.59580728919902 12.903993934017281, 77.59554124696035 12.903695790282324, 77.59524669704855 12.903424664159987, 77.5949264765333 12.903183166580959, 77.59458366964795 12.902973623063719, 77.59422157807387 12.90279805132727, 77.5938436891332 12.902658141871258, 77.59345364219716 12.902555241708871, 77.59305519363312 12.90249034140925, 77.59265218062892 12.902464065574174, 77.59224848424175 12.902476666838563, 77.59184799202862 12.90252802345398, 77.59145456061678 12.902617640475713, 77.59107197857529 12.902744654543019, 77.59070392994381 12.902907842205604, 77.59035395877005 12.90310563171473, 77.59002543499652 12.903336118166497, 77.58972152202406 12.90359708185019, 77.58944514626447 12.9038860096255, 77.58919896897423 12.904200119121922, 77.58898536064041 12.904536385528678, 77.58880637816432 12.904891570715936, 77.58866374506255 12.905262254408482, 77.5885588348757 12.905644867111224, 77.58849265794396 12.906035724470186))",18,ChIJU8hm02wVrjsRr-pMLnse9T8,AP Beautiful Homes Karnataka Hardware & Paints,12.90603256225586,77.59249877929688,0x3bae156cd366c853:0x3ff51e7b2e4ceaaf,beautifulhomes,Beautiful Homes,195,https://www.google.com/maps/place/?q=place_id:ChIJU8hm02wVrjsRr-pMLnse9T8,gmaps_v2,home_decor,retail,N_A,1695212099,1565757828.0,234.0,https://www.google.com/maps/preview/review/listentitiesreviews?authuser=0&hl=en&gl=in&pb=!1m2!1y4300398251332782163!2y4608623308090174127!2m2!2i10!3sCAESB0VnTUk1Z0U=!3e2!4m5!3b1!4b1!6b1!7b1!20b1!5m2!1sPsrQZPb9H5adseMPzOi5IA!7e81,0.1301463433369456,0.05
1,"POLYGON ((77.58849265794396 12.906035724470186, 77.58846585167711 12.90643106273915, 77.58847867441243 12.906827075010131, 77.58853100291996 12.907219947860018, 77.58862233357931 12.907605898060934, 77.58875178721692 12.907981209001173, 77.58891811755815 12.908342266466812, 77.58911972321272 12.90868559343932, 77.58935466307935 12.909007883575029, 77.58962067502144 12.909306033043872, 77.58991519763485 12.90957717042087, 77.59023539489898 12.909818684342868, 77.59057818347395 12.910028248663282, 77.59094026238215 12.910203844863604, 77.5913181447881 12.910343781504194, 77.59170819157175 12.910446710527108, 77.59210664637153 12.910511640254047, 77.59250967176006 12.910537944952477, 77.59291338620413 12.91052537087815, 77.59331390145285 12.91047403873472, 77.59370735999373 12.910384442526427, 77.59408997221517 12.910257444814068, 77.5944580529177 12.910094268419497, 77.5948080568211 12.909896484658494, 77.59513661272513 12.909665998213947, 77.59544055599417 12.909405028796346, 77.59571695905217 12.909116089766417, 77.59596315959352 12.908801963926988, 77.59617678623769 12.908465676717123, 77.59635578137967 12.9081104670659, 77.59649842101616 12.907739756188779, 77.5966033313554 12.907357114625553, 77.59666950205137 12.906966227839243, 77.59669629593392 12.906570860706955, 77.59668345514172 12.906174821245868, 77.59663110359855 12.905781923924037, 77.5965397458102 12.905395952909748, 77.59641026199265 12.9050206256145, 77.59624389958037 12.90465955688084, 77.59604226119613 12.904316224160217, 77.59580728919902 12.903993934017281, 77.59554124696035 12.903695790282324, 77.59524669704855 12.903424664159987, 77.5949264765333 12.903183166580959, 77.59458366964795 12.902973623063719, 77.59422157807387 12.90279805132727, 77.5938436891332 12.902658141871258, 77.59345364219716 12.902555241708871, 77.59305519363312 12.90249034140925, 77.59265218062892 12.902464065574174, 77.59224848424175 12.902476666838563, 77.59184799202862 12.90252802345398, 77.59145456061678 12.902617640475713, 77.59107197857529 12.902744654543019, 77.59070392994381 12.902907842205604, 77.59035395877005 12.90310563171473, 77.59002543499652 12.903336118166497, 77.58972152202406 12.90359708185019, 77.58944514626447 12.9038860096255, 77.58919896897423 12.904200119121922, 77.58898536064041 12.904536385528678, 77.58880637816432 12.904891570715936, 77.58866374506255 12.905262254408482, 77.5885588348757 12.905644867111224, 77.58849265794396 12.906035724470186))",19,ChIJf2mk9_MVrjsRtDizTxxg0ik,Abaran Timeless Jewellery Pvt Ltd,12.90607452392578,77.58878326416016,0x3bae15f3f7a4697f:0x29d2601c4fb338b4,abaran,Abaran,69,https://www.google.com/maps/place/?q=place_id:ChIJf2mk9_MVrjsRtDizTxxg0ik,gmaps_v2,jewelry_store,retail,N_A,1687847039,1635357811.0,72.0,https://www.google.com/maps/preview/review/listentitiesreviews?authuser=0&hl=en&gl=in&pb=!1m2!1y4300398831761385855!2y3013576775376779444!2m2!2i10!3sCAESBkVnSUlSZw==!3e2!4m5!3b1!4b1!6b1!7b1!20b1!5m2!1sPsrQZPb9H5adseMPzOi5IA!7e81,0.1135775896723038,0.41
1,"POLYGON ((77.58849265794396 12.906035724470186, 77.58846585167711 12.90643106273915, 77.58847867441243 12.906827075010131, 77.58853100291996 12.907219947860018, 77.58862233357931 12.907605898060934, 77.58875178721692 12.907981209001173, 77.58891811755815 12.908342266466812, 77.58911972321272 12.90868559343932, 77.58935466307935 12.909007883575029, 77.58962067502144 12.909306033043872, 77.58991519763485 12.90957717042087, 77.59023539489898 12.909818684342868, 77.59057818347395 12.910028248663282, 77.59094026238215 12.910203844863604, 77.5913181447881 12.910343781504194, 77.59170819157175 12.910446710527108, 77.59210664637153 12.910511640254047, 77.59250967176006 12.910537944952477, 77.59291338620413 12.91052537087815, 77.59331390145285 12.91047403873472, 77.59370735999373 12.910384442526427, 77.59408997221517 12.910257444814068, 77.5944580529177 12.910094268419497, 77.5948080568211 12.909896484658494, 77.59513661272513 12.909665998213947, 77.59544055599417 12.909405028796346, 77.59571695905217 12.909116089766417, 77.59596315959352 12.908801963926988, 77.59617678623769 12.908465676717123, 77.59635578137967 12.9081104670659, 77.59649842101616 12.907739756188779, 77.5966033313554 12.907357114625553, 77.59666950205137 12.906966227839243, 77.59669629593392 12.906570860706955, 77.59668345514172 12.906174821245868, 77.59663110359855 12.905781923924037, 77.5965397458102 12.905395952909748, 77.59641026199265 12.9050206256145, 77.59624389958037 12.90465955688084, 77.59604226119613 12.904316224160217, 77.59580728919902 12.903993934017281, 77.59554124696035 12.903695790282324, 77.59524669704855 12.903424664159987, 77.5949264765333 12.903183166580959, 77.59458366964795 12.902973623063719, 77.59422157807387 12.90279805132727, 77.5938436891332 12.902658141871258, 77.59345364219716 12.902555241708871, 77.59305519363312 12.90249034140925, 77.59265218062892 12.902464065574174, 77.59224848424175 12.902476666838563, 77.59184799202862 12.90252802345398, 77.59145456061678 12.902617640475713, 77.59107197857529 12.902744654543019, 77.59070392994381 12.902907842205604, 77.59035395877005 12.90310563171473, 77.59002543499652 12.903336118166497, 77.58972152202406 12.90359708185019, 77.58944514626447 12.9038860096255, 77.58919896897423 12.904200119121922, 77.58898536064041 12.904536385528678, 77.58880637816432 12.904891570715936, 77.58866374506255 12.905262254408482, 77.5885588348757 12.905644867111224, 77.58849265794396 12.906035724470186))",20,ChIJe7PnP08VrjsRw1dRA53NcIU,Qmin,12.906129837036133,77.59111022949219,0x3bae154f3fe7b37b:0x8570cd9d035157c3,qmin,Qmin,56,https://www.google.com/maps/place/?q=place_id:ChIJe7PnP08VrjsRw1dRA53NcIU,gmaps_v2,coffee_shop,food,N_A,1687847039,1637510691.0,63.0,https://www.google.com/maps/preview/review/listentitiesreviews?authuser=0&hl=en&gl=in&pb=!1m2!1y4300398124304151419!2y9615411278685231043!2m2!2i10!3sCAESBkVnSUlQQQ==!3e2!4m5!3b1!4b1!6b1!7b1!20b1!5m2!1sPsrQZPb9H5adseMPzOi5IA!7e81,0.0961213952192161,0.16
1,"POLYGON ((77.58849265794396 12.906035724470186, 77.58846585167711 12.90643106273915, 77.58847867441243 12.906827075010131, 77.58853100291996 12.907219947860018, 77.58862233357931 12.907605898060934, 77.58875178721692 12.907981209001173, 77.58891811755815 12.908342266466812, 77.58911972321272 12.90868559343932, 77.58935466307935 12.909007883575029, 77.58962067502144 12.909306033043872, 77.58991519763485 12.90957717042087, 77.59023539489898 12.909818684342868, 77.59057818347395 12.910028248663282, 77.59094026238215 12.910203844863604, 77.5913181447881 12.910343781504194, 77.59170819157175 12.910446710527108, 77.59210664637153 12.910511640254047, 77.59250967176006 12.910537944952477, 77.59291338620413 12.91052537087815, 77.59331390145285 12.91047403873472, 77.59370735999373 12.910384442526427, 77.59408997221517 12.910257444814068, 77.5944580529177 12.910094268419497, 77.5948080568211 12.909896484658494, 77.59513661272513 12.909665998213947, 77.59544055599417 12.909405028796346, 77.59571695905217 12.909116089766417, 77.59596315959352 12.908801963926988, 77.59617678623769 12.908465676717123, 77.59635578137967 12.9081104670659, 77.59649842101616 12.907739756188779, 77.5966033313554 12.907357114625553, 77.59666950205137 12.906966227839243, 77.59669629593392 12.906570860706955, 77.59668345514172 12.906174821245868, 77.59663110359855 12.905781923924037, 77.5965397458102 12.905395952909748, 77.59641026199265 12.9050206256145, 77.59624389958037 12.90465955688084, 77.59604226119613 12.904316224160217, 77.59580728919902 12.903993934017281, 77.59554124696035 12.903695790282324, 77.59524669704855 12.903424664159987, 77.5949264765333 12.903183166580959, 77.59458366964795 12.902973623063719, 77.59422157807387 12.90279805132727, 77.5938436891332 12.902658141871258, 77.59345364219716 12.902555241708871, 77.59305519363312 12.90249034140925, 77.59265218062892 12.902464065574174, 77.59224848424175 12.902476666838563, 77.59184799202862 12.90252802345398, 77.59145456061678 12.902617640475713, 77.59107197857529 12.902744654543019, 77.59070392994381 12.902907842205604, 77.59035395877005 12.90310563171473, 77.59002543499652 12.903336118166497, 77.58972152202406 12.90359708185019, 77.58944514626447 12.9038860096255, 77.58919896897423 12.904200119121922, 77.58898536064041 12.904536385528678, 77.58880637816432 12.904891570715936, 77.58866374506255 12.905262254408482, 77.5885588348757 12.905644867111224, 77.58849265794396 12.906035724470186))",21,20372001,La Pino'z Pizza,12.9061097,77.5929306,20372001,zomato_la_pino'z_pizza,La Pino'Z Pizza,49,,zomato,restaurant,food,N_A,1688639100,1660415400.0,749.0,,0.0750007972023512,0.06
1,"POLYGON ((77.58849265794396 12.906035724470186, 77.58846585167711 12.90643106273915, 77.58847867441243 12.906827075010131, 77.58853100291996 12.907219947860018, 77.58862233357931 12.907605898060934, 77.58875178721692 12.907981209001173, 77.58891811755815 12.908342266466812, 77.58911972321272 12.90868559343932, 77.58935466307935 12.909007883575029, 77.58962067502144 12.909306033043872, 77.58991519763485 12.90957717042087, 77.59023539489898 12.909818684342868, 77.59057818347395 12.910028248663282, 77.59094026238215 12.910203844863604, 77.5913181447881 12.910343781504194, 77.59170819157175 12.910446710527108, 77.59210664637153 12.910511640254047, 77.59250967176006 12.910537944952477, 77.59291338620413 12.91052537087815, 77.59331390145285 12.91047403873472, 77.59370735999373 12.910384442526427, 77.59408997221517 12.910257444814068, 77.5944580529177 12.910094268419497, 77.5948080568211 12.909896484658494, 77.59513661272513 12.909665998213947, 77.59544055599417 12.909405028796346, 77.59571695905217 12.909116089766417, 77.59596315959352 12.908801963926988, 77.59617678623769 12.908465676717123, 77.59635578137967 12.9081104670659, 77.59649842101616 12.907739756188779, 77.5966033313554 12.907357114625553, 77.59666950205137 12.906966227839243, 77.59669629593392 12.906570860706955, 77.59668345514172 12.906174821245868, 77.59663110359855 12.905781923924037, 77.5965397458102 12.905395952909748, 77.59641026199265 12.9050206256145, 77.59624389958037 12.90465955688084, 77.59604226119613 12.904316224160217, 77.59580728919902 12.903993934017281, 77.59554124696035 12.903695790282324, 77.59524669704855 12.903424664159987, 77.5949264765333 12.903183166580959, 77.59458366964795 12.902973623063719, 77.59422157807387 12.90279805132727, 77.5938436891332 12.902658141871258, 77.59345364219716 12.902555241708871, 77.59305519363312 12.90249034140925, 77.59265218062892 12.902464065574174, 77.59224848424175 12.902476666838563, 77.59184799202862 12.90252802345398, 77.59145456061678 12.902617640475713, 77.59107197857529 12.902744654543019, 77.59070392994381 12.902907842205604, 77.59035395877005 12.90310563171473, 77.59002543499652 12.903336118166497, 77.58972152202406 12.90359708185019, 77.58944514626447 12.9038860096255, 77.58919896897423 12.904200119121922, 77.58898536064041 12.904536385528678, 77.58880637816432 12.904891570715936, 77.58866374506255 12.905262254408482, 77.5885588348757 12.905644867111224, 77.58849265794396 12.906035724470186))",22,ChIJn0EEEBoVrjsRidpr5YmgDWU,RUOSH JP Nagar,12.905963897705078,77.59637451171875,0x3bae151a1004419f:0x650da089e56bda89,ruosh,Ruosh,188,https://www.google.com/maps/place/?q=place_id:ChIJn0EEEBoVrjsRidpr5YmgDWU,gmaps_v2,shoe_store,retail,N_A,1687847039,1453484989.0,192.0,https://www.google.com/maps/preview/review/listentitiesreviews?authuser=0&hl=en&gl=in&pb=!1m2!1y4300397895867449759!2y7281652686647974537!2m2!2i10!3sCAESB0VnTUl2Z0U=!3e2!4m5!3b1!4b1!6b1!7b1!20b1!5m2!1sPsrQZPb9H5adseMPzOi5IA!7e81,0.0693081495062873,0.42
1,"POLYGON ((77.58849265794396 12.906035724470186, 77.58846585167711 12.90643106273915, 77.58847867441243 12.906827075010131, 77.58853100291996 12.907219947860018, 77.58862233357931 12.907605898060934, 77.58875178721692 12.907981209001173, 77.58891811755815 12.908342266466812, 77.58911972321272 12.90868559343932, 77.58935466307935 12.909007883575029, 77.58962067502144 12.909306033043872, 77.58991519763485 12.90957717042087, 77.59023539489898 12.909818684342868, 77.59057818347395 12.910028248663282, 77.59094026238215 12.910203844863604, 77.5913181447881 12.910343781504194, 77.59170819157175 12.910446710527108, 77.59210664637153 12.910511640254047, 77.59250967176006 12.910537944952477, 77.59291338620413 12.91052537087815, 77.59331390145285 12.91047403873472, 77.59370735999373 12.910384442526427, 77.59408997221517 12.910257444814068, 77.5944580529177 12.910094268419497, 77.5948080568211 12.909896484658494, 77.59513661272513 12.909665998213947, 77.59544055599417 12.909405028796346, 77.59571695905217 12.909116089766417, 77.59596315959352 12.908801963926988, 77.59617678623769 12.908465676717123, 77.59635578137967 12.9081104670659, 77.59649842101616 12.907739756188779, 77.5966033313554 12.907357114625553, 77.59666950205137 12.906966227839243, 77.59669629593392 12.906570860706955, 77.59668345514172 12.906174821245868, 77.59663110359855 12.905781923924037, 77.5965397458102 12.905395952909748, 77.59641026199265 12.9050206256145, 77.59624389958037 12.90465955688084, 77.59604226119613 12.904316224160217, 77.59580728919902 12.903993934017281, 77.59554124696035 12.903695790282324, 77.59524669704855 12.903424664159987, 77.5949264765333 12.903183166580959, 77.59458366964795 12.902973623063719, 77.59422157807387 12.90279805132727, 77.5938436891332 12.902658141871258, 77.59345364219716 12.902555241708871, 77.59305519363312 12.90249034140925, 77.59265218062892 12.902464065574174, 77.59224848424175 12.902476666838563, 77.59184799202862 12.90252802345398, 77.59145456061678 12.902617640475713, 77.59107197857529 12.902744654543019, 77.59070392994381 12.902907842205604, 77.59035395877005 12.90310563171473, 77.59002543499652 12.903336118166497, 77.58972152202406 12.90359708185019, 77.58944514626447 12.9038860096255, 77.58919896897423 12.904200119121922, 77.58898536064041 12.904536385528678, 77.58880637816432 12.904891570715936, 77.58866374506255 12.905262254408482, 77.5885588348757 12.905644867111224, 77.58849265794396 12.906035724470186))",23,19773336,Winni Cakes & More,12.9061768208,77.5933949277,19773336,zomato_winni_cakes_&_more,Winni Cakes & More,63,,zomato,restaurant,food,N_A,1688639100,1628620200.0,56.0,,0.0453457160994286,0.1
1,"POLYGON ((77.58849265794396 12.906035724470186, 77.58846585167711 12.90643106273915, 77.58847867441243 12.906827075010131, 77.58853100291996 12.907219947860018, 77.58862233357931 12.907605898060934, 77.58875178721692 12.907981209001173, 77.58891811755815 12.908342266466812, 77.58911972321272 12.90868559343932, 77.58935466307935 12.909007883575029, 77.58962067502144 12.909306033043872, 77.58991519763485 12.90957717042087, 77.59023539489898 12.909818684342868, 77.59057818347395 12.910028248663282, 77.59094026238215 12.910203844863604, 77.5913181447881 12.910343781504194, 77.59170819157175 12.910446710527108, 77.59210664637153 12.910511640254047, 77.59250967176006 12.910537944952477, 77.59291338620413 12.91052537087815, 77.59331390145285 12.91047403873472, 77.59370735999373 12.910384442526427, 77.59408997221517 12.910257444814068, 77.5944580529177 12.910094268419497, 77.5948080568211 12.909896484658494, 77.59513661272513 12.909665998213947, 77.59544055599417 12.909405028796346, 77.59571695905217 12.909116089766417, 77.59596315959352 12.908801963926988, 77.59617678623769 12.908465676717123, 77.59635578137967 12.9081104670659, 77.59649842101616 12.907739756188779, 77.5966033313554 12.907357114625553, 77.59666950205137 12.906966227839243, 77.59669629593392 12.906570860706955, 77.59668345514172 12.906174821245868, 77.59663110359855 12.905781923924037, 77.5965397458102 12.905395952909748, 77.59641026199265 12.9050206256145, 77.59624389958037 12.90465955688084, 77.59604226119613 12.904316224160217, 77.59580728919902 12.903993934017281, 77.59554124696035 12.903695790282324, 77.59524669704855 12.903424664159987, 77.5949264765333 12.903183166580959, 77.59458366964795 12.902973623063719, 77.59422157807387 12.90279805132727, 77.5938436891332 12.902658141871258, 77.59345364219716 12.902555241708871, 77.59305519363312 12.90249034140925, 77.59265218062892 12.902464065574174, 77.59224848424175 12.902476666838563, 77.59184799202862 12.90252802345398, 77.59145456061678 12.902617640475713, 77.59107197857529 12.902744654543019, 77.59070392994381 12.902907842205604, 77.59035395877005 12.90310563171473, 77.59002543499652 12.903336118166497, 77.58972152202406 12.90359708185019, 77.58944514626447 12.9038860096255, 77.58919896897423 12.904200119121922, 77.58898536064041 12.904536385528678, 77.58880637816432 12.904891570715936, 77.58866374506255 12.905262254408482, 77.5885588348757 12.905644867111224, 77.58849265794396 12.906035724470186))",24,ChIJC9monpcVrjsRSui0dFmBOrI,Paris Panini - Gourmet Sandwiches & Wraps,12.9065580368042,77.59178924560547,0x3bae15979ea8d90b:0xb23a815974b4e84a,parispanini,Paris Panini,29,https://www.google.com/maps/place/?q=place_id:ChIJC9monpcVrjsRSui0dFmBOrI,gmaps_v2,restaurant,food,N_A,1699615207,0.0,0.0,,0.0014742160400074,0.09
1,"POLYGON ((77.58849265794396 12.906035724470186, 77.58846585167711 12.90643106273915, 77.58847867441243 12.906827075010131, 77.58853100291996 12.907219947860018, 77.58862233357931 12.907605898060934, 77.58875178721692 12.907981209001173, 77.58891811755815 12.908342266466812, 77.58911972321272 12.90868559343932, 77.58935466307935 12.909007883575029, 77.58962067502144 12.909306033043872, 77.58991519763485 12.90957717042087, 77.59023539489898 12.909818684342868, 77.59057818347395 12.910028248663282, 77.59094026238215 12.910203844863604, 77.5913181447881 12.910343781504194, 77.59170819157175 12.910446710527108, 77.59210664637153 12.910511640254047, 77.59250967176006 12.910537944952477, 77.59291338620413 12.91052537087815, 77.59331390145285 12.91047403873472, 77.59370735999373 12.910384442526427, 77.59408997221517 12.910257444814068, 77.5944580529177 12.910094268419497, 77.5948080568211 12.909896484658494, 77.59513661272513 12.909665998213947, 77.59544055599417 12.909405028796346, 77.59571695905217 12.909116089766417, 77.59596315959352 12.908801963926988, 77.59617678623769 12.908465676717123, 77.59635578137967 12.9081104670659, 77.59649842101616 12.907739756188779, 77.5966033313554 12.907357114625553, 77.59666950205137 12.906966227839243, 77.59669629593392 12.906570860706955, 77.59668345514172 12.906174821245868, 77.59663110359855 12.905781923924037, 77.5965397458102 12.905395952909748, 77.59641026199265 12.9050206256145, 77.59624389958037 12.90465955688084, 77.59604226119613 12.904316224160217, 77.59580728919902 12.903993934017281, 77.59554124696035 12.903695790282324, 77.59524669704855 12.903424664159987, 77.5949264765333 12.903183166580959, 77.59458366964795 12.902973623063719, 77.59422157807387 12.90279805132727, 77.5938436891332 12.902658141871258, 77.59345364219716 12.902555241708871, 77.59305519363312 12.90249034140925, 77.59265218062892 12.902464065574174, 77.59224848424175 12.902476666838563, 77.59184799202862 12.90252802345398, 77.59145456061678 12.902617640475713, 77.59107197857529 12.902744654543019, 77.59070392994381 12.902907842205604, 77.59035395877005 12.90310563171473, 77.59002543499652 12.903336118166497, 77.58972152202406 12.90359708185019, 77.58944514626447 12.9038860096255, 77.58919896897423 12.904200119121922, 77.58898536064041 12.904536385528678, 77.58880637816432 12.904891570715936, 77.58866374506255 12.905262254408482, 77.5885588348757 12.905644867111224, 77.58849265794396 12.906035724470186))",25,ChIJ3bJclgUVrjsRPM-I2VIOUoE,Mumbai Chai - JP Nagar Bengaluru,12.906685829162598,77.59494018554688,0x3bae1505965cb2dd:0x81520e52d988cf3c,mumbaichai,Mumbai Chai Caf√©,13,https://www.google.com/maps/place/?q=place_id:ChIJ3bJclgUVrjsRPM-I2VIOUoE,gmaps_v2,coffee_shop,food,N_A,1687847039,0.0,0.0,,0.0006654631456802,0.26
1,"POLYGON ((77.58849265794396 12.906035724470186, 77.58846585167711 12.90643106273915, 77.58847867441243 12.906827075010131, 77.58853100291996 12.907219947860018, 77.58862233357931 12.907605898060934, 77.58875178721692 12.907981209001173, 77.58891811755815 12.908342266466812, 77.58911972321272 12.90868559343932, 77.58935466307935 12.909007883575029, 77.58962067502144 12.909306033043872, 77.58991519763485 12.90957717042087, 77.59023539489898 12.909818684342868, 77.59057818347395 12.910028248663282, 77.59094026238215 12.910203844863604, 77.5913181447881 12.910343781504194, 77.59170819157175 12.910446710527108, 77.59210664637153 12.910511640254047, 77.59250967176006 12.910537944952477, 77.59291338620413 12.91052537087815, 77.59331390145285 12.91047403873472, 77.59370735999373 12.910384442526427, 77.59408997221517 12.910257444814068, 77.5944580529177 12.910094268419497, 77.5948080568211 12.909896484658494, 77.59513661272513 12.909665998213947, 77.59544055599417 12.909405028796346, 77.59571695905217 12.909116089766417, 77.59596315959352 12.908801963926988, 77.59617678623769 12.908465676717123, 77.59635578137967 12.9081104670659, 77.59649842101616 12.907739756188779, 77.5966033313554 12.907357114625553, 77.59666950205137 12.906966227839243, 77.59669629593392 12.906570860706955, 77.59668345514172 12.906174821245868, 77.59663110359855 12.905781923924037, 77.5965397458102 12.905395952909748, 77.59641026199265 12.9050206256145, 77.59624389958037 12.90465955688084, 77.59604226119613 12.904316224160217, 77.59580728919902 12.903993934017281, 77.59554124696035 12.903695790282324, 77.59524669704855 12.903424664159987, 77.5949264765333 12.903183166580959, 77.59458366964795 12.902973623063719, 77.59422157807387 12.90279805132727, 77.5938436891332 12.902658141871258, 77.59345364219716 12.902555241708871, 77.59305519363312 12.90249034140925, 77.59265218062892 12.902464065574174, 77.59224848424175 12.902476666838563, 77.59184799202862 12.90252802345398, 77.59145456061678 12.902617640475713, 77.59107197857529 12.902744654543019, 77.59070392994381 12.902907842205604, 77.59035395877005 12.90310563171473, 77.59002543499652 12.903336118166497, 77.58972152202406 12.90359708185019, 77.58944514626447 12.9038860096255, 77.58919896897423 12.904200119121922, 77.58898536064041 12.904536385528678, 77.58880637816432 12.904891570715936, 77.58866374506255 12.905262254408482, 77.5885588348757 12.905644867111224, 77.58849265794396 12.906035724470186))",26,ChIJZwau2PAVrjsR23S4CpSA68c,The Pizza Bakery,12.906472206115724,77.59184265136719,0x3bae15f0d8ae0667:0xc7eb80940ab874db,thepizzabakery,The Pizza Bakery,12,https://www.google.com/maps/place/?q=place_id:ChIJZwau2PAVrjsR23S4CpSA68c,gmaps_v2,restaurant,food,N_A,1699615207,0.0,0.0,,0.0006100204303479,0.08
