store_name,geometry,index_right,id,bathrooms,bedrooms,price,name,lat,lng,type,desc,covered_area,carpet_area,trans_type,source,distance
1,"POLYGON ((77.58849265794396 12.906035724470186, 77.58846585167711 12.90643106273915, 77.58847867441243 12.906827075010131, 77.58853100291996 12.907219947860018, 77.58862233357931 12.907605898060934, 77.58875178721692 12.907981209001173, 77.58891811755815 12.908342266466812, 77.58911972321272 12.90868559343932, 77.58935466307935 12.909007883575029, 77.58962067502144 12.909306033043872, 77.58991519763485 12.90957717042087, 77.59023539489898 12.909818684342868, 77.59057818347395 12.910028248663282, 77.59094026238215 12.910203844863604, 77.5913181447881 12.910343781504194, 77.59170819157175 12.910446710527108, 77.59210664637153 12.910511640254047, 77.59250967176006 12.910537944952477, 77.59291338620413 12.91052537087815, 77.59331390145285 12.91047403873472, 77.59370735999373 12.910384442526427, 77.59408997221517 12.910257444814068, 77.5944580529177 12.910094268419497, 77.5948080568211 12.909896484658494, 77.59513661272513 12.909665998213947, 77.59544055599417 12.909405028796346, 77.59571695905217 12.909116089766417, 77.59596315959352 12.908801963926988, 77.59617678623769 12.908465676717123, 77.59635578137967 12.9081104670659, 77.59649842101616 12.907739756188779, 77.5966033313554 12.907357114625553, 77.59666950205137 12.906966227839243, 77.59669629593392 12.906570860706955, 77.59668345514172 12.906174821245868, 77.59663110359855 12.905781923924037, 77.5965397458102 12.905395952909748, 77.59641026199265 12.9050206256145, 77.59624389958037 12.90465955688084, 77.59604226119613 12.904316224160217, 77.59580728919902 12.903993934017281, 77.59554124696035 12.903695790282324, 77.59524669704855 12.903424664159987, 77.5949264765333 12.903183166580959, 77.59458366964795 12.902973623063719, 77.59422157807387 12.90279805132727, 77.5938436891332 12.902658141871258, 77.59345364219716 12.902555241708871, 77.59305519363312 12.90249034140925, 77.59265218062892 12.902464065574174, 77.59224848424175 12.902476666838563, 77.59184799202862 12.90252802345398, 77.59145456061678 12.902617640475713, 77.59107197857529 12.902744654543019, 77.59070392994381 12.902907842205604, 77.59035395877005 12.90310563171473, 77.59002543499652 12.903336118166497, 77.58972152202406 12.90359708185019, 77.58944514626447 12.9038860096255, 77.58919896897423 12.904200119121922, 77.58898536064041 12.904536385528678, 77.58880637816432 12.904891570715936, 77.58866374506255 12.905262254408482, 77.5885588348757 12.905644867111224, 77.58849265794396 12.906035724470186))",2459,8a9ff783894e505f01894e8b24302845,4.0,4.0,37000000.0,4 BHK Flat  In King&#39;s Court For Sale  In J P Nagara,12.90622,77.596373,AP,"Fully fitted apartment with designer theme; in the heart of JP Nagar, close to schools, shopping, F&B and health care...ready for immediate registration.",2974.0,0.0,buy,NoBroker,0.41
1,"POLYGON ((77.58849265794396 12.906035724470186, 77.58846585167711 12.90643106273915, 77.58847867441243 12.906827075010131, 77.58853100291996 12.907219947860018, 77.58862233357931 12.907605898060934, 77.58875178721692 12.907981209001173, 77.58891811755815 12.908342266466812, 77.58911972321272 12.90868559343932, 77.58935466307935 12.909007883575029, 77.58962067502144 12.909306033043872, 77.58991519763485 12.90957717042087, 77.59023539489898 12.909818684342868, 77.59057818347395 12.910028248663282, 77.59094026238215 12.910203844863604, 77.5913181447881 12.910343781504194, 77.59170819157175 12.910446710527108, 77.59210664637153 12.910511640254047, 77.59250967176006 12.910537944952477, 77.59291338620413 12.91052537087815, 77.59331390145285 12.91047403873472, 77.59370735999373 12.910384442526427, 77.59408997221517 12.910257444814068, 77.5944580529177 12.910094268419497, 77.5948080568211 12.909896484658494, 77.59513661272513 12.909665998213947, 77.59544055599417 12.909405028796346, 77.59571695905217 12.909116089766417, 77.59596315959352 12.908801963926988, 77.59617678623769 12.908465676717123, 77.59635578137967 12.9081104670659, 77.59649842101616 12.907739756188779, 77.5966033313554 12.907357114625553, 77.59666950205137 12.906966227839243, 77.59669629593392 12.906570860706955, 77.59668345514172 12.906174821245868, 77.59663110359855 12.905781923924037, 77.5965397458102 12.905395952909748, 77.59641026199265 12.9050206256145, 77.59624389958037 12.90465955688084, 77.59604226119613 12.904316224160217, 77.59580728919902 12.903993934017281, 77.59554124696035 12.903695790282324, 77.59524669704855 12.903424664159987, 77.5949264765333 12.903183166580959, 77.59458366964795 12.902973623063719, 77.59422157807387 12.90279805132727, 77.5938436891332 12.902658141871258, 77.59345364219716 12.902555241708871, 77.59305519363312 12.90249034140925, 77.59265218062892 12.902464065574174, 77.59224848424175 12.902476666838563, 77.59184799202862 12.90252802345398, 77.59145456061678 12.902617640475713, 77.59107197857529 12.902744654543019, 77.59070392994381 12.902907842205604, 77.59035395877005 12.90310563171473, 77.59002543499652 12.903336118166497, 77.58972152202406 12.90359708185019, 77.58944514626447 12.9038860096255, 77.58919896897423 12.904200119121922, 77.58898536064041 12.904536385528678, 77.58880637816432 12.904891570715936, 77.58866374506255 12.905262254408482, 77.5885588348757 12.905644867111224, 77.58849265794396 12.906035724470186))",1901,ff808181510beeb301510ef4313c085a,2.0,3.0,11000000.0,3 BHK Flat  In Shaswathi Villas Apartment For Sale  In J. P. Nagar,12.9045225,77.5918425,AP,"SHASWATHI VILAS, 
Phase 5 JP Nagar
1. 3 BEDROOM, HALL KITCHEN, 
     2 BATHROOMS
2. 1750 SFT CARPET AREA, 
      FIRST FLOOR
3.  2 CAR PARK - COVERED.
4.  FURNISHED, WARDROBES (7')  & STORAGE IN BEDROOMS.
5.  KITCHEN (CABINETS, STORAGE).
6.  SOUTH-EAST ENTRANCE.  CHECK COMPLIANCE IN ADVANCE?
7.  POOJA ROOM, (TEAK DOORS).
8. BANK APPROVED DOCUMENTS & VALUATION
9.  E-KHATA,  ALL DOCUMENTS. 
10.  24 APARTMENTS IN BLOCK.
11.  MAINTENANCE - 3K.P.M.
12.  TENANTS, RENTAL - 45K P.M.
13.  VACANT POSSESSION IN 3 M.",1950.0,1750.0,buy,NoBroker,0.23
1,"POLYGON ((77.58849265794396 12.906035724470186, 77.58846585167711 12.90643106273915, 77.58847867441243 12.906827075010131, 77.58853100291996 12.907219947860018, 77.58862233357931 12.907605898060934, 77.58875178721692 12.907981209001173, 77.58891811755815 12.908342266466812, 77.58911972321272 12.90868559343932, 77.58935466307935 12.909007883575029, 77.58962067502144 12.909306033043872, 77.58991519763485 12.90957717042087, 77.59023539489898 12.909818684342868, 77.59057818347395 12.910028248663282, 77.59094026238215 12.910203844863604, 77.5913181447881 12.910343781504194, 77.59170819157175 12.910446710527108, 77.59210664637153 12.910511640254047, 77.59250967176006 12.910537944952477, 77.59291338620413 12.91052537087815, 77.59331390145285 12.91047403873472, 77.59370735999373 12.910384442526427, 77.59408997221517 12.910257444814068, 77.5944580529177 12.910094268419497, 77.5948080568211 12.909896484658494, 77.59513661272513 12.909665998213947, 77.59544055599417 12.909405028796346, 77.59571695905217 12.909116089766417, 77.59596315959352 12.908801963926988, 77.59617678623769 12.908465676717123, 77.59635578137967 12.9081104670659, 77.59649842101616 12.907739756188779, 77.5966033313554 12.907357114625553, 77.59666950205137 12.906966227839243, 77.59669629593392 12.906570860706955, 77.59668345514172 12.906174821245868, 77.59663110359855 12.905781923924037, 77.5965397458102 12.905395952909748, 77.59641026199265 12.9050206256145, 77.59624389958037 12.90465955688084, 77.59604226119613 12.904316224160217, 77.59580728919902 12.903993934017281, 77.59554124696035 12.903695790282324, 77.59524669704855 12.903424664159987, 77.5949264765333 12.903183166580959, 77.59458366964795 12.902973623063719, 77.59422157807387 12.90279805132727, 77.5938436891332 12.902658141871258, 77.59345364219716 12.902555241708871, 77.59305519363312 12.90249034140925, 77.59265218062892 12.902464065574174, 77.59224848424175 12.902476666838563, 77.59184799202862 12.90252802345398, 77.59145456061678 12.902617640475713, 77.59107197857529 12.902744654543019, 77.59070392994381 12.902907842205604, 77.59035395877005 12.90310563171473, 77.59002543499652 12.903336118166497, 77.58972152202406 12.90359708185019, 77.58944514626447 12.9038860096255, 77.58919896897423 12.904200119121922, 77.58898536064041 12.904536385528678, 77.58880637816432 12.904891570715936, 77.58866374506255 12.905262254408482, 77.5885588348757 12.905644867111224, 77.58849265794396 12.906035724470186))",2253,8a9f028489680f59018968346b6717c0,2.0,3.0,11000000.0,"3 BHK Flat  In Shaswathi Vilas For Sale  In J P Nagar Phase 5, J. P. Nagar",12.903885,77.5905775,AP,"SHASWATHI VILAS, 
Phase 5 JP Nagar
1. 3 BEDROOM, HALL KITCHEN, 
     2 BATHROOMS
2. 1750 SFT CARPET AREA, 
      FIRST FLOOR
3.  2 CAR PARK - COVERED.
4.  FURNISHED, WARDROBES (7')  & STORAGE IN BEDROOMS.
5.  KITCHEN (CABINETS, STORAGE).
6.  SOUTH-EAST ENTRANCE.  CHECK COMPLIANCE IN ADVANCE?
7.  POOJA ROOM, (TEAK DOORS).
8. BANK APPROVED DOCUMENTS & VALUATION
9.  E-KHATA,  ALL DOCUMENTS. 
10.  24 APARTMENTS IN BLOCK.
11.  MAINTENANCE - 3K.P.M.
12.  TENANTS, RENTAL - 45K P.M.
13.  VACANT POSSESSION IN 3 M.",1950.0,1750.0,buy,NoBroker,0.36
1,"POLYGON ((77.58849265794396 12.906035724470186, 77.58846585167711 12.90643106273915, 77.58847867441243 12.906827075010131, 77.58853100291996 12.907219947860018, 77.58862233357931 12.907605898060934, 77.58875178721692 12.907981209001173, 77.58891811755815 12.908342266466812, 77.58911972321272 12.90868559343932, 77.58935466307935 12.909007883575029, 77.58962067502144 12.909306033043872, 77.58991519763485 12.90957717042087, 77.59023539489898 12.909818684342868, 77.59057818347395 12.910028248663282, 77.59094026238215 12.910203844863604, 77.5913181447881 12.910343781504194, 77.59170819157175 12.910446710527108, 77.59210664637153 12.910511640254047, 77.59250967176006 12.910537944952477, 77.59291338620413 12.91052537087815, 77.59331390145285 12.91047403873472, 77.59370735999373 12.910384442526427, 77.59408997221517 12.910257444814068, 77.5944580529177 12.910094268419497, 77.5948080568211 12.909896484658494, 77.59513661272513 12.909665998213947, 77.59544055599417 12.909405028796346, 77.59571695905217 12.909116089766417, 77.59596315959352 12.908801963926988, 77.59617678623769 12.908465676717123, 77.59635578137967 12.9081104670659, 77.59649842101616 12.907739756188779, 77.5966033313554 12.907357114625553, 77.59666950205137 12.906966227839243, 77.59669629593392 12.906570860706955, 77.59668345514172 12.906174821245868, 77.59663110359855 12.905781923924037, 77.5965397458102 12.905395952909748, 77.59641026199265 12.9050206256145, 77.59624389958037 12.90465955688084, 77.59604226119613 12.904316224160217, 77.59580728919902 12.903993934017281, 77.59554124696035 12.903695790282324, 77.59524669704855 12.903424664159987, 77.5949264765333 12.903183166580959, 77.59458366964795 12.902973623063719, 77.59422157807387 12.90279805132727, 77.5938436891332 12.902658141871258, 77.59345364219716 12.902555241708871, 77.59305519363312 12.90249034140925, 77.59265218062892 12.902464065574174, 77.59224848424175 12.902476666838563, 77.59184799202862 12.90252802345398, 77.59145456061678 12.902617640475713, 77.59107197857529 12.902744654543019, 77.59070392994381 12.902907842205604, 77.59035395877005 12.90310563171473, 77.59002543499652 12.903336118166497, 77.58972152202406 12.90359708185019, 77.58944514626447 12.9038860096255, 77.58919896897423 12.904200119121922, 77.58898536064041 12.904536385528678, 77.58880637816432 12.904891570715936, 77.58866374506255 12.905262254408482, 77.5885588348757 12.905644867111224, 77.58849265794396 12.906035724470186))",2572,14873816,2.0,3.0,10500000.0,3 BHK Property for Sale in JP Nagar Phase 5 Bangalore,12.90392971,77.59127808,AP,"3 BHK Apartment for sale in JP Nagar, Bengaluru - contact now, for details about the most coveted property. This 3 BHK unit is available in JP Nagar and offers a premium lifestyle at the best price. I...",1900.0,0.0,buy,Makaan,0.32
1,"POLYGON ((77.58849265794396 12.906035724470186, 77.58846585167711 12.90643106273915, 77.58847867441243 12.906827075010131, 77.58853100291996 12.907219947860018, 77.58862233357931 12.907605898060934, 77.58875178721692 12.907981209001173, 77.58891811755815 12.908342266466812, 77.58911972321272 12.90868559343932, 77.58935466307935 12.909007883575029, 77.58962067502144 12.909306033043872, 77.58991519763485 12.90957717042087, 77.59023539489898 12.909818684342868, 77.59057818347395 12.910028248663282, 77.59094026238215 12.910203844863604, 77.5913181447881 12.910343781504194, 77.59170819157175 12.910446710527108, 77.59210664637153 12.910511640254047, 77.59250967176006 12.910537944952477, 77.59291338620413 12.91052537087815, 77.59331390145285 12.91047403873472, 77.59370735999373 12.910384442526427, 77.59408997221517 12.910257444814068, 77.5944580529177 12.910094268419497, 77.5948080568211 12.909896484658494, 77.59513661272513 12.909665998213947, 77.59544055599417 12.909405028796346, 77.59571695905217 12.909116089766417, 77.59596315959352 12.908801963926988, 77.59617678623769 12.908465676717123, 77.59635578137967 12.9081104670659, 77.59649842101616 12.907739756188779, 77.5966033313554 12.907357114625553, 77.59666950205137 12.906966227839243, 77.59669629593392 12.906570860706955, 77.59668345514172 12.906174821245868, 77.59663110359855 12.905781923924037, 77.5965397458102 12.905395952909748, 77.59641026199265 12.9050206256145, 77.59624389958037 12.90465955688084, 77.59604226119613 12.904316224160217, 77.59580728919902 12.903993934017281, 77.59554124696035 12.903695790282324, 77.59524669704855 12.903424664159987, 77.5949264765333 12.903183166580959, 77.59458366964795 12.902973623063719, 77.59422157807387 12.90279805132727, 77.5938436891332 12.902658141871258, 77.59345364219716 12.902555241708871, 77.59305519363312 12.90249034140925, 77.59265218062892 12.902464065574174, 77.59224848424175 12.902476666838563, 77.59184799202862 12.90252802345398, 77.59145456061678 12.902617640475713, 77.59107197857529 12.902744654543019, 77.59070392994381 12.902907842205604, 77.59035395877005 12.90310563171473, 77.59002543499652 12.903336118166497, 77.58972152202406 12.90359708185019, 77.58944514626447 12.9038860096255, 77.58919896897423 12.904200119121922, 77.58898536064041 12.904536385528678, 77.58880637816432 12.904891570715936, 77.58866374506255 12.905262254408482, 77.5885588348757 12.905644867111224, 77.58849265794396 12.906035724470186))",638,15327659,2.0,3.0,10400000.0,3 BHK Property for Sale in JP Nagar Phase 5 Bangalore,12.90392971,77.59127808,AP,"It has a salable area of 1950 sqft and is available at a price of Rs. 5,333 per sqft. It is a furnished property. It is facing southeast direction. It is a ready-to-move-in property. The time you'll s...",1950.0,0.0,buy,Makaan,0.32
1,"POLYGON ((77.58849265794396 12.906035724470186, 77.58846585167711 12.90643106273915, 77.58847867441243 12.906827075010131, 77.58853100291996 12.907219947860018, 77.58862233357931 12.907605898060934, 77.58875178721692 12.907981209001173, 77.58891811755815 12.908342266466812, 77.58911972321272 12.90868559343932, 77.58935466307935 12.909007883575029, 77.58962067502144 12.909306033043872, 77.58991519763485 12.90957717042087, 77.59023539489898 12.909818684342868, 77.59057818347395 12.910028248663282, 77.59094026238215 12.910203844863604, 77.5913181447881 12.910343781504194, 77.59170819157175 12.910446710527108, 77.59210664637153 12.910511640254047, 77.59250967176006 12.910537944952477, 77.59291338620413 12.91052537087815, 77.59331390145285 12.91047403873472, 77.59370735999373 12.910384442526427, 77.59408997221517 12.910257444814068, 77.5944580529177 12.910094268419497, 77.5948080568211 12.909896484658494, 77.59513661272513 12.909665998213947, 77.59544055599417 12.909405028796346, 77.59571695905217 12.909116089766417, 77.59596315959352 12.908801963926988, 77.59617678623769 12.908465676717123, 77.59635578137967 12.9081104670659, 77.59649842101616 12.907739756188779, 77.5966033313554 12.907357114625553, 77.59666950205137 12.906966227839243, 77.59669629593392 12.906570860706955, 77.59668345514172 12.906174821245868, 77.59663110359855 12.905781923924037, 77.5965397458102 12.905395952909748, 77.59641026199265 12.9050206256145, 77.59624389958037 12.90465955688084, 77.59604226119613 12.904316224160217, 77.59580728919902 12.903993934017281, 77.59554124696035 12.903695790282324, 77.59524669704855 12.903424664159987, 77.5949264765333 12.903183166580959, 77.59458366964795 12.902973623063719, 77.59422157807387 12.90279805132727, 77.5938436891332 12.902658141871258, 77.59345364219716 12.902555241708871, 77.59305519363312 12.90249034140925, 77.59265218062892 12.902464065574174, 77.59224848424175 12.902476666838563, 77.59184799202862 12.90252802345398, 77.59145456061678 12.902617640475713, 77.59107197857529 12.902744654543019, 77.59070392994381 12.902907842205604, 77.59035395877005 12.90310563171473, 77.59002543499652 12.903336118166497, 77.58972152202406 12.90359708185019, 77.58944514626447 12.9038860096255, 77.58919896897423 12.904200119121922, 77.58898536064041 12.904536385528678, 77.58880637816432 12.904891570715936, 77.58866374506255 12.905262254408482, 77.5885588348757 12.905644867111224, 77.58849265794396 12.906035724470186))",2313,8a9fb6827cf9da91017cfa009d06185f,2.0,2.0,9900000.0,2 BHK Flat  In Shashwathi Vilas For Sale  In J. P. Nagar,12.9040036,77.5912302,AP,,1730.0,1600.0,buy,NoBroker,0.31
1,"POLYGON ((77.58849265794396 12.906035724470186, 77.58846585167711 12.90643106273915, 77.58847867441243 12.906827075010131, 77.58853100291996 12.907219947860018, 77.58862233357931 12.907605898060934, 77.58875178721692 12.907981209001173, 77.58891811755815 12.908342266466812, 77.58911972321272 12.90868559343932, 77.58935466307935 12.909007883575029, 77.58962067502144 12.909306033043872, 77.58991519763485 12.90957717042087, 77.59023539489898 12.909818684342868, 77.59057818347395 12.910028248663282, 77.59094026238215 12.910203844863604, 77.5913181447881 12.910343781504194, 77.59170819157175 12.910446710527108, 77.59210664637153 12.910511640254047, 77.59250967176006 12.910537944952477, 77.59291338620413 12.91052537087815, 77.59331390145285 12.91047403873472, 77.59370735999373 12.910384442526427, 77.59408997221517 12.910257444814068, 77.5944580529177 12.910094268419497, 77.5948080568211 12.909896484658494, 77.59513661272513 12.909665998213947, 77.59544055599417 12.909405028796346, 77.59571695905217 12.909116089766417, 77.59596315959352 12.908801963926988, 77.59617678623769 12.908465676717123, 77.59635578137967 12.9081104670659, 77.59649842101616 12.907739756188779, 77.5966033313554 12.907357114625553, 77.59666950205137 12.906966227839243, 77.59669629593392 12.906570860706955, 77.59668345514172 12.906174821245868, 77.59663110359855 12.905781923924037, 77.5965397458102 12.905395952909748, 77.59641026199265 12.9050206256145, 77.59624389958037 12.90465955688084, 77.59604226119613 12.904316224160217, 77.59580728919902 12.903993934017281, 77.59554124696035 12.903695790282324, 77.59524669704855 12.903424664159987, 77.5949264765333 12.903183166580959, 77.59458366964795 12.902973623063719, 77.59422157807387 12.90279805132727, 77.5938436891332 12.902658141871258, 77.59345364219716 12.902555241708871, 77.59305519363312 12.90249034140925, 77.59265218062892 12.902464065574174, 77.59224848424175 12.902476666838563, 77.59184799202862 12.90252802345398, 77.59145456061678 12.902617640475713, 77.59107197857529 12.902744654543019, 77.59070392994381 12.902907842205604, 77.59035395877005 12.90310563171473, 77.59002543499652 12.903336118166497, 77.58972152202406 12.90359708185019, 77.58944514626447 12.9038860096255, 77.58919896897423 12.904200119121922, 77.58898536064041 12.904536385528678, 77.58880637816432 12.904891570715936, 77.58866374506255 12.905262254408482, 77.5885588348757 12.905644867111224, 77.58849265794396 12.906035724470186))",1875,8a9f9390743ec6c3017442ed7c366b42,3.0,3.0,9750000.0,"3 BHK Flat  In Mahaveer Spring Annexe For Sale  In J P Nagar Phase 5, J. P. Nagar",12.903885,77.5905775,AP,"Close to Outer Ring Road, Kalyani Magnum, VM Ware and Dalmia Circle.",1495.0,0.0,buy,NoBroker,0.36
1,"POLYGON ((77.58849265794396 12.906035724470186, 77.58846585167711 12.90643106273915, 77.58847867441243 12.906827075010131, 77.58853100291996 12.907219947860018, 77.58862233357931 12.907605898060934, 77.58875178721692 12.907981209001173, 77.58891811755815 12.908342266466812, 77.58911972321272 12.90868559343932, 77.58935466307935 12.909007883575029, 77.58962067502144 12.909306033043872, 77.58991519763485 12.90957717042087, 77.59023539489898 12.909818684342868, 77.59057818347395 12.910028248663282, 77.59094026238215 12.910203844863604, 77.5913181447881 12.910343781504194, 77.59170819157175 12.910446710527108, 77.59210664637153 12.910511640254047, 77.59250967176006 12.910537944952477, 77.59291338620413 12.91052537087815, 77.59331390145285 12.91047403873472, 77.59370735999373 12.910384442526427, 77.59408997221517 12.910257444814068, 77.5944580529177 12.910094268419497, 77.5948080568211 12.909896484658494, 77.59513661272513 12.909665998213947, 77.59544055599417 12.909405028796346, 77.59571695905217 12.909116089766417, 77.59596315959352 12.908801963926988, 77.59617678623769 12.908465676717123, 77.59635578137967 12.9081104670659, 77.59649842101616 12.907739756188779, 77.5966033313554 12.907357114625553, 77.59666950205137 12.906966227839243, 77.59669629593392 12.906570860706955, 77.59668345514172 12.906174821245868, 77.59663110359855 12.905781923924037, 77.5965397458102 12.905395952909748, 77.59641026199265 12.9050206256145, 77.59624389958037 12.90465955688084, 77.59604226119613 12.904316224160217, 77.59580728919902 12.903993934017281, 77.59554124696035 12.903695790282324, 77.59524669704855 12.903424664159987, 77.5949264765333 12.903183166580959, 77.59458366964795 12.902973623063719, 77.59422157807387 12.90279805132727, 77.5938436891332 12.902658141871258, 77.59345364219716 12.902555241708871, 77.59305519363312 12.90249034140925, 77.59265218062892 12.902464065574174, 77.59224848424175 12.902476666838563, 77.59184799202862 12.90252802345398, 77.59145456061678 12.902617640475713, 77.59107197857529 12.902744654543019, 77.59070392994381 12.902907842205604, 77.59035395877005 12.90310563171473, 77.59002543499652 12.903336118166497, 77.58972152202406 12.90359708185019, 77.58944514626447 12.9038860096255, 77.58919896897423 12.904200119121922, 77.58898536064041 12.904536385528678, 77.58880637816432 12.904891570715936, 77.58866374506255 12.905262254408482, 77.5885588348757 12.905644867111224, 77.58849265794396 12.906035724470186))",1992,8a9fac838b2e89ec018b2f0279572d41,2.0,2.0,9000000.0,2 BHK Flat  In Sumukha Opal For Sale  In Jp Nagar,12.90392349703499,77.590702536211,AP,"1240 sqft, good amenties, gym, party hall, 24hrs backup, great community, clean maintenance, covered car park. Great location heart of bangalore South.",1240.0,0.0,buy,NoBroker,0.35
1,"POLYGON ((77.58849265794396 12.906035724470186, 77.58846585167711 12.90643106273915, 77.58847867441243 12.906827075010131, 77.58853100291996 12.907219947860018, 77.58862233357931 12.907605898060934, 77.58875178721692 12.907981209001173, 77.58891811755815 12.908342266466812, 77.58911972321272 12.90868559343932, 77.58935466307935 12.909007883575029, 77.58962067502144 12.909306033043872, 77.58991519763485 12.90957717042087, 77.59023539489898 12.909818684342868, 77.59057818347395 12.910028248663282, 77.59094026238215 12.910203844863604, 77.5913181447881 12.910343781504194, 77.59170819157175 12.910446710527108, 77.59210664637153 12.910511640254047, 77.59250967176006 12.910537944952477, 77.59291338620413 12.91052537087815, 77.59331390145285 12.91047403873472, 77.59370735999373 12.910384442526427, 77.59408997221517 12.910257444814068, 77.5944580529177 12.910094268419497, 77.5948080568211 12.909896484658494, 77.59513661272513 12.909665998213947, 77.59544055599417 12.909405028796346, 77.59571695905217 12.909116089766417, 77.59596315959352 12.908801963926988, 77.59617678623769 12.908465676717123, 77.59635578137967 12.9081104670659, 77.59649842101616 12.907739756188779, 77.5966033313554 12.907357114625553, 77.59666950205137 12.906966227839243, 77.59669629593392 12.906570860706955, 77.59668345514172 12.906174821245868, 77.59663110359855 12.905781923924037, 77.5965397458102 12.905395952909748, 77.59641026199265 12.9050206256145, 77.59624389958037 12.90465955688084, 77.59604226119613 12.904316224160217, 77.59580728919902 12.903993934017281, 77.59554124696035 12.903695790282324, 77.59524669704855 12.903424664159987, 77.5949264765333 12.903183166580959, 77.59458366964795 12.902973623063719, 77.59422157807387 12.90279805132727, 77.5938436891332 12.902658141871258, 77.59345364219716 12.902555241708871, 77.59305519363312 12.90249034140925, 77.59265218062892 12.902464065574174, 77.59224848424175 12.902476666838563, 77.59184799202862 12.90252802345398, 77.59145456061678 12.902617640475713, 77.59107197857529 12.902744654543019, 77.59070392994381 12.902907842205604, 77.59035395877005 12.90310563171473, 77.59002543499652 12.903336118166497, 77.58972152202406 12.90359708185019, 77.58944514626447 12.9038860096255, 77.58919896897423 12.904200119121922, 77.58898536064041 12.904536385528678, 77.58880637816432 12.904891570715936, 77.58866374506255 12.905262254408482, 77.5885588348757 12.905644867111224, 77.58849265794396 12.906035724470186))",67,8a9f038288f571c10188f657d8a86667,2.0,2.0,8600000.0,"2 BHK Flat  In Shravanthi Shashwathi For Sale  In J P Nagar Phase 5, J. P. Nagar",12.905383353085767,77.59112179749133,AP,"It is located in the heart of the city in a very prime locality. 2 min away from Rameshwaram Cafe,5 min away from Kalyani Tech park and Vega City mall.",1183.0,1183.0,buy,NoBroker,0.2
1,"POLYGON ((77.58849265794396 12.906035724470186, 77.58846585167711 12.90643106273915, 77.58847867441243 12.906827075010131, 77.58853100291996 12.907219947860018, 77.58862233357931 12.907605898060934, 77.58875178721692 12.907981209001173, 77.58891811755815 12.908342266466812, 77.58911972321272 12.90868559343932, 77.58935466307935 12.909007883575029, 77.58962067502144 12.909306033043872, 77.58991519763485 12.90957717042087, 77.59023539489898 12.909818684342868, 77.59057818347395 12.910028248663282, 77.59094026238215 12.910203844863604, 77.5913181447881 12.910343781504194, 77.59170819157175 12.910446710527108, 77.59210664637153 12.910511640254047, 77.59250967176006 12.910537944952477, 77.59291338620413 12.91052537087815, 77.59331390145285 12.91047403873472, 77.59370735999373 12.910384442526427, 77.59408997221517 12.910257444814068, 77.5944580529177 12.910094268419497, 77.5948080568211 12.909896484658494, 77.59513661272513 12.909665998213947, 77.59544055599417 12.909405028796346, 77.59571695905217 12.909116089766417, 77.59596315959352 12.908801963926988, 77.59617678623769 12.908465676717123, 77.59635578137967 12.9081104670659, 77.59649842101616 12.907739756188779, 77.5966033313554 12.907357114625553, 77.59666950205137 12.906966227839243, 77.59669629593392 12.906570860706955, 77.59668345514172 12.906174821245868, 77.59663110359855 12.905781923924037, 77.5965397458102 12.905395952909748, 77.59641026199265 12.9050206256145, 77.59624389958037 12.90465955688084, 77.59604226119613 12.904316224160217, 77.59580728919902 12.903993934017281, 77.59554124696035 12.903695790282324, 77.59524669704855 12.903424664159987, 77.5949264765333 12.903183166580959, 77.59458366964795 12.902973623063719, 77.59422157807387 12.90279805132727, 77.5938436891332 12.902658141871258, 77.59345364219716 12.902555241708871, 77.59305519363312 12.90249034140925, 77.59265218062892 12.902464065574174, 77.59224848424175 12.902476666838563, 77.59184799202862 12.90252802345398, 77.59145456061678 12.902617640475713, 77.59107197857529 12.902744654543019, 77.59070392994381 12.902907842205604, 77.59035395877005 12.90310563171473, 77.59002543499652 12.903336118166497, 77.58972152202406 12.90359708185019, 77.58944514626447 12.9038860096255, 77.58919896897423 12.904200119121922, 77.58898536064041 12.904536385528678, 77.58880637816432 12.904891570715936, 77.58866374506255 12.905262254408482, 77.5885588348757 12.905644867111224, 77.58849265794396 12.906035724470186))",2085,8a9ff0838a790214018a794e86094b83,2.0,3.0,8000000.0,"3 BHK Flat  In Sai Srinivasa Avenue, J P Nagar 5th Phase For Sale  In J P Nagar Phase 5",12.903885,77.5905775,AP,"This property is 3 BHK Apartment with a big balcony (30x4) corner site located near 15th cross and 24th Main. J P Nagar metro station (2.5 Km) Kalyani Techpark (1.5Km), Near to Rameshwaram Cafe, Raja Gobi, Sattvam, Nandini Hotel, HP Petrol Bunk Vega city Mall, Central Mall, Aster RV Hospital, Rangashankara, Ragi Gudda temple, Dhanavantari Park, VET College, Dollar's colony,",1215.0,0.0,buy,NoBroker,0.36
1,"POLYGON ((77.58849265794396 12.906035724470186, 77.58846585167711 12.90643106273915, 77.58847867441243 12.906827075010131, 77.58853100291996 12.907219947860018, 77.58862233357931 12.907605898060934, 77.58875178721692 12.907981209001173, 77.58891811755815 12.908342266466812, 77.58911972321272 12.90868559343932, 77.58935466307935 12.909007883575029, 77.58962067502144 12.909306033043872, 77.58991519763485 12.90957717042087, 77.59023539489898 12.909818684342868, 77.59057818347395 12.910028248663282, 77.59094026238215 12.910203844863604, 77.5913181447881 12.910343781504194, 77.59170819157175 12.910446710527108, 77.59210664637153 12.910511640254047, 77.59250967176006 12.910537944952477, 77.59291338620413 12.91052537087815, 77.59331390145285 12.91047403873472, 77.59370735999373 12.910384442526427, 77.59408997221517 12.910257444814068, 77.5944580529177 12.910094268419497, 77.5948080568211 12.909896484658494, 77.59513661272513 12.909665998213947, 77.59544055599417 12.909405028796346, 77.59571695905217 12.909116089766417, 77.59596315959352 12.908801963926988, 77.59617678623769 12.908465676717123, 77.59635578137967 12.9081104670659, 77.59649842101616 12.907739756188779, 77.5966033313554 12.907357114625553, 77.59666950205137 12.906966227839243, 77.59669629593392 12.906570860706955, 77.59668345514172 12.906174821245868, 77.59663110359855 12.905781923924037, 77.5965397458102 12.905395952909748, 77.59641026199265 12.9050206256145, 77.59624389958037 12.90465955688084, 77.59604226119613 12.904316224160217, 77.59580728919902 12.903993934017281, 77.59554124696035 12.903695790282324, 77.59524669704855 12.903424664159987, 77.5949264765333 12.903183166580959, 77.59458366964795 12.902973623063719, 77.59422157807387 12.90279805132727, 77.5938436891332 12.902658141871258, 77.59345364219716 12.902555241708871, 77.59305519363312 12.90249034140925, 77.59265218062892 12.902464065574174, 77.59224848424175 12.902476666838563, 77.59184799202862 12.90252802345398, 77.59145456061678 12.902617640475713, 77.59107197857529 12.902744654543019, 77.59070392994381 12.902907842205604, 77.59035395877005 12.90310563171473, 77.59002543499652 12.903336118166497, 77.58972152202406 12.90359708185019, 77.58944514626447 12.9038860096255, 77.58919896897423 12.904200119121922, 77.58898536064041 12.904536385528678, 77.58880637816432 12.904891570715936, 77.58866374506255 12.905262254408482, 77.5885588348757 12.905644867111224, 77.58849265794396 12.906035724470186))",1578,8a9fbd858aa0f2f5018aa14595641845,2.0,2.0,7500000.0,2 BHK Flat  In Chamundi Garnet For Sale  In Jp Nagar,12.904811999999993,77.59191900000002,AP,,1200.0,1200.0,buy,NoBroker,0.2
1,"POLYGON ((77.58849265794396 12.906035724470186, 77.58846585167711 12.90643106273915, 77.58847867441243 12.906827075010131, 77.58853100291996 12.907219947860018, 77.58862233357931 12.907605898060934, 77.58875178721692 12.907981209001173, 77.58891811755815 12.908342266466812, 77.58911972321272 12.90868559343932, 77.58935466307935 12.909007883575029, 77.58962067502144 12.909306033043872, 77.58991519763485 12.90957717042087, 77.59023539489898 12.909818684342868, 77.59057818347395 12.910028248663282, 77.59094026238215 12.910203844863604, 77.5913181447881 12.910343781504194, 77.59170819157175 12.910446710527108, 77.59210664637153 12.910511640254047, 77.59250967176006 12.910537944952477, 77.59291338620413 12.91052537087815, 77.59331390145285 12.91047403873472, 77.59370735999373 12.910384442526427, 77.59408997221517 12.910257444814068, 77.5944580529177 12.910094268419497, 77.5948080568211 12.909896484658494, 77.59513661272513 12.909665998213947, 77.59544055599417 12.909405028796346, 77.59571695905217 12.909116089766417, 77.59596315959352 12.908801963926988, 77.59617678623769 12.908465676717123, 77.59635578137967 12.9081104670659, 77.59649842101616 12.907739756188779, 77.5966033313554 12.907357114625553, 77.59666950205137 12.906966227839243, 77.59669629593392 12.906570860706955, 77.59668345514172 12.906174821245868, 77.59663110359855 12.905781923924037, 77.5965397458102 12.905395952909748, 77.59641026199265 12.9050206256145, 77.59624389958037 12.90465955688084, 77.59604226119613 12.904316224160217, 77.59580728919902 12.903993934017281, 77.59554124696035 12.903695790282324, 77.59524669704855 12.903424664159987, 77.5949264765333 12.903183166580959, 77.59458366964795 12.902973623063719, 77.59422157807387 12.90279805132727, 77.5938436891332 12.902658141871258, 77.59345364219716 12.902555241708871, 77.59305519363312 12.90249034140925, 77.59265218062892 12.902464065574174, 77.59224848424175 12.902476666838563, 77.59184799202862 12.90252802345398, 77.59145456061678 12.902617640475713, 77.59107197857529 12.902744654543019, 77.59070392994381 12.902907842205604, 77.59035395877005 12.90310563171473, 77.59002543499652 12.903336118166497, 77.58972152202406 12.90359708185019, 77.58944514626447 12.9038860096255, 77.58919896897423 12.904200119121922, 77.58898536064041 12.904536385528678, 77.58880637816432 12.904891570715936, 77.58866374506255 12.905262254408482, 77.5885588348757 12.905644867111224, 77.58849265794396 12.906035724470186))",2510,ff8081815c022dd3015c05d31d383c23,2.0,2.0,7500000.0,"2 BHK Flat  In Himagiri Green Forest Apartments For Sale  In J P Nagar Phase 5, J. P. Nagar",12.903885,77.5905775,AP,,1230.0,0.0,buy,NoBroker,0.36
1,"POLYGON ((77.58849265794396 12.906035724470186, 77.58846585167711 12.90643106273915, 77.58847867441243 12.906827075010131, 77.58853100291996 12.907219947860018, 77.58862233357931 12.907605898060934, 77.58875178721692 12.907981209001173, 77.58891811755815 12.908342266466812, 77.58911972321272 12.90868559343932, 77.58935466307935 12.909007883575029, 77.58962067502144 12.909306033043872, 77.58991519763485 12.90957717042087, 77.59023539489898 12.909818684342868, 77.59057818347395 12.910028248663282, 77.59094026238215 12.910203844863604, 77.5913181447881 12.910343781504194, 77.59170819157175 12.910446710527108, 77.59210664637153 12.910511640254047, 77.59250967176006 12.910537944952477, 77.59291338620413 12.91052537087815, 77.59331390145285 12.91047403873472, 77.59370735999373 12.910384442526427, 77.59408997221517 12.910257444814068, 77.5944580529177 12.910094268419497, 77.5948080568211 12.909896484658494, 77.59513661272513 12.909665998213947, 77.59544055599417 12.909405028796346, 77.59571695905217 12.909116089766417, 77.59596315959352 12.908801963926988, 77.59617678623769 12.908465676717123, 77.59635578137967 12.9081104670659, 77.59649842101616 12.907739756188779, 77.5966033313554 12.907357114625553, 77.59666950205137 12.906966227839243, 77.59669629593392 12.906570860706955, 77.59668345514172 12.906174821245868, 77.59663110359855 12.905781923924037, 77.5965397458102 12.905395952909748, 77.59641026199265 12.9050206256145, 77.59624389958037 12.90465955688084, 77.59604226119613 12.904316224160217, 77.59580728919902 12.903993934017281, 77.59554124696035 12.903695790282324, 77.59524669704855 12.903424664159987, 77.5949264765333 12.903183166580959, 77.59458366964795 12.902973623063719, 77.59422157807387 12.90279805132727, 77.5938436891332 12.902658141871258, 77.59345364219716 12.902555241708871, 77.59305519363312 12.90249034140925, 77.59265218062892 12.902464065574174, 77.59224848424175 12.902476666838563, 77.59184799202862 12.90252802345398, 77.59145456061678 12.902617640475713, 77.59107197857529 12.902744654543019, 77.59070392994381 12.902907842205604, 77.59035395877005 12.90310563171473, 77.59002543499652 12.903336118166497, 77.58972152202406 12.90359708185019, 77.58944514626447 12.9038860096255, 77.58919896897423 12.904200119121922, 77.58898536064041 12.904536385528678, 77.58880637816432 12.904891570715936, 77.58866374506255 12.905262254408482, 77.5885588348757 12.905644867111224, 77.58849265794396 12.906035724470186))",2207,8a9ff082861be1d801861c40234e4a1e,2.0,3.0,7000000.0,3 BHK Flat  In Sai Madhura Nilaya For Sale  In J. P. Nagar,12.903098615367828,77.59274080395699,AP,,1500.0,1400.0,buy,NoBroker,0.38
1,"POLYGON ((77.58849265794396 12.906035724470186, 77.58846585167711 12.90643106273915, 77.58847867441243 12.906827075010131, 77.58853100291996 12.907219947860018, 77.58862233357931 12.907605898060934, 77.58875178721692 12.907981209001173, 77.58891811755815 12.908342266466812, 77.58911972321272 12.90868559343932, 77.58935466307935 12.909007883575029, 77.58962067502144 12.909306033043872, 77.58991519763485 12.90957717042087, 77.59023539489898 12.909818684342868, 77.59057818347395 12.910028248663282, 77.59094026238215 12.910203844863604, 77.5913181447881 12.910343781504194, 77.59170819157175 12.910446710527108, 77.59210664637153 12.910511640254047, 77.59250967176006 12.910537944952477, 77.59291338620413 12.91052537087815, 77.59331390145285 12.91047403873472, 77.59370735999373 12.910384442526427, 77.59408997221517 12.910257444814068, 77.5944580529177 12.910094268419497, 77.5948080568211 12.909896484658494, 77.59513661272513 12.909665998213947, 77.59544055599417 12.909405028796346, 77.59571695905217 12.909116089766417, 77.59596315959352 12.908801963926988, 77.59617678623769 12.908465676717123, 77.59635578137967 12.9081104670659, 77.59649842101616 12.907739756188779, 77.5966033313554 12.907357114625553, 77.59666950205137 12.906966227839243, 77.59669629593392 12.906570860706955, 77.59668345514172 12.906174821245868, 77.59663110359855 12.905781923924037, 77.5965397458102 12.905395952909748, 77.59641026199265 12.9050206256145, 77.59624389958037 12.90465955688084, 77.59604226119613 12.904316224160217, 77.59580728919902 12.903993934017281, 77.59554124696035 12.903695790282324, 77.59524669704855 12.903424664159987, 77.5949264765333 12.903183166580959, 77.59458366964795 12.902973623063719, 77.59422157807387 12.90279805132727, 77.5938436891332 12.902658141871258, 77.59345364219716 12.902555241708871, 77.59305519363312 12.90249034140925, 77.59265218062892 12.902464065574174, 77.59224848424175 12.902476666838563, 77.59184799202862 12.90252802345398, 77.59145456061678 12.902617640475713, 77.59107197857529 12.902744654543019, 77.59070392994381 12.902907842205604, 77.59035395877005 12.90310563171473, 77.59002543499652 12.903336118166497, 77.58972152202406 12.90359708185019, 77.58944514626447 12.9038860096255, 77.58919896897423 12.904200119121922, 77.58898536064041 12.904536385528678, 77.58880637816432 12.904891570715936, 77.58866374506255 12.905262254408482, 77.5885588348757 12.905644867111224, 77.58849265794396 12.906035724470186))",1898,8a9ffa8487e4f6df0187e508d9c305ea,2.0,2.0,6500000.0,2 BHK Flat  In Janavi Apartments For Sale  In J. P. Nagar,12.903884919254844,77.59057760238647,AP,,1100.0,1000.0,buy,NoBroker,0.36
1,"POLYGON ((77.58849265794396 12.906035724470186, 77.58846585167711 12.90643106273915, 77.58847867441243 12.906827075010131, 77.58853100291996 12.907219947860018, 77.58862233357931 12.907605898060934, 77.58875178721692 12.907981209001173, 77.58891811755815 12.908342266466812, 77.58911972321272 12.90868559343932, 77.58935466307935 12.909007883575029, 77.58962067502144 12.909306033043872, 77.58991519763485 12.90957717042087, 77.59023539489898 12.909818684342868, 77.59057818347395 12.910028248663282, 77.59094026238215 12.910203844863604, 77.5913181447881 12.910343781504194, 77.59170819157175 12.910446710527108, 77.59210664637153 12.910511640254047, 77.59250967176006 12.910537944952477, 77.59291338620413 12.91052537087815, 77.59331390145285 12.91047403873472, 77.59370735999373 12.910384442526427, 77.59408997221517 12.910257444814068, 77.5944580529177 12.910094268419497, 77.5948080568211 12.909896484658494, 77.59513661272513 12.909665998213947, 77.59544055599417 12.909405028796346, 77.59571695905217 12.909116089766417, 77.59596315959352 12.908801963926988, 77.59617678623769 12.908465676717123, 77.59635578137967 12.9081104670659, 77.59649842101616 12.907739756188779, 77.5966033313554 12.907357114625553, 77.59666950205137 12.906966227839243, 77.59669629593392 12.906570860706955, 77.59668345514172 12.906174821245868, 77.59663110359855 12.905781923924037, 77.5965397458102 12.905395952909748, 77.59641026199265 12.9050206256145, 77.59624389958037 12.90465955688084, 77.59604226119613 12.904316224160217, 77.59580728919902 12.903993934017281, 77.59554124696035 12.903695790282324, 77.59524669704855 12.903424664159987, 77.5949264765333 12.903183166580959, 77.59458366964795 12.902973623063719, 77.59422157807387 12.90279805132727, 77.5938436891332 12.902658141871258, 77.59345364219716 12.902555241708871, 77.59305519363312 12.90249034140925, 77.59265218062892 12.902464065574174, 77.59224848424175 12.902476666838563, 77.59184799202862 12.90252802345398, 77.59145456061678 12.902617640475713, 77.59107197857529 12.902744654543019, 77.59070392994381 12.902907842205604, 77.59035395877005 12.90310563171473, 77.59002543499652 12.903336118166497, 77.58972152202406 12.90359708185019, 77.58944514626447 12.9038860096255, 77.58919896897423 12.904200119121922, 77.58898536064041 12.904536385528678, 77.58880637816432 12.904891570715936, 77.58866374506255 12.905262254408482, 77.5885588348757 12.905644867111224, 77.58849265794396 12.906035724470186))",1714,8a9f99838bf9f4f7018bfaa610903d83,2.0,2.0,6000000.0,2 BHK Flat  In Suswee Apartments For Sale  In J. P. Nagar,12.903204288461229,77.59194077668647,AP,,930.0,0.0,buy,NoBroker,0.37
1,"POLYGON ((77.58849265794396 12.906035724470186, 77.58846585167711 12.90643106273915, 77.58847867441243 12.906827075010131, 77.58853100291996 12.907219947860018, 77.58862233357931 12.907605898060934, 77.58875178721692 12.907981209001173, 77.58891811755815 12.908342266466812, 77.58911972321272 12.90868559343932, 77.58935466307935 12.909007883575029, 77.58962067502144 12.909306033043872, 77.58991519763485 12.90957717042087, 77.59023539489898 12.909818684342868, 77.59057818347395 12.910028248663282, 77.59094026238215 12.910203844863604, 77.5913181447881 12.910343781504194, 77.59170819157175 12.910446710527108, 77.59210664637153 12.910511640254047, 77.59250967176006 12.910537944952477, 77.59291338620413 12.91052537087815, 77.59331390145285 12.91047403873472, 77.59370735999373 12.910384442526427, 77.59408997221517 12.910257444814068, 77.5944580529177 12.910094268419497, 77.5948080568211 12.909896484658494, 77.59513661272513 12.909665998213947, 77.59544055599417 12.909405028796346, 77.59571695905217 12.909116089766417, 77.59596315959352 12.908801963926988, 77.59617678623769 12.908465676717123, 77.59635578137967 12.9081104670659, 77.59649842101616 12.907739756188779, 77.5966033313554 12.907357114625553, 77.59666950205137 12.906966227839243, 77.59669629593392 12.906570860706955, 77.59668345514172 12.906174821245868, 77.59663110359855 12.905781923924037, 77.5965397458102 12.905395952909748, 77.59641026199265 12.9050206256145, 77.59624389958037 12.90465955688084, 77.59604226119613 12.904316224160217, 77.59580728919902 12.903993934017281, 77.59554124696035 12.903695790282324, 77.59524669704855 12.903424664159987, 77.5949264765333 12.903183166580959, 77.59458366964795 12.902973623063719, 77.59422157807387 12.90279805132727, 77.5938436891332 12.902658141871258, 77.59345364219716 12.902555241708871, 77.59305519363312 12.90249034140925, 77.59265218062892 12.902464065574174, 77.59224848424175 12.902476666838563, 77.59184799202862 12.90252802345398, 77.59145456061678 12.902617640475713, 77.59107197857529 12.902744654543019, 77.59070392994381 12.902907842205604, 77.59035395877005 12.90310563171473, 77.59002543499652 12.903336118166497, 77.58972152202406 12.90359708185019, 77.58944514626447 12.9038860096255, 77.58919896897423 12.904200119121922, 77.58898536064041 12.904536385528678, 77.58880637816432 12.904891570715936, 77.58866374506255 12.905262254408482, 77.5885588348757 12.905644867111224, 77.58849265794396 12.906035724470186))",1952,8a9fc38281f84dc30181f8ccfe233336,2.0,2.0,6000000.0,2 BHK Flat  In Sumana Residency For Sale  In Jp Nagar,12.9029656,77.59346839999999,AP,"Sumana Residency is your answer to finding a cosy 2BHK apt which is centrally located and meets all your family needs.The 2BHK apt is located on the 1st floor and is fully furnished with independent car parking and (shared) bike parking, apt security and lift and is available for immediate purchase and is ready to move in. The apt boasts of an excellent quality of construction.",873.0,0.0,buy,NoBroker,0.4
1,"POLYGON ((77.58849265794396 12.906035724470186, 77.58846585167711 12.90643106273915, 77.58847867441243 12.906827075010131, 77.58853100291996 12.907219947860018, 77.58862233357931 12.907605898060934, 77.58875178721692 12.907981209001173, 77.58891811755815 12.908342266466812, 77.58911972321272 12.90868559343932, 77.58935466307935 12.909007883575029, 77.58962067502144 12.909306033043872, 77.58991519763485 12.90957717042087, 77.59023539489898 12.909818684342868, 77.59057818347395 12.910028248663282, 77.59094026238215 12.910203844863604, 77.5913181447881 12.910343781504194, 77.59170819157175 12.910446710527108, 77.59210664637153 12.910511640254047, 77.59250967176006 12.910537944952477, 77.59291338620413 12.91052537087815, 77.59331390145285 12.91047403873472, 77.59370735999373 12.910384442526427, 77.59408997221517 12.910257444814068, 77.5944580529177 12.910094268419497, 77.5948080568211 12.909896484658494, 77.59513661272513 12.909665998213947, 77.59544055599417 12.909405028796346, 77.59571695905217 12.909116089766417, 77.59596315959352 12.908801963926988, 77.59617678623769 12.908465676717123, 77.59635578137967 12.9081104670659, 77.59649842101616 12.907739756188779, 77.5966033313554 12.907357114625553, 77.59666950205137 12.906966227839243, 77.59669629593392 12.906570860706955, 77.59668345514172 12.906174821245868, 77.59663110359855 12.905781923924037, 77.5965397458102 12.905395952909748, 77.59641026199265 12.9050206256145, 77.59624389958037 12.90465955688084, 77.59604226119613 12.904316224160217, 77.59580728919902 12.903993934017281, 77.59554124696035 12.903695790282324, 77.59524669704855 12.903424664159987, 77.5949264765333 12.903183166580959, 77.59458366964795 12.902973623063719, 77.59422157807387 12.90279805132727, 77.5938436891332 12.902658141871258, 77.59345364219716 12.902555241708871, 77.59305519363312 12.90249034140925, 77.59265218062892 12.902464065574174, 77.59224848424175 12.902476666838563, 77.59184799202862 12.90252802345398, 77.59145456061678 12.902617640475713, 77.59107197857529 12.902744654543019, 77.59070392994381 12.902907842205604, 77.59035395877005 12.90310563171473, 77.59002543499652 12.903336118166497, 77.58972152202406 12.90359708185019, 77.58944514626447 12.9038860096255, 77.58919896897423 12.904200119121922, 77.58898536064041 12.904536385528678, 77.58880637816432 12.904891570715936, 77.58866374506255 12.905262254408482, 77.5885588348757 12.905644867111224, 77.58849265794396 12.906035724470186))",1910,ff8081816855ebdc016856b9b13a5472,2.0,2.0,5800000.0,2 BHK Flat  In Madhura Suraksha Apartment For Sale  In J. P. Nagar,12.902655142229891,77.59327450750642,AP,,1200.0,0.0,buy,NoBroker,0.43
1,"POLYGON ((77.58849265794396 12.906035724470186, 77.58846585167711 12.90643106273915, 77.58847867441243 12.906827075010131, 77.58853100291996 12.907219947860018, 77.58862233357931 12.907605898060934, 77.58875178721692 12.907981209001173, 77.58891811755815 12.908342266466812, 77.58911972321272 12.90868559343932, 77.58935466307935 12.909007883575029, 77.58962067502144 12.909306033043872, 77.58991519763485 12.90957717042087, 77.59023539489898 12.909818684342868, 77.59057818347395 12.910028248663282, 77.59094026238215 12.910203844863604, 77.5913181447881 12.910343781504194, 77.59170819157175 12.910446710527108, 77.59210664637153 12.910511640254047, 77.59250967176006 12.910537944952477, 77.59291338620413 12.91052537087815, 77.59331390145285 12.91047403873472, 77.59370735999373 12.910384442526427, 77.59408997221517 12.910257444814068, 77.5944580529177 12.910094268419497, 77.5948080568211 12.909896484658494, 77.59513661272513 12.909665998213947, 77.59544055599417 12.909405028796346, 77.59571695905217 12.909116089766417, 77.59596315959352 12.908801963926988, 77.59617678623769 12.908465676717123, 77.59635578137967 12.9081104670659, 77.59649842101616 12.907739756188779, 77.5966033313554 12.907357114625553, 77.59666950205137 12.906966227839243, 77.59669629593392 12.906570860706955, 77.59668345514172 12.906174821245868, 77.59663110359855 12.905781923924037, 77.5965397458102 12.905395952909748, 77.59641026199265 12.9050206256145, 77.59624389958037 12.90465955688084, 77.59604226119613 12.904316224160217, 77.59580728919902 12.903993934017281, 77.59554124696035 12.903695790282324, 77.59524669704855 12.903424664159987, 77.5949264765333 12.903183166580959, 77.59458366964795 12.902973623063719, 77.59422157807387 12.90279805132727, 77.5938436891332 12.902658141871258, 77.59345364219716 12.902555241708871, 77.59305519363312 12.90249034140925, 77.59265218062892 12.902464065574174, 77.59224848424175 12.902476666838563, 77.59184799202862 12.90252802345398, 77.59145456061678 12.902617640475713, 77.59107197857529 12.902744654543019, 77.59070392994381 12.902907842205604, 77.59035395877005 12.90310563171473, 77.59002543499652 12.903336118166497, 77.58972152202406 12.90359708185019, 77.58944514626447 12.9038860096255, 77.58919896897423 12.904200119121922, 77.58898536064041 12.904536385528678, 77.58880637816432 12.904891570715936, 77.58866374506255 12.905262254408482, 77.5885588348757 12.905644867111224, 77.58849265794396 12.906035724470186))",1621,8a9fcc8284cbdaf50184cc2188df23e6,3.0,3.0,5500000.0,"3 BHK Flat  In Mahaveer Bower Residency For Sale  In J P Nagar Phase 5, J. P. Nagar",12.903885,77.590577,AP,Willing to sell my property as slightly negotiable rate,1199.0,900.0,buy,NoBroker,0.36
1,"POLYGON ((77.58849265794396 12.906035724470186, 77.58846585167711 12.90643106273915, 77.58847867441243 12.906827075010131, 77.58853100291996 12.907219947860018, 77.58862233357931 12.907605898060934, 77.58875178721692 12.907981209001173, 77.58891811755815 12.908342266466812, 77.58911972321272 12.90868559343932, 77.58935466307935 12.909007883575029, 77.58962067502144 12.909306033043872, 77.58991519763485 12.90957717042087, 77.59023539489898 12.909818684342868, 77.59057818347395 12.910028248663282, 77.59094026238215 12.910203844863604, 77.5913181447881 12.910343781504194, 77.59170819157175 12.910446710527108, 77.59210664637153 12.910511640254047, 77.59250967176006 12.910537944952477, 77.59291338620413 12.91052537087815, 77.59331390145285 12.91047403873472, 77.59370735999373 12.910384442526427, 77.59408997221517 12.910257444814068, 77.5944580529177 12.910094268419497, 77.5948080568211 12.909896484658494, 77.59513661272513 12.909665998213947, 77.59544055599417 12.909405028796346, 77.59571695905217 12.909116089766417, 77.59596315959352 12.908801963926988, 77.59617678623769 12.908465676717123, 77.59635578137967 12.9081104670659, 77.59649842101616 12.907739756188779, 77.5966033313554 12.907357114625553, 77.59666950205137 12.906966227839243, 77.59669629593392 12.906570860706955, 77.59668345514172 12.906174821245868, 77.59663110359855 12.905781923924037, 77.5965397458102 12.905395952909748, 77.59641026199265 12.9050206256145, 77.59624389958037 12.90465955688084, 77.59604226119613 12.904316224160217, 77.59580728919902 12.903993934017281, 77.59554124696035 12.903695790282324, 77.59524669704855 12.903424664159987, 77.5949264765333 12.903183166580959, 77.59458366964795 12.902973623063719, 77.59422157807387 12.90279805132727, 77.5938436891332 12.902658141871258, 77.59345364219716 12.902555241708871, 77.59305519363312 12.90249034140925, 77.59265218062892 12.902464065574174, 77.59224848424175 12.902476666838563, 77.59184799202862 12.90252802345398, 77.59145456061678 12.902617640475713, 77.59107197857529 12.902744654543019, 77.59070392994381 12.902907842205604, 77.59035395877005 12.90310563171473, 77.59002543499652 12.903336118166497, 77.58972152202406 12.90359708185019, 77.58944514626447 12.9038860096255, 77.58919896897423 12.904200119121922, 77.58898536064041 12.904536385528678, 77.58880637816432 12.904891570715936, 77.58866374506255 12.905262254408482, 77.5885588348757 12.905644867111224, 77.58849265794396 12.906035724470186))",1953,8a9fe88384744eb50184746b2e0c0a20,2.0,2.0,5500000.0,2 BHK Flat  In Sumukha Opal For Sale  In Jp Nagar,12.9039343,77.5905903,AP,,1150.0,0.0,buy,NoBroker,0.36
1,"POLYGON ((77.58849265794396 12.906035724470186, 77.58846585167711 12.90643106273915, 77.58847867441243 12.906827075010131, 77.58853100291996 12.907219947860018, 77.58862233357931 12.907605898060934, 77.58875178721692 12.907981209001173, 77.58891811755815 12.908342266466812, 77.58911972321272 12.90868559343932, 77.58935466307935 12.909007883575029, 77.58962067502144 12.909306033043872, 77.58991519763485 12.90957717042087, 77.59023539489898 12.909818684342868, 77.59057818347395 12.910028248663282, 77.59094026238215 12.910203844863604, 77.5913181447881 12.910343781504194, 77.59170819157175 12.910446710527108, 77.59210664637153 12.910511640254047, 77.59250967176006 12.910537944952477, 77.59291338620413 12.91052537087815, 77.59331390145285 12.91047403873472, 77.59370735999373 12.910384442526427, 77.59408997221517 12.910257444814068, 77.5944580529177 12.910094268419497, 77.5948080568211 12.909896484658494, 77.59513661272513 12.909665998213947, 77.59544055599417 12.909405028796346, 77.59571695905217 12.909116089766417, 77.59596315959352 12.908801963926988, 77.59617678623769 12.908465676717123, 77.59635578137967 12.9081104670659, 77.59649842101616 12.907739756188779, 77.5966033313554 12.907357114625553, 77.59666950205137 12.906966227839243, 77.59669629593392 12.906570860706955, 77.59668345514172 12.906174821245868, 77.59663110359855 12.905781923924037, 77.5965397458102 12.905395952909748, 77.59641026199265 12.9050206256145, 77.59624389958037 12.90465955688084, 77.59604226119613 12.904316224160217, 77.59580728919902 12.903993934017281, 77.59554124696035 12.903695790282324, 77.59524669704855 12.903424664159987, 77.5949264765333 12.903183166580959, 77.59458366964795 12.902973623063719, 77.59422157807387 12.90279805132727, 77.5938436891332 12.902658141871258, 77.59345364219716 12.902555241708871, 77.59305519363312 12.90249034140925, 77.59265218062892 12.902464065574174, 77.59224848424175 12.902476666838563, 77.59184799202862 12.90252802345398, 77.59145456061678 12.902617640475713, 77.59107197857529 12.902744654543019, 77.59070392994381 12.902907842205604, 77.59035395877005 12.90310563171473, 77.59002543499652 12.903336118166497, 77.58972152202406 12.90359708185019, 77.58944514626447 12.9038860096255, 77.58919896897423 12.904200119121922, 77.58898536064041 12.904536385528678, 77.58880637816432 12.904891570715936, 77.58866374506255 12.905262254408482, 77.5885588348757 12.905644867111224, 77.58849265794396 12.906035724470186))",284,8a9fe18389f98bd80189f9c870f821f1,2.0,2.0,3500000.0,2 BHK Flat  In Jala Shiv Apartments For Sale  In J. P. Nagar,12.9089124,77.5924581,AP,,897.0,0.0,buy,NoBroker,0.27
