id,name,lat,lng,brand_name,brand_id,number_of_votes,rating,cost_for_two
19454637,Globo Combo,12.916489301,77.60409493,N_A,N_A,36.0,3.0,300
18762539,Panjabi Dhaba,12.9167125002,77.6051393151,N_A,N_A,1809.0,3.3,250
19443762,Bherunath Chaats,12.9164170798,77.6060080156,N_A,N_A,37.0,3.2,150
19740738,Trippy Paradise,12.9139984754,77.6108665019,N_A,N_A,38.0,3.2,600
19153629,Dorothy's Kitchen,12.9163131597,77.6171690226,N_A,N_A,1430.0,3.3,300
19564337,Mamatha Restaurant,12.9162844019,77.6171569526,N_A,N_A,22.0,3.1,400
19621344,Shawarma Rolls Cafe,12.9087602096,77.6039480791,N_A,N_A,249.0,3.2,300
19934173,Café Voosh,12.9089468139,77.6047024503,Café Voosh,zomato_café_voosh,0.0,3.2,300
19880486,Donne Biryani House,12.9171268725,77.6070765406,Donne Biryani House,zomato_donne_biryani_house,1618.0,3.5,400
19886909,Namma Madurai Militri,12.9143208497,77.5994608995,N_A,N_A,194.0,3.5,400
19403053,Roti Sabji.Com,12.9140589326,77.6108259335,N_A,N_A,1717.0,3.5,250
19122308,Marmali Kitchen,12.916399,77.6165599,N_A,N_A,1234.0,3.6,300
18232682,Svadu Pure Ghee Sweets,12.9139863839,77.6096725836,N_A,N_A,231.0,3.5,400
19742050,Fuking Chinese,12.9139857303,77.6108004525,N_A,N_A,65.0,3.5,500
19544834,Nati Mane,12.9086376586,77.6038857177,N_A,N_A,207.0,3.5,300
19887801,Rolls & Parathas @99,12.9139700441,77.6108631492,N_A,N_A,12.0,3.6,400
18751897,Andhra Bhojanam,12.9150958534,77.6153618842,Andhra Bhojanam,zomato_andhra_bhojanam,7094.0,3.5,500
19928056,Hungry Habibi,12.9136324637,77.6053082943,N_A,N_A,333.0,3.5,350
19867554,Calcutta Street,12.906696442,77.6113251597,N_A,N_A,141.0,3.5,500
19829950,Iyengars Bake House,12.9072392652,77.610938251,N_A,N_A,79.0,3.5,250
19718410,Punjabi Tashan,12.9136514179,77.6100407168,N_A,N_A,42.0,3.5,400
19862182,Restro Cafe,12.9167811266,77.5938857719,N_A,N_A,42.0,3.5,400
18551643,Sweet Truth - Cake and Desserts,12.920222,77.610472,Sweet Truth - Cake and Desserts,zomato_sweet_truth_-_cake_and_desserts,948.0,3.6,100
18942965,The Good Bowl,12.920222,77.610472,The Good Bowl,zomato_the_good_bowl,2372.0,3.7,500
19871027,The Lassi Corner,12.912877563,77.6101607457,The Lassi Corner,zomato_the_lassi_corner,18.0,3.6,300
19900282,New Ande Ka Funda,12.9117229854,77.6034900919,N_A,N_A,33.0,3.7,200
19540195,Rajasthan Samosa Kachori & Chat,12.9163723092,77.6059811935,N_A,N_A,90.0,3.6,150
19698466,Chakhna = Starters,12.9115595859,77.6157005131,N_A,N_A,27.0,3.8,400
19622808,Desi Us,12.9126939029,77.6106096804,N_A,N_A,511.0,3.6,500
19824070,7 Momoos,12.9117922668,77.6063875481,N_A,N_A,33.0,3.8,200
19694538,Famous 99 Variety Dosa,12.913461876,77.5997759029,N_A,N_A,13.0,3.5,250
19454635,Pizza Binge,12.9165206731,77.6041267812,Pizza Binge,zomato_pizza_binge,137.0,3.6,500
18148977,AB's - Absolute Barbecues,12.916451393,77.6041207463,AB's - Absolute Barbecues,zomato_ab's_-_absolute_barbecues,9340.0,4.2,1400
18432980,Donne Biriyani House,12.9200483739,77.5952054188,Donne Biriyani House,zomato_donne_biriyani_house,16800.0,3.9,400
53311,Ande Ka Funda,12.9117373646,77.6035477594,Ande Ka Funda,zomato_ande_ka_funda,1402.0,3.5,200
18677149,Keventers - Milkshakes & Desserts,12.9138367114,77.6082878932,Keventers - Milkshakes & Desserts,zomato_keventers_-_milkshakes_&_desserts,3250.0,3.9,400
19091185,The Red Box,12.916611,77.595583,N_A,N_A,3921.0,3.9,400
19455300,Chinese BAE,12.9139543579,77.6088783145,Chinese BAE,zomato_chinese_bae,3438.0,3.7,500
19624128,Tart,12.9152298391,77.6001654938,N_A,N_A,418.0,3.9,500
18729394,Thanco's Natural Ice Cream,12.9129311578,77.610004507,N_A,N_A,612.0,3.6,400
54654,Tandoor Garden,12.9165092353,77.6047550887,N_A,N_A,339.0,3.5,350
19933810,Shawarma Station,12.9052296891,77.6108319733,N_A,N_A,71.0,3.9,150
19336858,The Kabab Club,12.9176585622,77.6068519056,N_A,N_A,266.0,3.9,600
19739323,Chef’s Knife,12.9139122012,77.6108058169,N_A,N_A,53.0,3.8,400
19717049,Manchurian Bites,12.9139984714,77.6100173126,N_A,N_A,59.0,3.8,400
18555032,McDonald's,12.9160690454,77.6101037487,McDonald's,zomato_mcdonald's,14600.0,3.5,400
19885407,FB Cakes,12.9165259018,77.6065199822,N_A,N_A,484.0,4.0,300
18480031,Lassi Shop,12.9147023926,77.5980971754,Lassi Shop,zomato_lassi_shop,1526.0,4.0,300
18602528,WOW! Momo,12.9139429201,77.6091532409,WOW! Momo,zomato_wow!_momo,3596.0,3.4,400
55218,Just Bake - Cakes & Confectioners,12.9140066453,77.6098787785,N_A,N_A,543.0,4.0,250
19503735,Mangaluru Kairuchi,12.9161010711,77.6056174189,N_A,N_A,701.0,4.0,200
19920465,Keventers Ice Cream,12.9138102409,77.608365342,Keventers Ice Cream,zomato_keventers_ice_cream,242.0,4.0,300
51829,Taco Bell,12.914278866,77.5997816026,Taco Bell,zomato_taco_bell,14200.0,4.1,400
18467220,C. K. Mega Hot Food,12.9144327867,77.610110119,N_A,N_A,15300.0,3.9,400
54817,Bhavani Chats N Juice,12.9187199773,77.5922878459,N_A,N_A,1575.0,4.0,200
19407355,Bruce Lee's,12.9160765616,77.6055882499,N_A,N_A,28.0,4.0,300
19956177,Sri Banashankari Donne Biriyani,12.9138801752,77.6084448025,N_A,N_A,31.0,4.0,400
19795372,Maharaja Military Canteen,12.9217754422,77.5935525075,Maharaja Military Canteen,zomato_maharaja_military_canteen,0.0,3.9,250
19739389,Flavour Of China,12.9139635082,77.6108661667,N_A,N_A,75.0,4.0,400
19673874,Five Star Chicken,12.9141700431,77.6100145653,N_A,N_A,260.0,4.1,300
52161,Cakewala,12.9232404181,77.5931381062,Cakewala,zomato_cakewala,4423.0,4.1,400
18344013,Behrouz Biryani,12.920222,77.610472,Behrouz Biryani,zomato_behrouz_biryani,6656.0,4.1,750
18996330,"Frozen Bottle - Milkshakes, Desserts and Ice Cream",12.9156880042,77.6102556288,"Frozen Bottle - Milkshakes, Desserts and Ice Cream","zomato_frozen_bottle_-_milkshakes,_desserts_and_ice_cream",1757.0,4.1,350
19179214,Imperial Restaurant,12.9282741446,77.5998101011,N_A,N_A,7907.0,3.7,800
19539624,Cane Hut,12.9205083,77.5945233,N_A,N_A,166.0,4.1,300
18643001,Nammura Donne Biriyani,12.9163422443,77.616689913,N_A,N_A,1295.0,3.7,300
19395004,Rolls On Wheels,12.9216784723,77.5935979274,N_A,N_A,1642.0,3.6,300
19418511,Ultimate Punjabi,12.9111974923,77.6022465527,N_A,N_A,1470.0,4.1,400
19848665,Star Ambur Dum Biryani,12.9079516984,77.6107531786,N_A,N_A,134.0,4.1,350
19338768,Biryani Trip - Destination Hyderabad,12.910180817,77.603706345,Biryani Trip - Destination Hyderabad,zomato_biryani_trip_-_destination_hyderabad,7543.0,4.1,400
19338981,Chaigram,12.9137690646,77.6092501357,N_A,N_A,482.0,4.1,200
19721888,Bombay Kulfi,12.9216800208,77.5933657587,N_A,N_A,946.0,4.4,150
19316493,NIC - Natural Ice Creams,12.9167781855,77.5960553437,NIC - Natural Ice Creams,zomato_nic_-_natural_ice_creams,2958.0,4.4,350
19730163,Rotti Mane,12.8762608376,77.6156592742,N_A,N_A,164.0,3.2,200
19737053,Fritz Haber Ice Creams,12.9174108544,77.616564855,N_A,N_A,16.0,3.2,400
19705289,Chattim Chorum,12.8899807673,77.624562867,N_A,N_A,162.0,3.8,400
18752296,Hum Biryani,12.9151268989,77.6153984293,N_A,N_A,1893.0,3.6,600
19746899,Wendy's,12.9023809393,77.623927854,Wendy's,zomato_wendy's,1973.0,3.9,300
19594392,Sharief Bhai,12.9019358223,77.6250074431,Sharief Bhai,zomato_sharief_bhai,3948.0,3.8,1000
19242103,Hotel Sharavathi,12.916701,77.616908,N_A,N_A,39.0,4.0,400
19541585,Zomoz - The Momo Company,12.902289759,77.6240475476,Zomoz - The Momo Company,zomato_zomoz_-_the_momo_company,808.0,4.0,300
19419199,Let's Get Started - By Flayvor Co.,12.9055460843,77.6010341942,N_A,N_A,37.0,2.8,600
19661361,La Italia,12.8762157329,77.6177306101,N_A,N_A,36.0,2.9,1200
19502604,Zahra Chocolaterie,12.9147935684,77.5859333575,N_A,N_A,114.0,2.9,350
19215780,Gelato Italiano,12.907830781,77.6012769341,Gelato Italiano,zomato_gelato_italiano,31.0,3.0,400
19439793,Benki Coffee,12.910858601,77.5876362249,N_A,N_A,17.0,3.2,350
19725244,Goli Vada Pav No.1,12.9060820471,77.5950870663,Goli Vada Pav No.1,zomato_goli_vada_pav_no.1,431.0,3.5,250
19688893,Hotel Tasty Village,12.911762,77.594752,N_A,N_A,162.0,3.5,300
19852136,Yelneer Katte,12.8920355218,77.5802048296,N_A,N_A,29.0,3.6,200
19289309,Pie Square,12.9064686585,77.5850794092,Pie Square,zomato_pie_square,4268.0,3.5,500
18695282,Maggi N Maggi House,12.9009763015,77.6053220406,N_A,N_A,3007.0,3.5,250
18783527,Hunger Camp,12.9011037585,77.5949365273,N_A,N_A,1479.0,3.9,800
19574364,Fiero! Pizzeria,12.8985582013,77.5913266093,Fiero! Pizzeria,zomato_fiero!_pizzeria,492.0,3.5,500
19608243,PVR Café,12.9080049674,77.6005399972,PVR Café,zomato_pvr_café,53.0,3.5,500
18584021,Burger King,12.9080049674,77.6005399972,Burger King,zomato_burger_king,16200.0,3.9,400
19551549,KFC,12.9146762491,77.6101228595,KFC,zomato_kfc,4294.0,3.7,400
18877799,Subway,12.9079951633,77.6005832478,Subway,zomato_subway,1613.0,3.3,400
18359919,Onesta,12.906339897,77.5969102979,Onesta,zomato_onesta,19500.0,4.0,600
60165,Ande Ka Funda,12.9102033662,77.5782377645,Ande Ka Funda,zomato_ande_ka_funda,1578.0,3.5,200
61248,Hari Super Sandwich,12.9184304415,77.5919767097,Hari Super Sandwich,zomato_hari_super_sandwich,2953.0,3.9,200
19225297,Kalewa,12.9012871004,77.6029724255,N_A,N_A,465.0,4.1,500
19678273,Weedustan Thalis & Bowls,12.9010080024,77.6053998247,N_A,N_A,17.0,3.6,350
19714829,Voosh Thalis & Bowls,12.9107958554,77.6097832248,Voosh Thalis & Bowls,zomato_voosh_thalis_&_bowls,10.0,3.7,300
18620322,Public - The Rooftop Bar And Kitchen,12.8990494053,77.6057937741,N_A,N_A,2338.0,4.0,1000
53828,City Durbar,12.9284878568,77.5964969024,City Durbar,zomato_city_durbar,2946.0,3.5,800
18577778,Firangi Bake,12.9154249352,77.5857965648,Firangi Bake,zomato_firangi_bake,699.0,3.7,450
18856942,UBQ By Barbeque Nation,12.9063517504,77.5968163605,N_A,N_A,3636.0,3.7,400
18308765,Pizza Hut,12.9139236391,77.6089540869,Pizza Hut,zomato_pizza_hut,3789.0,3.6,600
18353479,Lassi Shop,12.9137586071,77.6069903746,Lassi Shop,zomato_lassi_shop,1213.0,3.9,300
18275025,Nandhana Palace,12.9145693871,77.5858341157,Nandhana Palace,zomato_nandhana_palace,7572.0,4.2,800
18512886,Stories Bar & Kitchen,12.9135376928,77.5860473514,N_A,N_A,6178.0,4.1,1500
18494503,Bake Addiction,12.9133674318,77.5900810584,N_A,N_A,119.0,3.8,600
18457634,Anjappar,12.8936666978,77.5861643627,Anjappar,zomato_anjappar,2420.0,3.8,800
18825459,Mad Over Donuts,12.9075121469,77.6009520516,Mad Over Donuts,zomato_mad_over_donuts,1121.0,3.6,250
19271721,Shiv Sagar Signature,12.9165379931,77.5914204866,N_A,N_A,1584.0,3.6,500
18879068,The Good Bowl,12.9154050008,77.5858589262,The Good Bowl,zomato_the_good_bowl,2063.0,4.0,500
19562936,Kulkarni Uttara Karnataka Food,12.9049738447,77.5849566981,N_A,N_A,68.0,4.0,150
19858390,Alpha Kitchen,12.9032358414,77.5928835274,N_A,N_A,18.0,4.0,300
19508126,Dhanee Ruchi,12.9002367229,77.5849151239,N_A,N_A,55.0,4.0,200
18979817,Halli Mane Badoota,12.9086785089,77.6039413735,N_A,N_A,1380.0,3.7,350
58141,Just Shawarma,12.9205493393,77.5945167616,N_A,N_A,6414.0,4.0,300
18232645,Al-Bek,12.9167892964,77.5983630493,Al-Bek,zomato_al-bek,34300.0,4.0,750
19685580,Third Wave Coffee,12.906382055,77.5877542421,Third Wave Coffee,zomato_third_wave_coffee,1076.0,4.1,800
18930046,Baba Punjabi,12.9106014093,77.5880140811,N_A,N_A,1271.0,4.0,800
18764048,Nandhana Palace,12.8942487679,77.568654567,Nandhana Palace,zomato_nandhana_palace,6773.0,3.9,800
19073994,Dindigul Thalappakatti,12.9167451795,77.5857680663,Dindigul Thalappakatti,zomato_dindigul_thalappakatti,5899.0,3.9,900
18422894,Tandoor And Spice,12.8996889823,77.5947729126,Tandoor And Spice,zomato_tandoor_and_spice,3550.0,4.1,1000
53162,Rajdhani,12.8758143667,77.595403567,N_A,N_A,3965.0,4.0,1000
58506,Simply Indian,12.8793596372,77.6098804548,N_A,N_A,4235.0,4.1,800
19326433,Levels Pub & Kitchen,12.9060869492,77.5937905535,N_A,N_A,2851.0,4.1,1400
19132734,House of Commons,12.9143527218,77.5858880952,House of Commons,zomato_house_of_commons,5476.0,4.2,1400
18614522,Chill Out Cafe,12.8892491781,77.6256404679,N_A,N_A,13.0,3.5,400
19556798,WOW! Momo,12.8761895853,77.6157085598,WOW! Momo,zomato_wow!_momo,1042.0,3.0,400
19406552,Snacks Express,12.9160919209,77.6056009904,N_A,N_A,30.0,3.1,300
57866,Vijayalakshmi Veg,12.9284130249,77.6001762226,Vijayalakshmi Veg,zomato_vijayalakshmi_veg,10100.0,3.8,300
58830,Chef Master,12.9237309201,77.5970098749,Chef Master,zomato_chef_master,4160.0,3.7,300
18728865,Udupi Upachar,12.9033476445,77.5918043777,N_A,N_A,5736.0,3.9,300
59202,Udupi Gokul Cafe,12.9163242707,77.6031497866,N_A,N_A,791.0,4.0,300
19609459,Acharya Tiffins,12.8917819058,77.5791604444,N_A,N_A,135.0,3.7,300
18572436,Chaitanya Grand,12.9118514173,77.6006459445,N_A,N_A,231.0,3.9,300
19001493,Elite Kerala Mess,12.8989559361,77.6028631255,Elite Kerala Mess,zomato_elite_kerala_mess,5275.0,3.9,300
19889878,Absolute Momo Cafe,12.886667044,77.5819459185,N_A,N_A,345.0,3.7,300
19960857,The Fresh Meals,12.9117782144,77.6033975556,N_A,N_A,99.0,3.9,300
19283562,Donne Biriyani Palace,12.9127716807,77.5861130655,N_A,N_A,1900.0,3.8,300
59692,Biryani Magic,12.9061820497,77.6113727689,N_A,N_A,374.0,3.8,300
56987,Hotel Aradhana,12.9115958606,77.6001792401,Hotel Aradhana,zomato_hotel_aradhana,829.0,3.9,300
18894900,Tarbouche,12.9082595474,77.6064002886,Tarbouche,zomato_tarbouche,1678.0,3.8,300
19475697,Food Portal,12.9073000508,77.6073038578,N_A,N_A,54.0,3.6,300
19045965,Limra Eating Point,12.9199865,77.6002883,N_A,N_A,57.0,3.6,300
20100759,Speedbreaker,12.9071650805,77.6069890335,N_A,N_A,5.0,3.5,300
19460242,Karavali Fish Magic,12.902369501,77.5845627487,N_A,N_A,525.0,3.7,300
19153627,Dorothy's Kitchen,12.8918920457,77.6270422339,N_A,N_A,763.0,3.3,300
18561653,Sri Venkateshwara Sweet Meat Stall,12.9063117917,77.5906423107,N_A,N_A,510.0,4.1,400
19675611,Indulge Desi,12.8714483235,77.5761831924,N_A,N_A,208.0,3.9,400
19665995,Sips N Bites,12.8577010187,77.5898383684,N_A,N_A,139.0,3.5,400
20240627,GOPIZZA,12.894734,77.610987,N_A,N_A,125.0,3.5,500
20312284,Platform.65,12.879438,77.595421,N_A,N_A,158.0,3.6,1100
20081389,Cafe Baha,12.8735879,77.6113439,N_A,N_A,66.0,4.0,400
19781438,Gupshup,12.8718748421,77.5761748531,N_A,N_A,282.0,3.7,400
19646177,Gud Dhani,12.8764674036,77.6162245497,N_A,N_A,340.0,3.8,400
19439029,Cafe E Fungi,12.8818383879,77.6256759837,N_A,N_A,274.0,3.7,400
18873708,Sri SLV Bhavan,12.8773917192,77.6032181829,N_A,N_A,344.0,3.9,400
19242474,Aata Uuta Maathu,12.9104517347,77.581839636,N_A,N_A,117.0,3.8,400
18651845,Nellore Bhojanam,12.8936905558,77.5991911814,N_A,N_A,9046.0,3.7,400
18979630,MilkyWay,12.8817609273,77.6267287508,N_A,N_A,26.0,4.0,400
19232965,Point One Cafe,12.9138684106,77.6093021035,N_A,N_A,19.0,3.9,400
19629822,WOW! Momo,12.9079768623,77.6005483791,WOW! Momo,zomato_wow!_momo,434.0,4.1,400
19317833,Karavali Fish Magic,12.9023129626,77.5845127925,N_A,N_A,7.0,3.8,400
20371986,Savi Sagar Grand,12.8792676076,77.6098309083,N_A,N_A,101.0,3.8,500
18552146,Bathinda Junction,12.905399348,77.609199509,Bathinda Junction,zomato_bathinda_junction,11800.0,3.9,800
51345,Rajdhani,12.9160481306,77.5927921012,N_A,N_A,5959.0,4.0,1000
18570972,Fattoush,12.9157451931,77.6101828739,Fattoush,zomato_fattoush,24200.0,4.0,1000
19147200,Udupi Grand Veg,12.8982683153,77.6178855076,N_A,N_A,842.0,3.5,300
19191288,Ambur Star Dum Biryani,12.9108812,77.5788361,N_A,N_A,123.0,3.6,300
58216,New South Corner,12.9102811448,77.6064807549,N_A,N_A,668.0,3.7,300
60158,SV Juice Corner,12.8715365734,77.5832313672,N_A,N_A,7.0,3.2,300
19538086,Octa Food,12.9040865604,77.581763193,N_A,N_A,52.0,3.5,300
20371097,Momos Everyday,12.9177092148,77.6072394848,N_A,N_A,14.0,3.6,300
57330,Cakewala,12.9133520723,77.5858213753,Cakewala,zomato_cakewala,6285.0,4.1,400
56289,Kabab Magic,12.8824051241,77.5959872827,Kabab Magic,zomato_kabab_magic,572.0,4.0,400
60790,Cafe Coffee Day,12.9123190658,77.5857637078,Cafe Coffee Day,zomato_cafe_coffee_day,415.0,3.2,600
20257857,Samosa Party,12.86539781,77.59190637,Samosa Party,zomato_samosa_party,336.0,3.8,200
19551551,KFC,12.9149050054,77.5857965648,KFC,zomato_kfc,2642.0,3.5,400
59284,Five Star Chicken,12.8953413303,77.6086714491,Five Star Chicken,zomato_five_star_chicken,1521.0,3.6,300
19947014,Onesta,12.8758,77.596,N_A,N_A,1541.0,3.5,600
19646742,Sreeraj Lassi Bar,12.9211034775,77.6003036499,Sreeraj Lassi Bar,zomato_sreeraj_lassi_bar,448.0,3.8,300
18635134,McDonald's,12.9077177068,77.6013332605,McDonald's,zomato_mcdonald's,2463.0,3.8,400
19035106,Kanti Sweets,12.9155961752,77.6101356,Kanti Sweets,zomato_kanti_sweets,2327.0,4.1,400
20289525,Donne Biriyani Mane,12.9200211,77.5950152,Donne Biriyani Mane,zomato_donne_biriyani_mane,0.0,3.7,400
55252,Baskin Robbins,12.9007900181,77.5860594213,Baskin Robbins,zomato_baskin_robbins,945.0,4.1,400
18645414,Beijing Bites,12.9148844174,77.5858354568,N_A,N_A,2219.0,3.8,800
56344,KFC,12.9046480173,77.6017097756,KFC,zomato_kfc,12800.0,3.9,400
53792,Domino's Pizza,12.9138406329,77.6095780358,Domino's Pizza,zomato_domino's_pizza,22300.0,4.1,400
50128,Beijing Bites,12.9131729877,77.6100108773,N_A,N_A,5438.0,3.9,800
18108004,Polar Bear,12.9219090975,77.5895700976,Polar Bear,zomato_polar_bear,2340.0,4.3,350
18487181,Anand Sweets and Savouries,12.8768511192,77.5954749808,Anand Sweets and Savouries,zomato_anand_sweets_and_savouries,7696.0,4.1,300
18702894,Kanti Sweets,12.8902739312,77.5981189683,Kanti Sweets,zomato_kanti_sweets,1976.0,3.8,400
18584244,Cafe Coffee Day,12.8915220798,77.608339861,Cafe Coffee Day,zomato_cafe_coffee_day,1063.0,3.4,600
18647498,Pizza Hut,12.8929065077,77.6118371263,Pizza Hut,zomato_pizza_hut,1963.0,3.4,600
20292088,Sangam Sweets,12.895592362,77.5863609602,N_A,N_A,216.0,4.0,200
18713837,Five Star Chicken,12.8815396579,77.6284866035,Five Star Chicken,zomato_five_star_chicken,26.0,3.8,300
18806841,New Kabab Zone,12.8889979959,77.6258224994,New Kabab Zone,zomato_new_kabab_zone,7678.0,3.5,400
19794574,Biryani By Kilo,12.8760431586,77.616158165,N_A,N_A,2282.0,4.2,700
19286707,McDonald's,12.9166713244,77.5924460962,McDonald's,zomato_mcdonald's,1858.0,3.6,400
19574959,Khan Saheb Grills And Rolls,12.8931628,77.5864133,N_A,N_A,1200.0,3.5,500
19953241,Cafe Coffee Day,12.9218715172,77.5894983485,Cafe Coffee Day,zomato_cafe_coffee_day,56.0,3.5,600
19425861,Baskin Robbins,12.907530448,77.6009145007,Baskin Robbins,zomato_baskin_robbins,856.0,3.8,400
20223914,Chaayos Chai+Snacks=Relax,12.89575699,77.57055094,Chaayos Chai+Snacks=Relax,zomato_chaayos_chai+snacks=relax,188.0,3.9,350
20254121,Flying Kombucha,12.913664,77.605242,Flying Kombucha,zomato_flying_kombucha,1.0,3.9,300
51425,Nandhini Deluxe,12.9055294171,77.5856631249,Nandhini Deluxe,zomato_nandhini_deluxe,8703.0,4.0,1200
50067,Barbeque Nation,12.9063517504,77.5968163605,Barbeque Nation,zomato_barbeque_nation,7567.0,4.2,1600
60068,A2B - Adyar Ananda Bhavan,12.8930156667,77.5991509482,A2B - Adyar Ananda Bhavan,zomato_a2b_-_adyar_ananda_bhavan,10600.0,3.2,500
19146695,WOW! Momo,12.8757228499,77.5955333188,WOW! Momo,zomato_wow!_momo,1088.0,3.3,400
56185,Domino's Pizza,12.8763631401,77.5958347321,Domino's Pizza,zomato_domino's_pizza,10500.0,3.4,400
18313508,Cafe Coffee Day,12.9061771476,77.5918952376,Cafe Coffee Day,zomato_cafe_coffee_day,725.0,3.3,600
18333162,Brews N Bites,12.8766089274,77.5960375741,N_A,N_A,104.0,3.2,600
55082,Rolls On Wheels,12.8920485947,77.5813266635,N_A,N_A,4772.0,3.7,300
56417,Five Star Chicken,12.8921018671,77.5815254822,Five Star Chicken,zomato_five_star_chicken,4903.0,3.6,300
54464,Domino's Pizza,12.9060817203,77.5956298783,Domino's Pizza,zomato_domino's_pizza,12900.0,3.8,400
20370477,Theobroma,12.8764082146,77.6134993684,Theobroma,zomato_theobroma,180.0,3.7,400
18968154,McDonald's,12.8763320898,77.6139426604,McDonald's,zomato_mcdonald's,7176.0,3.6,400
19355227,McCafe by McDonald's,12.9166677297,77.5924484432,McCafe by McDonald's,zomato_mccafe_by_mcdonald's,0.0,3.4,500
18775012,Tiwari's Ghee Paratha And Chats,12.8917750424,77.5792405754,Tiwari's Ghee Paratha And Chats,zomato_tiwari's_ghee_paratha_and_chats,357.0,3.8,300
19771550,Polar Bear,12.8795125988,77.6097825542,Polar Bear,zomato_polar_bear,736.0,4.0,350
18777053,Krispy Kreme,12.9076177047,77.6010797918,Krispy Kreme,zomato_krispy_kreme,3403.0,4.1,400
19208427,Domino's Pizza,12.8950174513,77.6110160351,Domino's Pizza,zomato_domino's_pizza,4731.0,3.9,400
19280491,Flying Kombucha,12.9139151424,77.5864587352,Flying Kombucha,zomato_flying_kombucha,20.0,3.9,300
55016,Domino's Pizza,12.8895353014,77.5818305835,Domino's Pizza,zomato_domino's_pizza,13200.0,3.9,400
55670,Kanti Sweets,12.8886587476,77.5822094455,Kanti Sweets,zomato_kanti_sweets,7260.0,4.1,400
19596015,Friendly Neighbourhood Pizza - Man,12.8696836465,77.5971828774,N_A,N_A,437.0,4.1,400
18537195,Pizza Hut,12.8926081177,77.581743747,Pizza Hut,zomato_pizza_hut,6705.0,3.7,600
19664923,Punjabi Zaica,12.8944716602,77.5816525519,N_A,N_A,217.0,3.6,500
18635139,Kailash Parbat,12.9074422108,77.6013755053,Kailash Parbat,zomato_kailash_parbat,776.0,3.4,500
18366680,Chow San,12.8873517552,77.5993373618,N_A,N_A,8067.0,3.5,500
18553377,Sambram Biriyani Paradise,12.9062774771,77.5961472094,N_A,N_A,2128.0,3.4,500
18635261,Marhaba,12.9079866664,77.6006000116,Marhaba,zomato_marhaba,145.0,3.1,500
20348993,Cafe Indulge,12.8763262066,77.5992786884,N_A,N_A,14.0,3.2,500
19431935,Pratyush's Food Plaza,12.8945641506,77.5816207007,N_A,N_A,865.0,3.6,400
59621,New Kabab Zone,12.8945919304,77.6095592603,New Kabab Zone,zomato_new_kabab_zone,4629.0,3.6,400
18663709,Shiv Sagar,12.9073556076,77.6011619344,N_A,N_A,105.0,3.3,400
19117295,Tasty Shawarma Rolls,12.9086863522,77.6038360968,N_A,N_A,4469.0,3.3,400
19294191,Sunath Pizzeria,12.88167,77.6259,N_A,N_A,349.0,3.5,400
18811668,Stories Brewery & Kitchen,12.9058268113,77.6084169745,N_A,N_A,6980.0,4.4,2300
18853706,Brahma Brews,12.8932594767,77.5863216072,N_A,N_A,9562.0,4.5,2200
18874059,The Pump House,12.9065153917,77.5822007284,N_A,N_A,5393.0,4.1,2000
19655866,Starbucks Coffee,12.8915695,77.5980932,Starbucks Coffee,zomato_starbucks_coffee,919.0,3.7,600
60124,Shanthi Sagar,12.9135831175,77.5858807191,N_A,N_A,23200.0,3.5,700
18173070,Black Mug Cafe,12.8607260605,77.5853409246,N_A,N_A,317.0,3.6,700
18154869,Asha Sweet Center,12.9132654712,77.5858250633,Asha Sweet Center,zomato_asha_sweet_center,1687.0,4.0,250
19257158,Mannat Bakes And Sweets,12.9230920581,77.6020292945,N_A,N_A,22.0,3.5,250
18762460,Sri Lakshmi Dhaba,12.9167023697,77.605124563,N_A,N_A,3051.0,3.3,250
20203807,Richa's Cafe,12.8870995,77.6003704,N_A,N_A,25.0,3.5,250
18678580,Darjeeling Momos & Fast Food Center,12.8558191,77.5944601,Darjeeling Momos & Fast Food Center,zomato_darjeeling_momos_&_fast_food_center,2795.0,3.8,250
18254568,Kullad Cafe,12.912674295,77.6100678742,N_A,N_A,36600.0,3.9,400
18545085,Kalpavruksha,12.9035405,77.601995,N_A,N_A,4596.0,4.0,400
18724948,Jaganath Hotel And Restaurant,12.9069052705,77.594945915,Jaganath Hotel And Restaurant,zomato_jaganath_hotel_and_restaurant,28700.0,3.8,400
18528143,Amontron,12.9119412869,77.6064130291,N_A,N_A,11900.0,3.8,400
19206030,La Pino'z Pizza,12.9140004361,77.6091317832,La Pino'z Pizza,zomato_la_pino'z_pizza,10000.0,4.0,400
52406,Kabab Mehal,12.8865693213,77.5820394605,N_A,N_A,3860.0,4.1,400
18723386,Madeena Hotel,12.9208957336,77.6007404923,Madeena Hotel,zomato_madeena_hotel,13500.0,4.0,400
19252616,Chole Kullche,12.9056866112,77.6074557379,N_A,N_A,133.0,3.9,400
19586523,Bon Viveur Cakes & Cafe,12.9089533499,77.6064582914,N_A,N_A,370.0,3.6,450
19615845,Akshara Grand,12.8609777467,77.5801914185,N_A,N_A,224.0,3.6,450
18698193,Shiv Sai Hotel,12.8768416407,77.6015806943,N_A,N_A,3363.0,3.6,450
19497278,Raju Gari Biryani,12.8762206356,77.5959520787,N_A,N_A,632.0,3.5,500
19422017,New Kabab House,12.8870513976,77.6256240159,N_A,N_A,425.0,3.5,500
18701113,Street Foods By Punjab Grill,12.8758300553,77.595516555,N_A,N_A,643.0,3.6,500
19046014,Holy Smoke,12.9102880076,77.6098301634,Holy Smoke,zomato_holy_smoke,2215.0,4.0,350
19213577,Dine At Dawn,12.9166575991,77.6023183018,N_A,N_A,806.0,3.6,500
19888880,Coast @ JP Nagar,12.8932359455,77.5862766802,N_A,N_A,806.0,3.9,500
19700548,PURRed @Charlie's,12.91484,77.591597,N_A,N_A,210.0,4.0,500
18263419,Cafe Mist,12.9168180541,77.5933667645,N_A,N_A,194.0,3.7,500
19278400,Budapest Bake Inn,12.8927166232,77.5859695673,Budapest Bake Inn,zomato_budapest_bake_inn,690.0,3.8,500
18975341,Rayalaseema Kitchen,12.9140092596,77.6098549739,Rayalaseema Kitchen,zomato_rayalaseema_kitchen,498.0,3.7,500
19551684,Waffle E,12.9076431955,77.6010566577,N_A,N_A,22.0,3.6,500
18688853,Brundhavana Pure Veg,12.8728776407,77.5836531445,Brundhavana Pure Veg,zomato_brundhavana_pure_veg,5272.0,3.6,500
19725512,Adholokam Family Restaurant,12.8584651224,77.611643672,N_A,N_A,224.0,3.5,500
19557690,Bowl Wise - Healthy N' Wholesome,12.8726459042,77.6182274893,N_A,N_A,174.0,3.7,500
19676841,Aramane Donne Biriyani,12.8807734269,77.6101383143,N_A,N_A,24.0,3.7,500
19122613,Uru Brewpark,12.9061650558,77.6016219333,N_A,N_A,9435.0,4.2,2000
51517,Mockaholic Restro Beer Cafe,12.91561709,77.5857345387,N_A,N_A,1165.0,3.8,700
52953,Ambur Star Briyani Since 1890,12.9166255735,77.611239329,Ambur Star Briyani Since 1890,zomato_ambur_star_briyani_since_1890,7257.0,4.1,700
19260896,Food Affair,12.8924064674,77.6112651452,N_A,N_A,296.0,3.8,750
19143119,Dhansagar Restaurant,12.9135687614,77.606496498,N_A,N_A,1638.0,3.8,750
18520390,Butterly,12.8616452042,77.6000659168,N_A,N_A,750.0,3.7,700
18689163,Henchina Mane Restaurant & Bar,12.870168697,77.583236061,N_A,N_A,5.0,3.9,650
50307,Corner House Ice Creams,12.9174798074,77.5932608172,Corner House Ice Creams,zomato_corner_house_ice_creams,25800.0,4.5,300
19683640,Curry Leaves,12.9231208153,77.5973203406,N_A,N_A,61.0,3.6,800
18642374,Daniyal's,12.905965704,77.608185634,N_A,N_A,2493.0,3.4,800
18545829,S Square Family Restaurant,12.8742128176,77.6026284322,N_A,N_A,1718.0,3.2,800
20106689,Black Mug Gastro Pub,12.8549895073,77.5886182487,N_A,N_A,19.0,3.6,1000
18631156,Checkpost,12.9105435656,77.5991784409,N_A,N_A,21100.0,4.0,600
19265011,New Chawla Chicken,12.9086624956,77.6064649969,N_A,N_A,373.0,3.4,600
19225450,TFL's Kitchen,12.8925394847,77.610610351,N_A,N_A,116.0,3.6,600
19633314,The Food Farmm,12.907201029,77.6069032028,N_A,N_A,68.0,3.9,600
19308508,Tikka Kebab,12.8975182705,77.6215323061,N_A,N_A,1935.0,3.7,600
18547328,Dialogues,12.9061049235,77.5825849548,N_A,N_A,201.0,3.8,600
18377941,On The Nose,12.9149079466,77.6054967195,N_A,N_A,2860.0,3.7,600
60407,Alankrutha,12.9135733136,77.6127732173,N_A,N_A,18200.0,3.9,550
19104989,Chula Chowpatty,12.9059264873,77.6059208438,N_A,N_A,496.0,3.9,550
19419207,Freshee Al Natural,12.9086919078,77.6064438745,N_A,N_A,35.0,3.7,600
18619553,Taco Bell,12.8760147231,77.5954575464,Taco Bell,zomato_taco_bell,6931.0,3.9,600
19882628,Sri Udupi Food Hub,12.925413194,77.5970021635,N_A,N_A,1736.0,3.5,300
19537181,Tasty Rolls,12.9066768337,77.6112215593,N_A,N_A,129.0,3.1,300
19539723,Falahaar & Kota Kachori,12.9169693589,77.594711557,N_A,N_A,5293.0,3.5,300
51753,K C Das,12.906100675,77.5950994715,K C Das,zomato_k_c_das,277.0,3.5,300
19440586,Malnad Donne Biriyani - MDB,12.8992082376,77.6219939813,N_A,N_A,1386.0,3.4,300
18629742,Juice Lounge,12.9135027255,77.6062678546,N_A,N_A,88.0,3.1,300
18649431,Sri Sapana Dhaba,12.909314,77.612839,N_A,N_A,4862.0,3.2,300
18622802,Juicy & Spicy,12.8852691815,77.5826010481,N_A,N_A,367.0,3.4,300
58105,Juicy Hut,12.875981058,77.5957378373,N_A,N_A,11.0,2.8,300
18676689,Sattvam,12.9064444749,77.5866143033,N_A,N_A,1814.0,4.1,1500
19536114,Tadka Punjab Da,12.9143177547,77.6129033044,N_A,N_A,114.0,4.1,400
58871,Litti Twist,12.9113079506,77.601926364,N_A,N_A,7208.0,4.1,400
17956666,Coastal Mama,12.9061650558,77.5932577997,N_A,N_A,4261.0,4.2,700
18514958,Ultimate Parathas,12.9112863818,77.6019075885,N_A,N_A,2578.0,4.1,400
50268,Chulha Chauki Da Dhaba,12.9121334444,77.5861817971,N_A,N_A,11800.0,4.2,800
19300213,Figo Deli,12.9050748283,77.6082986221,Figo Deli,zomato_figo_deli,3946.0,4.1,700
19422284,Late Night,12.90448,77.601066,N_A,N_A,2548.0,4.1,400
20403286,Chai Galli,12.912088,77.586216,Chai Galli,zomato_chai_galli,6.0,4.0,400
58657,Starbucks Coffee,12.9060542685,77.5936963409,Starbucks Coffee,zomato_starbucks_coffee,1058.0,4.0,600
19812983,Pasta Street,12.9070716143,77.5989165902,Pasta Street,zomato_pasta_street,2669.0,4.3,1500
18824303,Chicken County Restaurant,12.8760591,77.6134345,N_A,N_A,2377.0,3.5,600
19704852,Bangarpet Chats,12.8827636642,77.5711302459,Bangarpet Chats,zomato_bangarpet_chats,1083.0,3.6,100
18632895,Mother's Rasoi Family Restaurant,12.877296,77.596444,N_A,N_A,1253.0,3.7,200
20088489,Aatithyaa,12.8847063737,77.5704948977,N_A,N_A,57.0,3.6,200
18681341,Mad Over Donuts,12.8759656962,77.5956171378,Mad Over Donuts,zomato_mad_over_donuts,1363.0,3.5,250
19332980,Seven 2 Eleven Resto Cafe,12.9054764744,77.5950096175,N_A,N_A,172.0,3.6,250
19008696,Ande Ka Funda,12.9115680827,77.5784647465,N_A,N_A,2168.0,3.7,250
19074133,Udupi Veg,12.8899020019,77.5939736143,N_A,N_A,84.0,3.9,250
18362426,Vishal Foods,12.8762467832,77.6149635762,Vishal Foods,zomato_vishal_foods,1502.0,3.4,300
18923800,SLV Ragigudda,12.9153429099,77.5950066,SLV Ragigudda,zomato_slv_ragigudda,1677.0,3.6,400
18779047,Amma's Pastries,12.8965737664,77.5862136483,N_A,N_A,648.0,3.8,400
18430752,Upahar Banashree,12.8536329813,77.5883641094,Upahar Banashree,zomato_upahar_banashree,1615.0,3.6,400
19842965,Foodopia,12.9170317761,77.6124553755,N_A,N_A,12.0,3.2,400
18699217,Bangali Babu Sweets,12.9086392926,77.6064552739,N_A,N_A,612.0,3.7,500
19099373,Dream Gowdas Hotel,12.898625,77.572327,N_A,N_A,1976.0,3.3,500
20321964,The Rook Cafe,12.9020056,77.5856734,N_A,N_A,18.0,3.1,600
18280602,Chai Point,12.9134657975,77.6100490987,Chai Point,zomato_chai_point,11100.0,3.6,550
20085652,Dindigul Thalappakatti,12.8903860328,77.5978581235,Dindigul Thalappakatti,zomato_dindigul_thalappakatti,837.0,3.6,600
19261193,Ocean Cake,12.91898,77.591271,N_A,N_A,20.0,3.5,300
19648529,C2 Kitchen,12.8731750736,77.5835884362,N_A,N_A,80.0,3.6,300
18728780,New Mahesh Friends Food Corner,12.9091654446,77.6134015247,N_A,N_A,23200.0,3.4,300
19217755,Taco Bell,12.9078382975,77.6012491062,Taco Bell,zomato_taco_bell,2577.0,3.8,400
19070846,Thanco's Natural Ice Cream,12.8848815568,77.5826305524,N_A,N_A,413.0,3.4,400
18635044,Sri Krishna Sagar,12.9138363846,77.6061555371,N_A,N_A,1677.0,3.7,450
19578637,Just Delicious,12.8761905659,77.614569962,N_A,N_A,2894.0,3.7,300
19641434,Agarwal's Sweets And Snacks,12.8656152653,77.5995338336,N_A,N_A,559.0,3.5,300
19067484,Crown Restaurant,12.8867575763,77.6030401513,N_A,N_A,349.0,3.4,300
19229587,Pallavi Restaurant,12.876262145,77.6178080589,N_A,N_A,4834.0,3.6,300
18298238,Mysuru Coffee Thindi,12.9224048306,77.5894745439,Mysuru Coffee Thindi,zomato_mysuru_coffee_thindi,18000.0,4.0,300
50031,Adithya,12.91198181,77.5869525969,Adithya,zomato_adithya,23800.0,3.9,300
55671,Taaza Mithai,12.9140889978,77.5858884305,Taaza Mithai,zomato_taaza_mithai,7238.0,4.0,300
18634414,RK Fresh Food,12.9086504039,77.6064522564,RK Fresh Food,zomato_rk_fresh_food,4369.0,3.8,300
20032980,Kulfi & More,12.8903053066,77.5897142664,Kulfi & More,zomato_kulfi_&_more,14.0,3.9,300
19219230,555 Darjeeling Unique,12.8906713523,77.5974229351,N_A,N_A,839.0,4.1,300
18721647,Delhi Biryani Cafe,12.9072422064,77.6109184697,N_A,N_A,1177.0,4.0,300
18618333,Marenahalli Donne Biriyani,12.9157585917,77.586065121,Marenahalli Donne Biriyani,zomato_marenahalli_donne_biriyani,13100.0,4.0,300
18778997,Nati Palace,12.8991311092,77.5860486925,N_A,N_A,942.0,4.0,300
18775254,RB Food Point,12.9163967,77.6164586,RB Food Point,zomato_rb_food_point,22900.0,3.8,300
18995957,The Sandwich Club,12.8962417185,77.5821648538,The Sandwich Club,zomato_the_sandwich_club,168.0,3.9,300
19700814,New Doon Punjabi Dhaba,12.9108742874,77.6099991426,N_A,N_A,15.0,3.9,300
56922,Basawa Hotel,12.9141720039,77.6130283624,N_A,N_A,11.0,3.8,300
19603150,Shetty Donne Biryani & Kebabs,12.9069222644,77.6112859324,N_A,N_A,15.0,3.8,300
18162886,Pathaan Sir,12.9139919394,77.610125877,Pathaan Sir,zomato_pathaan_sir,27900.0,3.9,300
19638856,Tasty Thindi,12.8767880382,77.6098023355,N_A,N_A,2163.0,3.8,300
18613199,Chaat Junction,12.8614719662,77.6016034931,Chaat Junction,zomato_chaat_junction,1376.0,3.7,300
18640353,Fish And Dish,12.8666684028,77.5809987634,Fish And Dish,zomato_fish_and_dish,618.0,3.8,300
18998247,Adithya Mess,12.8653730626,77.5990590826,N_A,N_A,204.0,3.9,300
18663698,Juicy Momos,12.9073072405,77.6012196019,N_A,N_A,401.0,3.6,250
18163871,Arun Icecreams,12.9127200467,77.5859417394,N_A,N_A,15.0,3.2,250
60472,Kataria's,12.9163419,77.6165165,Kataria's,zomato_kataria's,4657.0,3.3,250
50011,A2B - Adyar Ananda Bhavan,12.9165102157,77.6095582545,A2B - Adyar Ananda Bhavan,zomato_a2b_-_adyar_ananda_bhavan,8554.0,4.0,500
18704604,Krishna Vaibhava,12.9164383213,77.6056690514,Krishna Vaibhava,zomato_krishna_vaibhava,1001.0,4.0,500
53831,Abhiruchi Hotel,12.915169709,77.6153447852,Abhiruchi Hotel,zomato_abhiruchi_hotel,40400.0,3.8,500
19880946,Cafe Chemistry,12.9012648,77.6028098,N_A,N_A,62.0,4.0,500
19628409,Rayan Kitchen,12.8818495004,77.6257631555,N_A,N_A,482.0,3.9,500
18504850,Tisano Cafe,12.8552745403,77.5881384686,N_A,N_A,259.0,3.7,500
19442257,Pakizah,12.8810418827,77.5985977426,N_A,N_A,121.0,3.9,500
20298994,Shanmukha,12.86503,77.599068,N_A,N_A,114.0,3.7,500
18897508,Tasty Bites,12.914663504,77.5866146386,N_A,N_A,642.0,4.0,200
53723,Savoury - Sea Shell Restaurant,12.9310621919,77.6008052006,N_A,N_A,22900.0,4.1,900
19616623,Chowman,12.8911583879,77.5943994074,N_A,N_A,5331.0,4.0,800
52344,Caffe Pascucci,12.9063905519,77.5918657333,N_A,N_A,1399.0,4.2,800
18550613,Punjabi Swag,12.9136393264,77.6099874079,Punjabi Swag,zomato_punjabi_swag,16400.0,3.9,1000
19026376,Toast On Terrace,12.8968362017,77.5703852624,N_A,N_A,560.0,3.8,1300
18377700,Casa Piccosa,12.90582387,77.5858478621,N_A,N_A,1053.0,3.9,1200
18606054,Crumb Together,12.9070660586,77.6000310481,N_A,N_A,1347.0,4.2,1200
50985,The Dennys,12.9165772082,77.5969106331,N_A,N_A,460.0,4.1,900
51541,24th Main,12.9084948457,77.5856832415,N_A,N_A,1908.0,3.9,800
18577149,Shanghai Court,12.8916135909,77.577912882,N_A,N_A,3342.0,4.2,800
50278,Chung Wah,12.899678851,77.5947350264,N_A,N_A,5797.0,4.0,800
53203,Eshanya Street Food Cafe,12.9232613323,77.5931411237,N_A,N_A,1940.0,4.0,1200
56028,Momoz,12.913867,77.608751,Momoz,zomato_momoz,28600.0,4.0,800
18555154,Punjabi Nawabi,12.8765232941,77.6164974645,N_A,N_A,30300.0,3.9,800
18771826,Bramhin Tiffins,12.8918776654,77.5795912743,N_A,N_A,26.0,3.9,100
18761289,Idly Wala,12.9214914653,77.6047778875,N_A,N_A,25.0,3.9,100
19718171,Maiyas,12.9164700202,77.6043366641,N_A,N_A,314.0,4.0,200
19734066,Subbu Mess,12.9086226256,77.6034481823,N_A,N_A,29.0,4.0,150
19084225,Quench By Saladrink,12.8955247775,77.6137956507,N_A,N_A,36.0,4.0,250
19698457,Rampyari Chaiwala Netaji Bhajiawala,12.9115595859,77.6157005131,N_A,N_A,2078.0,4.1,200
19956056,Holige Mane Kuruk Thindi,12.8850250368,77.6251871511,N_A,N_A,146.0,4.3,400
19858992,Shiva's Mess,12.9196951159,77.6112473756,N_A,N_A,56.0,3.5,250
19630400,Voosh Dakshin,12.9224257449,77.5894537568,Voosh Dakshin,zomato_voosh_dakshin,22.0,3.2,250
19537828,House Of Bihar,12.9082464752,77.6063536853,N_A,N_A,46.0,3.2,100
19659710,Food In Restaurant,12.9048398536,77.5841634348,N_A,N_A,14.0,3.3,300
19789117,Bengali Babu Sweets,12.9086772017,77.6064244285,N_A,N_A,137.0,3.7,350
19619180,Panchami Garden,12.9193438181,77.600306645,N_A,N_A,50.0,3.5,300
19551762,Misti Mukh,12.8978725,77.6142253,N_A,N_A,100.0,3.7,100
19315919,Mithai Vatika,12.9166259003,77.6112399995,N_A,N_A,280.0,3.5,150
19467749,Curryosity,12.8965057526,77.608859676,N_A,N_A,217.0,3.6,400
19739998,MAM My Aunty Mane,12.906228783,77.5896156952,N_A,N_A,218.0,3.7,400
18604159,Sri Vishnu Park,12.9166579259,77.6150326431,Sri Vishnu Park,zomato_sri_vishnu_park,22200.0,4.0,700
19629774,Sandwich Guru,12.8912427,77.5941326,Sandwich Guru,zomato_sandwich_guru,4279.0,4.0,200
18745143,Sri Bhagya Sagar,12.8850567397,77.62536183,N_A,N_A,1103.0,3.5,400
19884576,Chats Katte,12.9111671,77.5812441856,N_A,N_A,35.0,3.9,200
19703561,Ambur Dum Biryani,12.883039841,77.6097379625,N_A,N_A,25.0,3.8,300
19661680,Udupi Kitchen Veg,12.910755659,77.6100366935,N_A,N_A,143.0,3.9,150
19537793,Hot Samosa Point,12.9082399392,77.6063060761,N_A,N_A,58.0,3.6,200
18723527,Iyengar's Bakery,12.9055215738,77.5951172411,N_A,N_A,95.0,3.9,200
19859973,E-Spicy,12.9168020413,77.6056214422,N_A,N_A,34.0,4.0,300
19120847,Ice N Spice,12.8894248336,77.5940919667,N_A,N_A,63.0,3.7,300
19800709,Juice Joint,12.9208349512,77.5934509188,N_A,N_A,16.0,3.8,250
18546438,Bhavani Chats,12.9032463335,77.6035970449,Bhavani Chats,zomato_bhavani_chats,1153.0,3.8,200
18649401,Momo Junction,12.8950628793,77.6093121618,Momo Junction,zomato_momo_junction,7254.0,4.0,100
19838158,Jen & Jo Ice Cream,12.8908367264,77.5967956334,N_A,N_A,91.0,3.9,300
19853213,Voosh Dakshin,12.9024734268,77.5832719356,Voosh Dakshin,zomato_voosh_dakshin,1.0,3.6,250
18789460,Sri Krishna Sweets,12.9108968366,77.5808106735,N_A,N_A,25.0,4.0,200
19912058,Shree Malnad Kairuchi,12.9030716,77.5836143,N_A,N_A,40.0,4.0,400
19074463,Karavali Zone,12.9055490256,77.5900243968,N_A,N_A,367.0,3.8,300
19365642,Eat More Street,12.8951390285,77.6110170409,N_A,N_A,74.0,3.7,500
19581158,Hotel SLV Grand,12.888079606,77.6106026396,N_A,N_A,25.0,4.0,600
19871918,Dodmane Donne Biryani,12.896134195,77.6081742346,N_A,N_A,16.0,4.0,300
19561505,Five Star Chicken,12.8921005598,77.5983774662,Five Star Chicken,zomato_five_star_chicken,198.0,4.3,300
18412141,Juice Junction,12.9057238672,77.5950602442,N_A,N_A,2847.0,4.3,250
19680974,Rotti Mane,12.9022397569,77.5843424723,N_A,N_A,677.0,4.1,150
19825148,Vishranti Bhavan @CableCar,12.9163579303,77.5857824832,N_A,N_A,134.0,4.3,500
18938935,Cookie Man,12.9074784861,77.6012826338,N_A,N_A,354.0,4.2,400
19615613,Rajasthani Paratha House,12.8996902895,77.5857355446,N_A,N_A,78.0,4.1,200
19409295,Niyu,12.906282706,77.5866696239,N_A,N_A,1617.0,4.3,500
19522781,O4H - Order For Health,12.9150203639,77.605542317,N_A,N_A,1833.0,4.3,300
20451791,Cafe Coffee Day,12.907606,77.600903,Cafe Coffee Day,zomato_cafe_coffee_day,0.0,3.4,600
19943080,The Baker's Dozen,12.877337,77.610266,The Baker's Dozen,zomato_the_baker's_dozen,145.0,4.2,200
20431774,KFC,12.894512,77.620092,KFC,zomato_kfc,0.0,3.7,400
19402953,ZOROY Luxury Chocolate,12.8707115993,77.5832451135,N_A,N_A,34.0,4.0,200
54463,Domino's Pizza,12.8940177049,77.5680685043,Domino's Pizza,zomato_domino's_pizza,13300.0,4.0,400
19624191,The Bengal Club,12.90418,77.586639,N_A,N_A,712.0,3.7,400
19577875,Peetuk,12.90418,77.586639,Peetuk,zomato_peetuk,1966.0,3.7,400
19504466,Spicychilly Resturant,12.9024721196,77.584852092,N_A,N_A,154.0,3.8,350
19681541,Delhi Swad,12.8945899695,77.5816626102,N_A,N_A,93.0,3.8,500
19457311,Shefali's Kitchen,12.885214,77.591355,N_A,N_A,88.0,4.1,450
51850,McDonald's,12.876148076,77.5952161476,McDonald's,zomato_mcdonald's,13300.0,3.9,400
19430708,Chandni Chowk,12.8950249681,77.581919767,Chandni Chowk,zomato_chandni_chowk,178.0,3.6,300
19629855,Deli2Go,12.8916001911,77.5772627816,Deli2Go,zomato_deli2go,4.0,3.7,500
18690998,Samosa Singh,12.8950141831,77.5821209326,Samosa Singh,zomato_samosa_singh,4260.0,3.7,300
19523066,Iyengars Bakery,12.885579673,77.5789592788,N_A,N_A,1044.0,4.0,300
19789134,Bengali Babu Sweets,12.895427284,77.5816961378,N_A,N_A,387.0,4.0,300
19718175,Maiyas,12.8935140717,77.5863206014,N_A,N_A,291.0,3.9,200
19618611,Uppu Khara,12.9139267072,77.6109295234,N_A,N_A,47.0,3.9,250
19841937,Khushi Chats Center,12.9182255441,77.5919425115,N_A,N_A,74.0,4.0,250
19681886,Bisibelly,12.8934039324,77.5862280652,N_A,N_A,105.0,4.1,350
18788883,Davanagere Benne Dose,12.9196581888,77.5927961245,N_A,N_A,12900.0,4.1,100
19683863,Sahyadri Food Point,12.9025482665,77.5835649669,N_A,N_A,541.0,4.1,350
18656621,Balaji Bombay Vada Pav Gujrati Dalebi,12.891844983,77.5787131861,N_A,N_A,1343.0,4.2,200
19584690,Iyengars Bakery,12.914478538,77.5915706903,N_A,N_A,485.0,4.2,300
19490044,Rajasthani Chaat House,12.8997128397,77.5857516378,N_A,N_A,899.0,4.2,150
19614851,Hummus Club Blr,12.900713217,77.5911750644,N_A,N_A,110.0,4.3,400
19589062,Good Bread Factory,12.8813810204,77.5972592865,N_A,N_A,81.0,3.8,150
18592791,Empire Restaurant,12.9020387679,77.5858260691,Empire Restaurant,zomato_empire_restaurant,51500.0,4.1,800
18661121,Cake-O-Mania,12.861158503,77.599779591,N_A,N_A,54.0,3.6,300
19445937,Brownies Basket,12.8654495,77.5992243,N_A,N_A,39.0,4.3,200
18650711,UP Style North Indian Food,12.9230935,77.593522,N_A,N_A,693.0,4.2,150
20193460,GOPIZZA,12.9074117,77.6013661,N_A,N_A,81.0,3.6,500
19746131,Shine Restaurant,12.899465441,77.6267451793,N_A,N_A,2.0,4.1,400
19996685,FB Café By Frozen Bottle,12.875982,77.5957657,FB Café By Frozen Bottle,zomato_fb_café by frozen_bottle,6.0,3.7,1000
19570570,Ninan's Steakhouse,12.88643185,77.5821264865,N_A,N_A,314.0,3.6,700
19496305,The Pizza Bakery,12.9065000319,77.5869582966,The Pizza Bakery,zomato_the_pizza_bakery,2770.0,4.1,800
18975675,Potful - Claypot Biryanis,12.9060212611,77.5958390906,Potful - Claypot Biryanis,zomato_potful_-_claypot_biryanis,8538.0,4.2,650
20026414,Five Star Chicken,12.8967783548,77.5719932467,Five Star Chicken,zomato_five_star_chicken,1.0,3.6,300
19417180,Roohi - By Flayvor Co.,12.9054555588,77.6010207832,N_A,N_A,91.0,3.9,350
19418225,The Great Wok - By Flayvor Co.,12.9054823569,77.6010683924,N_A,N_A,385.0,4.0,600
19867266,Gowdru Donne Biryani,12.8653514899,77.5799134746,N_A,N_A,43.0,3.9,300
19581164,The Brooklyn Creamery - Healthy Ice Cream,12.8765713403,77.5748997554,The Brooklyn Creamery - Healthy Ice Cream,zomato_the_brooklyn_creamery_-_healthy_ice_cream,67.0,4.1,200
19843620,Magic Grill,12.8877511419,77.625557296,N_A,N_A,218.0,3.5,500
19598895,Roti Basket,12.8767857503,77.6162450016,N_A,N_A,305.0,3.7,200
19579495,Rotti Mane,12.8838013684,77.609866038,N_A,N_A,267.0,4.0,250
20440411,KFC,12.894512,77.620092,KFC,zomato_kfc,60.0,3.7,400
19417044,Thali's Station,12.914108,77.610836,N_A,N_A,160.0,3.2,300
18541496,Polar Bear,12.8882544599,77.5820066035,Polar Bear,zomato_polar_bear,2688.0,4.2,350
18439656,Shanghai Court,12.875976809,77.6163180918,Shanghai Court,zomato_shanghai_court,5384.0,4.1,800
50816,Polar Bear,12.9020054332,77.5856721774,Polar Bear,zomato_polar_bear,4230.0,4.3,350
51446,Natural Ice Cream,12.8922303091,77.5981461257,Natural Ice Cream,zomato_natural_ice_cream,3316.0,4.5,300
20286198,Theobroma,12.9139302,77.6099639,Theobroma,zomato_theobroma,411.0,3.6,400
59657,New Kabab Zone,12.8959887604,77.6260823384,New Kabab Zone,zomato_new_kabab_zone,67.0,3.4,400
19503409,SGS Non Veg - Gundu Pulav,12.916652,77.600311,SGS Non Veg - Gundu Pulav,zomato_sgs_non_veg_-_gundu_pulav,7.0,3.8,500
19878135,KFC,12.8769155552,77.6106498191,KFC,zomato_kfc,1036.0,3.8,400
20367774,Third Wave Coffee,12.9137122,77.60520847,Third Wave Coffee,zomato_third_wave_coffee,122.0,4.0,800
18414341,Chai Point,12.8760277969,77.5956637412,Chai Point,zomato_chai_point,7403.0,3.5,250
19607472,Kalmane Koffees,12.9100154557,77.5782994553,Kalmane Koffees,zomato_kalmane_koffees,0.0,3.5,500
20249578,OTP-Oven Tawa Pan,12.917715,77.5933196,N_A,N_A,32.0,3.9,200
19655083,Cafe E Fungi,12.8818570176,77.6257618144,N_A,N_A,0.0,3.7,400
20394462,Chai Point,12.89482,77.59862,Chai Point,zomato_chai_point,0.0,3.8,550
60692,Polar Bear,12.8923355465,77.5979090855,Polar Bear,zomato_polar_bear,4091.0,4.2,350
18489143,Burger King,12.8760977418,77.5953576341,Burger King,zomato_burger_king,21300.0,4.0,400
18555036,McDonald's,12.9062166912,77.5855950639,McDonald's,zomato_mcdonald's,14900.0,3.8,400
60160,New Atithi Biryani Corner,12.8768141858,77.5840035081,N_A,N_A,667.0,3.9,300
19034601,Manoj Gowdru Mane Mudde Oota,12.8903785158,77.6257262751,N_A,N_A,1038.0,3.6,300
19519314,Prashanth Gowdru Badoota,12.882457418,77.5954471529,N_A,N_A,523.0,3.8,300
19313233,RK Chinese hut,12.9086572667,77.606488131,N_A,N_A,197.0,3.4,600
18467211,Indus Family Restaurant,12.9177487565,77.6125566289,Indus Family Restaurant,zomato_indus_family_restaurant,1163.0,3.9,600
55595,Shree Manjunatha Bar And Restaurant,12.8968639812,77.5712512806,N_A,N_A,55.0,3.5,550
51073,White Horse,12.9052712395,77.5857610255,N_A,N_A,424.0,4.0,550
19862759,Glen's Bakehouse,12.8857499529,77.5963691622,N_A,N_A,1211.0,3.9,600
20341605,Chavadi Dessert Cafe,12.8729787145,77.6023393822,N_A,N_A,29.0,3.6,550
19006599,Eat 'N' Pack,12.8879743668,77.6105694473,Eat 'N' Pack,zomato_eat_'n'_pack,1296.0,3.8,450
19760813,Sri Manjunatha Fruit Juice Centre,12.8760879364,77.6172753051,N_A,N_A,63.0,3.4,150
18701756,The Blue Wagon - Coffee & Kitchen,12.9113202,77.5950446,N_A,N_A,696.0,4.5,400
18278228,Shake It Off,12.9199104693,77.5895382464,N_A,N_A,2396.0,4.3,400
18407907,Subway,12.8967433853,77.5998067483,Subway,zomato_subway,6420.0,3.5,400
19211434,Fritz Haber,12.9067470968,77.6112715155,N_A,N_A,197.0,3.2,400
18563940,Shree Udupi Grand,12.898906587,77.5726386532,N_A,N_A,288.0,3.7,400
59958,Hotel Meed Cafe,12.9085448465,77.6137532294,N_A,N_A,9.0,3.1,400
61526,Mom's Momos,12.9034097384,77.6020192355,N_A,N_A,249.0,3.7,100
19820419,Coal Flame Biriyaani,12.9229822588,77.5971433148,N_A,N_A,114.0,3.8,500
19413156,Nandini Cafe Moo,12.9183837105,77.5933436304,N_A,N_A,12.0,3.5,500
18254595,Donut Cafe,12.8823440934,77.6098260023,N_A,N_A,3204.0,3.7,500
19094547,Kydz Adda,12.8837438454,77.5962021947,Kydz Adda,zomato_kydz_adda,0.0,3.5,500
59446,Hakuna Matata,12.8940154171,77.58666493,N_A,N_A,7645.0,4.4,1400
19066682,Tipsy Bull - The Bar Exchange,12.9062781307,77.577948086,N_A,N_A,3531.0,4.4,1200
19946700,Brahmin Tiffins & Coffee,12.8920420582,77.6069139317,N_A,N_A,5.0,3.9,150
18721873,Nellore Dosa Camp,12.9178052913,77.607312575,N_A,N_A,11.0,3.8,150
18097543,Nandi Chats,12.9137376921,77.607697472,N_A,N_A,1289.0,4.1,150
18672786,Udupi Thadka,12.9056859576,77.6042696089,N_A,N_A,9.0,2.8,250
20322738,Mumma's Bowl,12.8589193,77.5947758,N_A,N_A,5.0,3.1,250
19527525,Just Cakes,12.8763735991,77.6176933944,Just Cakes,zomato_just_cakes,648.0,3.4,250
18896672,Poha House,12.9102945436,77.6115508005,N_A,N_A,7389.0,3.9,150
58658,Nammura Upahara,12.9153203611,77.5871014595,N_A,N_A,53.0,3.7,150
19236745,89 Express Dhaba,12.916688,77.606279,N_A,N_A,1059.0,3.5,150
18604688,Angel Restaurant,12.8991539862,77.6027031988,Angel Restaurant,zomato_angel_restaurant,2634.0,3.2,450
20315032,New GFC Biryani,12.8982389,77.6069095,N_A,N_A,14.0,2.8,450
18435699,Meat And Eat,12.8930624024,77.6199283451,Meat And Eat,zomato_meat_and_eat,1462.0,3.3,450
52929,Matka - O - Chai,12.910865137,77.6099669561,N_A,N_A,617.0,3.1,200
18498744,Sai Jagannath Food And Chats Point,12.8944238,77.6201481,N_A,N_A,1045.0,3.9,350
19332366,Venky's Kitchens,12.914655661,77.6163164154,N_A,N_A,22.0,3.7,350
19003076,The Malgudi Days,12.9135814835,77.6053418219,N_A,N_A,217.0,3.7,350
19559507,SS Military Hotel,12.9022273381,77.5857925415,N_A,N_A,8.0,3.7,350
18466909,The Cake Shop Mayura,12.9063055824,77.5779397041,N_A,N_A,20.0,3.6,350
19680292,Cafe Blanca House,12.9144455317,77.6124087721,N_A,N_A,56.0,3.8,350
18352240,Apoorva Halli Mane,12.8660671,77.5797466,N_A,N_A,138.0,4.0,350
18547884,Skyline Pizzeria,12.9063134258,77.5778126344,Skyline Pizzeria,zomato_skyline_pizzeria,3158.0,4.1,600
50720,Narmadha's Hyderabad Biriyani,12.9166768799,77.6062168926,N_A,N_A,1348.0,3.9,400
18601634,Apsara Ice Creams,12.893711,77.610944,Apsara Ice Creams,zomato_apsara_ice_creams,736.0,4.3,400
59502,Funky Punjab,12.9003988225,77.5857254863,Funky Punjab,zomato_funky_punjab,2525.0,3.9,400
18631802,Krishna Kuteera,12.8789899797,77.6099679619,N_A,N_A,27800.0,4.1,400
19153646,Mamatha Restaurant,12.9163262314,77.617145218,N_A,N_A,896.0,3.3,800
19544098,Kattappa,12.9163576035,77.6059761643,Kattappa,zomato_kattappa,87.0,3.8,1000
19500334,Maharaja Military Canteen,12.8922481638,77.5817351902,Maharaja Military Canteen,zomato_maharaja_military_canteen,1386.0,3.7,300
19624125,Ambur Star Dum Biryani,12.8751718,77.5840301,N_A,N_A,149.0,4.0,400
18729564,Hunger Treats,12.8929735359,77.5987078076,N_A,N_A,4935.0,3.9,600
19595967,Art Of Delight,12.8855616972,77.5965381414,N_A,N_A,235.0,3.9,300
18649402,Momo Junction,12.8947033,77.6094533,Momo Junction,zomato_momo_junction,4634.0,3.9,100
19545017,Swad E Punjabi,12.8867262005,77.603006959,N_A,N_A,28.0,2.9,400
19907349,Spicy Hydrabadi,12.8971306648,77.5722343102,N_A,N_A,21.0,3.2,300
19459688,Paratha Studio,12.860904202,77.6016440615,N_A,N_A,61.0,3.3,200
19544772,Chinese Food World,12.8866549512,77.6030173525,N_A,N_A,33.0,3.1,300
19900124,Star Biryani & Chat Center,12.8985967656,77.5887969509,N_A,N_A,26.0,3.3,300
19544969,Kati Rolls Zone,12.8866451463,77.6030116528,N_A,N_A,263.0,3.4,300
19604300,All In One Kabab,12.8867830692,77.6030790433,N_A,N_A,96.0,3.4,500
19458183,Bangalore Restaurant,12.8868033327,77.6029570028,N_A,N_A,56.0,3.4,400
19544656,Moghal Biryani,12.8867905863,77.6029821485,N_A,N_A,107.0,3.3,300
19634367,Voosh Thalis & Bowls,12.8852835621,77.5825702026,Voosh Thalis & Bowls,zomato_voosh_thalis_&_bowls,51.0,3.5,300
19634568,Voosh Desi Parathas,12.8852597033,77.5826285407,Voosh Desi Parathas,zomato_voosh_desi_parathas,35.0,3.7,300
19544560,North Ka Swad,12.8866467804,77.6030217111,N_A,N_A,111.0,3.5,400
19641224,Hotel Rotti Uta,12.8557011085,77.5887490064,N_A,N_A,261.0,3.6,200
19604296,Nawabi Biriyani,12.8867938546,77.6030196995,N_A,N_A,102.0,3.7,350
19544713,Rasoi Ghar,12.8867791472,77.6030250639,N_A,N_A,31.0,3.6,300
19545028,Veggie Food World,12.8866451463,77.6030716673,N_A,N_A,31.0,3.7,300
19748518,NOTO - Healthy Ice Cream,12.8857623692,77.5961501847,NOTO - Healthy Ice Cream,zomato_noto_-_healthy_ice_cream,306.0,3.8,200
19723620,Moms Kitchen,12.886639917,77.6029801369,N_A,N_A,78.0,3.9,500
18573031,Sri Sai 99 Variety Dosa,12.8764491003,77.5968593359,N_A,N_A,1110.0,4.0,300
19503969,Hayath Be Home Made Food,12.8895581793,77.5884217769,N_A,N_A,24.0,4.0,300
19417538,Mom Made,12.861607,77.601393,N_A,N_A,48.0,4.0,300
19901584,Hotel New Tandoori Point,12.8575681941,77.5891335681,N_A,N_A,50.0,4.0,400
19609804,Grand Kitchen,12.9033875448,77.5883055795,N_A,N_A,17.0,4.0,350
18576963,World On A Swirl,12.8765458464,77.6162450016,World On A Swirl,zomato_world_on_a_swirl,1137.0,4.0,300
18709534,Mane Oota,12.8895457599,77.5941989198,Mane Oota,zomato_mane_oota,497.0,4.1,150
19795115,ITC Master Chef Creations,12.8936117916,77.5861928612,N_A,N_A,708.0,4.1,650
19908771,Goli Vadapav No 1,12.886688288,77.5821172446,Goli Vadapav No 1,zomato_goli_vadapav_no_1,429.0,4.3,250
19778354,Sandos 'n Grills,12.8856829,77.5964685,N_A,N_A,773.0,4.3,650
19316496,NIC - Natural Ice Creams,12.881099,77.580703,NIC - Natural Ice Creams,zomato_nic_-_natural_ice_creams,2511.0,4.5,350
19316300,NIC - Natural Ice Creams,12.886965,77.605386,NIC - Natural Ice Creams,zomato_nic_-_natural_ice_creams,2902.0,4.6,350
19182553,Murali Military Hotel,12.91641,77.616585,N_A,N_A,44.0,3.5,300
19439554,Sandice Cafe,12.9163324405,77.6043131948,Sandice Cafe,zomato_sandice_cafe,254.0,4.0,300
19480112,Thalassery Restaurant,12.8761261773,77.6175535843,Thalassery Restaurant,zomato_thalassery_restaurant,3326.0,3.2,650
52820,Pizza Hut,12.8912782681,77.5984073058,Pizza Hut,zomato_pizza_hut,4385.0,3.1,600
20340437,McCafe By McDonald's,12.906164,77.585466,McCafe By McDonald's,zomato_mccafe_by_mcdonald's,0.0,3.3,500
19021723,Blue Waters Lounge Bar & Fine Dine,12.8612699639,77.5899187848,N_A,N_A,167.0,3.8,1500
19967728,Parkland Pub & Bar,12.8845285759,77.5962964073,N_A,N_A,16.0,3.5,800
18924790,Namaste,12.910485722,77.6063929126,Namaste,zomato_namaste,39700.0,4.1,100
55625,Adda - The Restaurant,12.8945840867,77.6202847436,Adda - The Restaurant,zomato_adda_-_the_restaurant,2153.0,3.7,450
19284805,Leon's Burgers & Wings,12.9022560975,77.5858723372,Leon's Burgers & Wings,zomato_leon's_burgers_&_wings,20200.0,4.0,400
19534081,Cardamom- Ghar Ka Swad,12.9117680837,77.6026267558,N_A,N_A,586.0,3.8,400
51223,Dal Roti,12.9139916126,77.5861204416,N_A,N_A,2280.0,3.9,400
18202994,Upahara Darshini,12.9165020459,77.5928041711,Upahara Darshini,zomato_upahara_darshini,4512.0,4.0,400
52915,Multi Cakes,12.8924672566,77.5817108899,N_A,N_A,243.0,3.9,400
18713437,Shree Udupi Grand,12.9172755628,77.5933201611,Shree Udupi Grand,zomato_shree_udupi_grand,1564.0,3.9,400
18535015,Gorbandh Sweets & Snacks,12.9078559449,77.6108742133,Gorbandh Sweets & Snacks,zomato_gorbandh_sweets_&_snacks,10600.0,3.9,400
18304733,Pallavi North Indian Veg Restaurant,12.9061238783,77.5902195275,N_A,N_A,17500.0,3.9,400
19638096,Cremeborne - Ice Creams and Desserts,12.9165716527,77.5927126408,N_A,N_A,195.0,4.1,400
19353518,Mangalore Chef,12.9066850038,77.6112342998,N_A,N_A,35.0,3.7,400
19033266,Shapana Dhaba,12.9167700157,77.6053136587,N_A,N_A,107.0,3.6,400
20038644,The Punjabi Zaiqa,12.9140099132,77.6090087369,N_A,N_A,37.0,3.8,400
19706812,Al Makkah Restaurant,12.9209529213,77.6005467027,N_A,N_A,742.0,3.8,400
57286,Thayee Touch,12.9054875859,77.5854120031,N_A,N_A,82.0,3.8,400
19549321,Siddhi's Little Green,12.9055663463,77.5784570351,N_A,N_A,44.0,3.8,400
18948896,Aramane Donne Biryani,12.9129961904,77.5860205293,Aramane Donne Biryani,zomato_aramane_donne_biryani,8870.0,3.8,400
19607153,M-Aura Cafe Kitchen & More,12.9057107949,77.6058816165,N_A,N_A,94.0,3.3,400
20372001,La Pino'z Pizza,12.9061097,77.5929306,La Pino'z Pizza,zomato_la_pino'z_pizza,49.0,3.7,400
58359,Cakebuy,12.8972055061,77.611159198,N_A,N_A,3936.0,3.9,400
20065799,Aramane Donne Biriyani,12.9129893277,77.5858549029,Aramane Donne Biriyani,zomato_aramane_donne_biriyani,0.0,3.7,400
19028627,7th Heaven Cakes And Desserts,12.8848207657,77.5827217475,7th Heaven Cakes And Desserts,zomato_7th_heaven_cakes_and_desserts,3441.0,3.9,400
58530,Terrace Lounge,12.8796459499,77.6097329333,N_A,N_A,25.0,3.7,1800
19154871,Marwadi Chaat Tiffin Services,12.9166154429,77.6063510031,N_A,N_A,6000.0,3.6,250
18756425,Speedbreaker,12.9130014192,77.6160170138,N_A,N_A,113.0,3.5,250
18594573,Chatter Platter,12.9089788405,77.6140462607,Chatter Platter,zomato_chatter_platter,1070.0,3.6,250
19218439,Bendakaluru Donne Biriyani,12.9097412694,77.6065055653,N_A,N_A,538.0,3.9,250
18650690,Sandwichwallas,12.8918381196,77.5792033598,N_A,N_A,543.0,3.9,250
19234721,Snack Me,12.9098331006,77.6037204266,N_A,N_A,307.0,3.9,250
18918518,Lazzet Lee,12.9105952001,77.6063607261,N_A,N_A,232.0,3.7,250
20399732,Malgudi Naati Style Hotel,12.891527,77.5748599,Malgudi Naati Style Hotel,zomato_malgudi_naati_style_hotel,23.0,3.8,250
19696008,Rice Noodles,12.87883,77.61059,N_A,N_A,1171.0,3.9,250
20018604,The Rameshwaram Cafe,12.9071748846,77.5817078725,N_A,N_A,125.0,3.3,200
19517531,Namma SLN - Cubbonpet Muddanna,12.9202470609,77.5915200636,N_A,N_A,38.0,3.4,200
18652108,Kuttanad,12.8992435336,77.6028014347,Kuttanad,zomato_kuttanad,3318.0,3.2,200
19306654,Rotti Mane,12.8891738296,77.6028946415,N_A,N_A,906.0,3.6,200
56418,Keshava Kabab Centre,12.9129631839,77.5866092741,N_A,N_A,204.0,3.6,200
19715479,Burger Friendz,12.9092464916,77.6110700145,N_A,N_A,36.0,3.6,200
19739975,Gully Foods,12.917411508,77.6165641844,N_A,N_A,12.0,3.7,250
18863083,Waffle Head,12.917621,77.606969,Waffle Head,zomato_waffle_head,7031.0,4.0,300
19701619,Momos Mania,12.9174108544,77.6165739074,N_A,N_A,23.0,4.0,300
19179284,Khans Kitchens,12.890798,77.588897,N_A,N_A,659.0,4.0,400
19551274,BBQ Kitchens,12.890798,77.588897,N_A,N_A,47.0,4.0,400
19313921,Biryan,12.890798,77.588897,N_A,N_A,977.0,4.2,500
19774995,S M Shawarma Hut,12.9139680833,77.6108685136,N_A,N_A,49.0,3.6,300
19536250,Om Sri Sai Tiffin Center,12.9202431394,77.6075479388,N_A,N_A,32.0,3.9,200
19914607,Chakna,12.917622,77.60694,N_A,N_A,232.0,3.9,250
19696935,Coco House,12.9205493393,77.5916980952,N_A,N_A,52.0,3.7,250
18855646,Omleterian,12.9164370142,77.6055698097,N_A,N_A,731.0,3.9,300
19614499,Hen Hao Chi Food,12.9110367069,77.5886115432,N_A,N_A,22.0,4.0,350
19483185,Phulke,12.9110367069,77.5886138901,N_A,N_A,162.0,3.8,300
19697953,Amul Ice Cream Parlour,12.9138624,77.6095488,N_A,N_A,130.0,4.3,200
19865859,Ice Or Spice,12.9257533727,77.6040506735,N_A,N_A,60.0,4.3,200
19662212,Whhite Paani Food Chain,12.9142680818,77.6061609015,N_A,N_A,413.0,4.2,100
19539053,Namma Bangarpet Bhel House,12.9189075545,77.5917973369,N_A,N_A,161.0,4.1,100
19939836,Khichdi Experiment,12.9146138312,77.5857352093,N_A,N_A,0.0,4.2,250
19817796,Bombay Pav Bhaji And Tawa Pulao,12.9137373653,77.6100923494,N_A,N_A,247.0,4.4,200
19521770,Couch Tato,12.8864402328,77.6115640264,N_A,N_A,64.0,3.8,150
19935987,Dosa Kuteera,12.8889770788,77.6261141896,N_A,N_A,58.0,4.0,100
19332973,Masala Pantry,12.905060122,77.6082929224,N_A,N_A,1516.0,4.0,600
18610794,Spurthi Foods,12.8902154292,77.6134930551,N_A,N_A,1998.0,4.3,300
19685999,Dosa Vilas,12.8901239176,77.6135061309,N_A,N_A,441.0,4.1,300
18762146,Sri Durga 99 Variety Dosa,12.8946318026,77.6093899459,N_A,N_A,116.0,4.2,150
19599647,Ghar Waali Baat,12.8884175477,77.6270737499,N_A,N_A,58.0,4.3,200
19716122,Cheeroz Bistro,12.8949984957,77.6146574691,N_A,N_A,42.0,4.3,250
19526759,The Firewood Pizza,12.9180428682,77.6002020389,N_A,N_A,1443.0,3.8,500
19518699,Maple & Olive,12.8862802,77.5820943,N_A,N_A,590.0,3.5,500
18779754,Five Star Chicken,12.8680117842,77.576783672,Five Star Chicken,zomato_five_star_chicken,103.0,3.6,300
19822693,Jai Maruthi 99 Vareity Dosa Corner,12.8852914061,77.5822181627,N_A,N_A,25.0,4.0,250
19704330,Belli Shree Bangarpet Chats,12.8863454415,77.6028899476,N_A,N_A,266.0,3.8,150
19138600,Jai Maruthi 99 Variety Dosa Corner,12.8756562,77.5955277,N_A,N_A,171.0,4.3,250
19900424,Vijayshree Restaurant,12.8787589026,77.6101516932,N_A,N_A,238.0,4.3,550
19725839,Gowdru Mudde Mane,12.8882691672,77.5821340084,N_A,N_A,549.0,4.1,400
19179563,BIB - Breakfast In The Box,12.91626,77.60561,BIB - Breakfast In The Box,zomato_bib_-_breakfast_in_the_box,873.0,3.7,700
19816119,North Eats,12.9141576249,77.6121663675,N_A,N_A,28.0,3.8,300
19268342,Puneri Katta,12.9136347513,77.6082731411,N_A,N_A,1891.0,3.8,200
61068,Ambur Dum Biryani,12.8875351071,77.6255267859,N_A,N_A,8.0,3.2,200
19857436,Shyamji's Chole Bhature,12.8975097733,77.5945807993,N_A,N_A,949.0,4.0,200
18465035,Garden Fresh,12.912625929,77.6099823788,Garden Fresh,zomato_garden_fresh,3961.0,4.0,200
18889301,Hari Super Sandwich,12.912438347,77.606386207,Hari Super Sandwich,zomato_hari_super_sandwich,8730.0,3.9,200
19515158,The Pongal,12.9158285255,77.5968013331,N_A,N_A,23.0,3.5,200
19464218,Jhakaas Snacks Centre,12.9035316384,77.6027149335,N_A,N_A,304.0,4.1,200
18722893,Sri Rajasthani Foods,12.8997759149,77.5856379792,N_A,N_A,6903.0,3.9,200
18556469,Bombay Kulfi,12.9171464801,77.5857885182,Bombay Kulfi,zomato_bombay_kulfi,1403.0,4.1,200
18989261,Star Ambur Biryani Kabaab,12.9266180323,77.6015528664,Star Ambur Biryani Kabaab,zomato_star_ambur_biryani_kabaab,2048.0,3.9,200
20391564,New Lassi Corner,12.8864901,77.5822349,N_A,N_A,1.0,3.8,200
18798441,Ice Cafe & Lassi Shop,12.9085889649,77.6040181518,N_A,N_A,11000.0,3.8,200
19786464,Shri Raghavendra Upahara,12.8830780808,77.609744668,N_A,N_A,122.0,4.0,200
20095517,Pink Velvet,12.8764549835,77.5967406482,N_A,N_A,13.0,3.8,200
56904,Mother's Rasoi,12.8773185,77.5964153,N_A,N_A,2538.0,3.9,200
58049,Shanmukha,12.917688627,77.5925352797,N_A,N_A,58400.0,4.3,700
18140822,Nammura Donne Biriyani,12.9163461658,77.6166771725,N_A,N_A,1684.0,3.7,400
19024971,Bangalore Biryani,12.9173729466,77.6053307578,N_A,N_A,8.0,3.4,400
18531723,Baba Ka Dhaba,12.9086572667,77.6039581373,N_A,N_A,2039.0,3.6,400
19805100,Moon Star,12.908338307,77.6040369272,N_A,N_A,7.0,3.3,400
19198758,Suraj Fast Food,12.9085321012,77.613732107,N_A,N_A,4.0,3.3,400
18468843,Apsara Ice Creams,12.9120001107,77.5863149017,Apsara Ice Creams,zomato_apsara_ice_creams,760.0,4.4,400
19499681,Khana Dumdaar,12.9110367069,77.5886115432,N_A,N_A,99.0,3.4,500
19723383,Polar Bear,12.8939830617,77.6110076532,Polar Bear,zomato_polar_bear,802.0,3.9,350
19294657,Domino's Pizza,12.9142899771,77.5997232646,Domino's Pizza,zomato_domino's_pizza,3250.0,3.7,400
19705396,Tasty Stuff,12.917397456,77.6165638492,N_A,N_A,10.0,3.3,300
18655724,Agarwal Food Service,12.9009763015,77.6053220406,Agarwal Food Service,zomato_agarwal_food_service,5515.0,3.3,300
18926751,Biryani Rooh-e-Khaas,12.8764399487,77.6165266335,Biryani Rooh-e-Khaas,zomato_biryani_rooh-e-khaas,48.0,3.4,500
18926744,Sardarji Londonwaley,12.876435046,77.6165484264,Sardarji Londonwaley,zomato_sardarji_londonwaley,7811.0,3.6,450
18926789,Punjabi Unplugged,12.8764004004,77.6166241989,Punjabi Unplugged,zomato_punjabi_unplugged,2479.0,3.5,750
19407401,Jen & Jo Ice Cream,12.91623,77.603462,N_A,N_A,8.0,3.5,300
18569902,Ambara Gardenia,12.8941484336,77.6110240817,N_A,N_A,3124.0,3.7,900
18753007,OMG Biriyani,12.9151131736,77.6153722778,N_A,N_A,3491.0,3.7,600
18559756,Andhra Kitchen,12.892671,77.610595,Andhra Kitchen,zomato_andhra_kitchen,6006.0,3.8,400
19416445,Maa Ka Dabba,12.9134958628,77.604130134,N_A,N_A,43.0,3.9,300
19795396,Navaruchi Hotel,12.9151357224,77.6153752953,N_A,N_A,40.0,3.8,500
18285162,Shanghai Court,12.8937448084,77.6107169688,N_A,N_A,9948.0,4.2,800
18555544,Just Shawarma,12.8764000736,77.5968938693,Just Shawarma,zomato_just_shawarma,3468.0,3.6,300
19660688,Domino's Pizza,12.8670413471,77.6204688102,Domino's Pizza,zomato_domino's_pizza,1176.0,3.7,400
20315963,Subway,12.875993805,77.5955232605,Subway,zomato_subway,311.0,3.3,400
51983,Kabab Magic,12.9162252524,77.5968522951,Kabab Magic,zomato_kabab_magic,44800.0,4.1,400
19283168,JIANG Pure Veg,12.8920191805,77.5984254107,JIANG Pure Veg,zomato_jiang_pure_veg,61.0,3.4,350
18939294,BTC - Bathinda Thali Company,12.9055830135,77.6092645526,N_A,N_A,2898.0,3.8,400
19260640,The Meal Plate,12.9134945556,77.6039966941,N_A,N_A,2130.0,4.0,350
19270265,Biryani Crafts,12.91441,77.60997,Biryani Crafts,zomato_biryani_crafts,1260.0,4.0,500
19765322,Yogitha Chats & Vadapav Corner,12.8788825,77.5764422,N_A,N_A,196.0,3.8,100
19626202,The Punjabi Rasoi,12.8855806535,77.5962762907,The Punjabi Rasoi,zomato_the_punjabi_rasoi,1763.0,4.0,800
18942746,Lassi Ghar,12.8580738607,77.5890628248,Lassi Ghar,zomato_lassi_ghar,561.0,3.8,200
18756354,Chaatimes,12.8833071929,77.6075170934,Chaatimes,zomato_chaatimes,2269.0,3.7,200
20215621,KFC,12.85488611,77.58856118,KFC,zomato_kfc,669.0,3.6,400
59345,Domino's Pizza,12.8761837021,77.6161259785,Domino's Pizza,zomato_domino's_pizza,7342.0,3.8,400
19154308,McCafe by McDonald's,12.8762425343,77.6139671355,McCafe by McDonald's,zomato_mccafe_by_mcdonald's,29.0,3.6,500
18747873,Polar Bear,12.869622198,77.5970682129,Polar Bear,zomato_polar_bear,5081.0,3.9,350
18579174,Empire Restaurant,12.8913687988,77.5986446813,Empire Restaurant,zomato_empire_restaurant,55400.0,4.1,800
18570308,Mani's Dum Biryani,12.8892842975,77.5817722455,Mani's Dum Biryani,zomato_mani's_dum_biryani,13000.0,4.2,750
19304716,Maggi Hut,12.9102899684,77.6115377247,N_A,N_A,208.0,3.2,200
19200956,The Twenty Handmade Chocolates,12.90785235,77.6116580889,N_A,N_A,15.0,3.4,300
19709763,The Indian Rasoi,12.8705243129,77.5760386884,N_A,N_A,293.0,3.2,300
18576480,Hiyar Majhe Kolkata,12.905728,77.608287,Hiyar Majhe Kolkata,zomato_hiyar_majhe_kolkata,21200.0,3.5,700
56040,Coastal Family Resto Bar,12.918754617,77.5969753414,Coastal Family Resto Bar,zomato_coastal_family_resto_bar,1164.0,3.4,750
18460076,Kababish Restaurant,12.9093781928,77.6065863669,N_A,N_A,191.0,3.4,700
54247,RBP Greens Garden,12.9052810438,77.6104239374,N_A,N_A,375.0,3.3,700
18610668,Eagle Bar & Restaurant,12.9062823792,77.5905038416,N_A,N_A,24.0,3.0,700
54456,Brewz Coffee,12.9147818038,77.6061394438,N_A,N_A,142.0,3.1,700
51868,Guru Palace,12.876840987,77.5952597335,N_A,N_A,2363.0,3.4,650
19590583,Nasco Restaurant Kabab Center,12.8841713457,77.6248619333,N_A,N_A,389.0,3.3,750
59198,Bansuri Sweets,12.9139811552,77.610258311,N_A,N_A,2456.0,3.8,200
19537756,Delhi Chat,12.9082673906,77.6063107699,N_A,N_A,240.0,3.7,200
51037,Ghar Ka Khana,12.9142167749,77.612022534,N_A,N_A,10400.0,3.9,200
19724357,Andhra Mess Guntur Style,12.9116550113,77.6004866883,N_A,N_A,112.0,3.7,200
18108002,Uttar Karnataka Meals Restaurant,12.918942521,77.5925000757,N_A,N_A,924.0,3.7,200
19890006,Absolute Shawarma,12.8865477504,77.5820143148,N_A,N_A,419.0,3.6,200
19796086,Eat Again,12.9135958625,77.6048499718,N_A,N_A,32.0,3.5,200
18717386,Akshaya Sweets & Chats,12.923015264,77.5933895633,N_A,N_A,11.0,3.6,200
18928185,Ice Cafe & Lassi Shop,12.9086690316,77.6039702073,N_A,N_A,1119.0,3.6,200
19136453,Poonam Sweet Centre,12.8919309379,77.5792335346,N_A,N_A,276.0,3.9,200
19574758,Arabian Delights Shawarma,12.917910518,77.6054165885,N_A,N_A,20.0,3.8,200
19669086,Muthanna Military Hotel,12.9163366888,77.6166416332,N_A,N_A,67.0,3.8,300
18593827,Candy Cake,12.9205401893,77.5945254788,N_A,N_A,5.0,3.5,300
19709116,Arjun Hotel,12.8957789423,77.6086788252,N_A,N_A,8.0,3.5,300
19553121,Prakruthi Sweets And Andhra Home Foods,12.8948582896,77.5817105547,N_A,N_A,121.0,3.6,300
60481,Veruthe Oru Thattukada,12.8754571241,77.617467083,Veruthe Oru Thattukada,zomato_veruthe_oru_thattukada,3036.0,3.7,300
59338,Upahara Bhavan,12.85776595,77.5891986117,Upahara Bhavan,zomato_upahara_bhavan,5639.0,3.8,300
18568311,Bhavya Military Hotel,12.8587965666,77.5879245624,N_A,N_A,3471.0,3.8,300
20203351,Krishna Kuteera,12.8693878437,77.5971731544,N_A,N_A,3.0,3.8,300
18048253,A M Biryani Hotel,12.8761948149,77.5989776105,N_A,N_A,715.0,3.5,300
19870923,Snackitarea,12.8723876927,77.583523728,N_A,N_A,64.0,3.7,300
54119,S N Refreshments,12.9084690282,77.5869841129,N_A,N_A,2033.0,4.5,100
19191465,Jaipur Cafe,12.914091939,77.6108527556,N_A,N_A,901.0,3.4,300
18541482,Kolkata Kathi Rolls,12.9139282142,77.5860081241,Kolkata Kathi Rolls,zomato_kolkata_kathi_rolls,11300.0,3.5,300
52036,Laddoos,12.9136350781,77.6101201773,Laddoos,zomato_laddoos,5352.0,3.6,300
19294060,MumYum Kulcha's,12.91369,77.60716,N_A,N_A,43.0,3.2,300
18892995,Appana Restaurant,12.9073376334,77.6053810492,N_A,N_A,2950.0,3.9,350
19700826,Karavali Lunch Home,12.9139935734,77.5861157477,N_A,N_A,219.0,4.0,350
18530554,Swathi Restaurant,12.9104514079,77.5886618346,Swathi Restaurant,zomato_swathi_restaurant,2576.0,4.1,350
20167085,Chick'N Bites,12.9135789,77.607087,Chick'N Bites,zomato_chick'n_bites,197.0,4.1,350
19614845,Isiri Cafe,12.8832084885,77.6075090468,N_A,N_A,1321.0,4.0,350
19629715,SLV Reddy Military Hotel,12.8690247085,77.5819291547,N_A,N_A,3066.0,4.1,350
19678732,White Mountain,12.8760709405,77.6139973104,N_A,N_A,70.0,4.0,350
20098461,The Manchurian,12.9137906331,77.6076273993,N_A,N_A,158.0,3.4,200
18979914,ibaco,12.8920727797,77.5804043189,ibaco,zomato_ibaco,475.0,3.6,200
20230313,Taste Of Dilli,12.8695691152,77.5970863315,N_A,N_A,42.0,3.4,200
19900854,Pandit Ji Sweets & Namkeen,12.866970746,77.6204584166,N_A,N_A,92.0,3.3,200
19840148,Kolkata Famous Kati Roll,12.8763320898,77.5970283151,Kolkata Famous Kati Roll,zomato_kolkata_famous_kati_roll,310.0,3.5,200
59117,Waffle Walle,12.87729,77.59608,N_A,N_A,1803.0,4.1,500
58576,Taaza Thindi,12.9228780147,77.5934083387,Taaza Thindi,zomato_taaza_thindi,4816.0,4.9,100
19535043,Jagli Tindi,12.891992,77.591003,N_A,N_A,329.0,3.7,200
18675684,Graffitea,12.9070935102,77.6075767726,N_A,N_A,466.0,3.8,200
20018869,The Baker’s Holt,12.9146765758,77.5857546553,N_A,N_A,25.0,3.6,200
19292665,Nischal Super Sandwich & Juice,12.9142325,77.6002694,N_A,N_A,6.0,3.5,200
18107996,Ambur Star Dum Biryani,12.9167141342,77.5963302702,N_A,N_A,2861.0,3.6,200
18713067,Davanagere Butter Dosa Corner,12.8849720897,77.6099706441,N_A,N_A,1910.0,3.8,200
56488,Swad Punjab Da,12.9143121992,77.6129180565,Swad Punjab Da,zomato_swad_punjab_da,35800.0,4.2,300
57069,Bread Crumbs Bakery,12.8924597397,77.6111437753,N_A,N_A,211.0,4.1,300
18536513,California Burrito,12.8911916593,77.5985675678,California Burrito,zomato_california_burrito,7382.0,4.2,300
18556248,Roti-Wala.Com,12.9135092615,77.6041039824,N_A,N_A,40300.0,4.1,300
57867,Kalpavriksha Upahara,12.9212914721,77.5934053212,N_A,N_A,898.0,4.1,600
18558508,Rajanna Military Hotel,12.9189026527,77.5930760801,Rajanna Military Hotel,zomato_rajanna_military_hotel,8735.0,4.1,550
18711344,Krishna Kuteera,12.8693483,77.5971125,N_A,N_A,20900.0,4.0,600
19160994,Iksha Juice Junction,12.9021874671,77.5842864811,N_A,N_A,417.0,3.7,100
19869551,Brahmins Chats,12.8866752148,77.6149535179,N_A,N_A,257.0,4.0,100
19206728,Chai Days,12.915729507,77.6101094484,Chai Days,zomato_chai_days,7962.0,4.1,300
51963,Rajvardhan Foods,12.9182043027,77.592570819,N_A,N_A,5386.0,4.1,300
54521,Swadista Aahar,12.9139628546,77.6101966202,Swadista Aahar,zomato_swadista_aahar,54100.0,4.0,300
58828,Kalingas,12.9074206417,77.6109395921,N_A,N_A,27400.0,4.0,300
18711827,Five Star Chicken,12.8991889555,77.585920617,Five Star Chicken,zomato_five_star_chicken,6726.0,3.8,300
18548020,Aramane Donne Biriyani,12.9137233131,77.6092923805,Aramane Donne Biriyani,zomato_aramane_donne_biriyani,18100.0,4.0,300
19190519,Iceberg Organic Icecreams,12.8811932091,77.6098626852,Iceberg Organic Icecreams,zomato_iceberg_organic_icecreams,963.0,4.0,300
18608785,Donne Biriyani House,12.8881770013,77.5819747522,Donne Biriyani House,zomato_donne_biriyani_house,9680.0,3.6,450
20400193,Narmada Chain of Restaurants,12.9067569799,77.5867963423,Narmada Chain of Restaurants,zomato_narmada_chain_of_restaurants,13.0,3.4,500
18275021,Paradise Biryani,12.9101549997,77.5857583433,Paradise Biryani,zomato_paradise_biryani,23400.0,4.0,700
18339367,Manjushree Veg,12.890170327,77.594078891,Manjushree Veg,zomato_manjushree_veg,11200.0,4.1,250
19317284,Belly Cravings,12.8989797,77.6074665,N_A,N_A,362.0,3.9,250
19215718,Dakshin Cafe,12.9148837638,77.5950679556,Dakshin Cafe,zomato_dakshin_cafe,369.0,3.6,150
18435686,Vinaya Cafe,12.9171670679,77.5968063623,N_A,N_A,231.0,3.5,400
60259,Cake Art,12.9154468304,77.5950934365,N_A,N_A,31.0,2.7,400
19561817,Udupi Upahar,12.9042431,77.5858135,N_A,N_A,2900.0,3.5,400
20345201,Crispy Studio,12.9060647263,77.5932276249,N_A,N_A,197.0,3.9,400
18663712,Keventers - Milkshakes & Desserts,12.9079768623,77.6005483791,Keventers - Milkshakes & Desserts,zomato_keventers_-_milkshakes_&_desserts,1532.0,3.7,400
20385519,Charlie Chaplin La Vegano,12.9077144,77.6011375,N_A,N_A,5.0,2.7,400
19686343,Kabab Mountain,12.9023214597,77.6237887144,N_A,N_A,20.0,3.0,400
18877951,Sri Punjabi Dhaba,12.9166991018,77.6051272452,N_A,N_A,11500.0,3.0,400
18148958,Chatori Gali,12.891734843,77.579212077,N_A,N_A,95.0,3.4,400
54124,Sweet Chariot,12.8906729865,77.5977055728,Sweet Chariot,zomato_sweet_chariot,522.0,3.0,400
18996000,Fritz Haber,12.909374598,77.6065615565,Fritz Haber,zomato_fritz_haber,276.0,3.3,400
19661183,Kakal Kai Ruchi,12.8769445967,77.6101718098,N_A,N_A,478.0,3.4,400
20325534,Blue Tokai Coffee Roasters,12.9066450944,77.5991123747,Blue Tokai Coffee Roasters,zomato_blue_tokai_coffee_roasters,41.0,3.3,600
53040,Hot Burg,12.8904125057,77.5985055417,Hot Burg,zomato_hot_burg,948.0,3.6,350
18843852,Five Star New Ambur Biryani,12.9145628512,77.6056727394,Five Star New Ambur Biryani,zomato_five_star_new_ambur_biryani,14900.0,3.3,350
18594943,"Frozen Bottle - Milkshakes, Desserts And Ice Cream",12.9064604884,77.5897655636,"Frozen Bottle - Milkshakes, Desserts And Ice Cream","zomato_frozen_bottle_-_milkshakes,_desserts_and_ice_cream",2100.0,3.5,350
55460,Garma Garam,12.8910723679,77.5949063525,Garma Garam,zomato_garma_garam,3535.0,3.5,350
18880685,Wow Lassi House,12.9118017439,77.601197809,N_A,N_A,215.0,3.4,350
18735643,Nanna Munna Paratha House,12.9093465,77.6040483,Nanna Munna Paratha House,zomato_nanna_munna_paratha_house,1387.0,3.3,350
19256697,Salena And New Salena Food Center,12.9091840724,77.6134675741,N_A,N_A,3012.0,3.3,350
19648586,Vinaya Cafe,12.883001928,77.5755183399,N_A,N_A,251.0,3.7,350
19309658,Paakashala,12.8966515493,77.5708335266,Paakashala,zomato_paakashala,4508.0,4.2,500
52775,Moghul Durbar Restaurant,12.9285267432,77.5964000076,N_A,N_A,545.0,4.1,500
54412,Gyani Da Punjabi Dhaba,12.9161764,77.6121997,N_A,N_A,17600.0,4.0,500
53592,The Onyx - The HHI Select Bengaluru,12.9060630923,77.5932547823,N_A,N_A,198.0,3.0,800
50120,Beijing Bites,12.8921724612,77.5986181945,N_A,N_A,3305.0,3.5,800
19296271,Flavours - Shravanthi Sarovar Portico,12.9076098614,77.5986027718,N_A,N_A,5.0,3.0,900
19647768,Avon Pub And Kitchen,12.9139837695,77.610864155,N_A,N_A,31.0,2.8,1000
19087115,Brick Lounge Resto Pub,12.8807523033,77.6102717221,N_A,N_A,70.0,2.9,1500
19476436,Spoons Restaurant,12.8653384156,77.5991294906,N_A,N_A,40.0,3.4,800
18221570,The Pizzeria,12.8763756,77.6177467,N_A,N_A,726.0,3.1,800
19638267,Qmin,12.9061464279,77.5910563767,Qmin,zomato_qmin,143.0,3.8,500
18620369,Sri Krishna Sagar,12.8940621526,77.5682046264,N_A,N_A,2436.0,3.5,500
19830568,Just Grill,12.9080752302,77.606343627,N_A,N_A,122.0,3.4,500
19704633,Al Fillfilah Mandi Majlis,12.9283757723,77.595846802,N_A,N_A,149.0,3.7,500
19050313,Vaishali Family Restaurant,12.9110827857,77.578288056,N_A,N_A,522.0,3.6,500
18640091,Eatery Have U Been,12.9131419419,77.6099317521,N_A,N_A,284.0,3.6,500
18280717,Dev's Gugababa,12.9148899729,77.6057739928,N_A,N_A,2777.0,3.2,500
58656,Punjabi Food Corner,12.8850636032,77.5820243731,N_A,N_A,10700.0,3.3,500
19638141,Aadam's  Ruchikoottu,12.8604129232,77.589802444,N_A,N_A,673.0,3.4,500
19873494,Burger Friendz,12.8920855259,77.5741899759,N_A,N_A,117.0,4.2,200
19637946,Shree Madhvas Upahara,12.8851417164,77.5824974477,N_A,N_A,457.0,3.7,150
19819762,Iyengar Bakery Sweets And Chats,12.9086340637,77.6040647551,N_A,N_A,75.0,3.5,200
19853960,Uttara Karnatakada Jolada Rotti Angadi,12.9075703181,77.6063211635,N_A,N_A,261.0,3.8,200
58107,Malabar Mess,12.8811248998,77.5956305489,N_A,N_A,631.0,3.5,250
19539538,Dragon Land,12.9137177576,77.6070691645,N_A,N_A,8.0,3.4,250
18922125,Coastal Kadai,12.9045493212,77.5803697854,N_A,N_A,26.0,3.6,300
19380764,Amazing Kati Rolls 'N' More,12.9057766,77.6117095,N_A,N_A,1738.0,3.5,300
18625882,Big Mishra Pedha,12.8831424676,77.6102120429,N_A,N_A,662.0,3.7,300
19871467,Patel Miltry Hotel,12.8836520046,77.6100413874,N_A,N_A,182.0,3.8,300
57301,Vinaya Cafe,12.9058189679,77.5803463161,N_A,N_A,1039.0,3.8,400
20267216,Bawarchi In,12.9168732,77.6041832,N_A,N_A,58.0,3.6,400
20351860,Gobblers Rolls & Bowls,12.8763404,77.5992547,N_A,N_A,128.0,3.4,400
19417825,MealBox.in,12.9104599047,77.606466338,N_A,N_A,4.0,3.3,450
18237905,Sri Bhagya Grand,12.8936653905,77.6107954234,N_A,N_A,2500.0,3.6,450
18216683,Vinaya Coffee Moments,12.8878835081,77.5817199424,N_A,N_A,316.0,3.9,500
57273,New Kabab Plaza,12.9073993994,77.6062507555,New Kabab Plaza,zomato_new_kabab_plaza,2576.0,3.8,500
19773336,Winni Cakes & More,12.9061768208,77.5933949277,Winni Cakes & More,zomato_winni_cakes_&_more,63.0,3.7,500
19491906,Indian Meals Cafe,12.9086167432,77.6039165631,N_A,N_A,4.0,3.3,500
19114453,Karavali Fish Land,12.907000044,77.6113020256,Karavali Fish Land,zomato_karavali_fish_land,813.0,3.6,500
18615843,Wafl,12.9073644313,77.6011988148,Wafl,zomato_wafl,256.0,3.7,600
19606715,Ambur Star Briyani ® Since 1890,12.9033532003,77.5857100636,N_A,N_A,4176.0,3.7,750
18497732,Danapani,12.8871870325,77.5819402188,N_A,N_A,85.0,3.3,750
20311505,Wah Bawarchi,12.884915,77.5826277,N_A,N_A,62.0,3.7,400
54401,Disney Bakery,12.9137582803,77.6071338728,N_A,N_A,318.0,4.2,100
19199207,Paakashala,12.910516768,77.5846868008,Paakashala,zomato_paakashala,5589.0,4.2,250
18663900,California Burrito,12.9061068843,77.5904793665,California Burrito,zomato_california_burrito,8241.0,4.2,300
52863,Mavalli Tiffin Room (MTR),12.9117582797,77.5989377126,N_A,N_A,1044.0,4.2,300
54324,SLV Restaurant,12.9153069626,77.5950605795,N_A,N_A,389.0,4.2,300
51451,Amma's Pastries,12.9134076277,77.6101017371,Amma's Pastries,zomato_amma's_pastries,1467.0,4.2,300
18648385,XO Belgian Waffle,12.913928541,77.6101969555,XO Belgian Waffle,zomato_xo_belgian_waffle,13500.0,4.3,400
18503755,Amritsari Kulcha Land,12.9001929298,77.5859045237,Amritsari Kulcha Land,zomato_amritsari_kulcha_land,4991.0,4.1,500
59876,TAB - Take A Break,12.9062431625,77.5896026194,N_A,N_A,629.0,4.1,500
19820726,Cafe Petriqor,12.9064993782,77.5850723684,N_A,N_A,428.0,4.1,600
19155882,Fat Owl,12.9065222546,77.5813870132,N_A,N_A,1449.0,4.3,2300
19224365,1522 - The Pub,12.906328132,77.5759287179,N_A,N_A,1392.0,4.2,1500
20166164,Gatsby,12.88584459,77.5965903198,N_A,N_A,1075.0,4.2,2200
19351390,Taproom By Sherlock's,12.9062477378,77.585324496,N_A,N_A,2833.0,4.1,1500
20211648,Inanna Tap Room,12.8740452146,77.6090510107,N_A,N_A,690.0,4.2,1800
18651545,Three Dots & A Dash,12.9106844,77.5994752,N_A,N_A,3016.0,4.3,1500
18254599,Dr. Sheesha,12.9141197166,77.5858673081,N_A,N_A,3362.0,4.0,800
19518581,The Caffeine Baar,12.9164301515,77.5929117948,N_A,N_A,613.0,4.2,800
50451,Grasshopper,12.8643738517,77.589206323,Grasshopper,zomato_grasshopper,830.0,4.3,5000
58786,Kesariya,12.9063895715,77.5898071378,N_A,N_A,1412.0,4.3,1200
59358,Nagarjuna,12.90517,77.60161,Nagarjuna,zomato_nagarjuna,3486.0,4.3,800
19255837,Millennials,12.9070810917,77.6001862809,N_A,N_A,798.0,4.0,1500
50179,Cable Car,12.9163566232,77.5856932998,N_A,N_A,1509.0,4.2,1000
18979780,Hot Griddle,12.9168376617,77.5939394161,Hot Griddle,zomato_hot_griddle,1082.0,4.1,1000
60681,Zaitoon,12.9029884803,77.5857898593,Zaitoon,zomato_zaitoon,13300.0,4.2,1000
18237931,Fattoush,12.8929960573,77.5985990837,N_A,N_A,31300.0,4.1,1000
51071,Zhang's  - Chinese Restaurant,12.9104184011,77.5913121924,N_A,N_A,3740.0,4.2,800
19654418,Surya Chinese Square,12.8992101985,77.6237350702,N_A,N_A,12.0,3.4,350
19245341,Aamchi Mumbai,12.9224156145,77.5894829258,N_A,N_A,33.0,3.5,200
20187325,Coffee Bites Cafe,12.9186103,77.5922155,N_A,N_A,24.0,3.7,200
61407,J J Juice Junction,12.9223005863,77.5935079157,N_A,N_A,7.0,3.3,200
19227436,Shahi Ambur Briyani,12.9164928957,77.6061816886,N_A,N_A,83.0,3.4,200
20090416,Mom's Cafe,12.8663493896,77.5753500313,N_A,N_A,84.0,3.6,200
19529996,Yaksheshwari Condiments Juice And Sandwich,12.8922244263,77.598298341,N_A,N_A,40.0,3.6,200
18611827,Bombay Kulfi,12.8939101804,77.5817310065,Bombay Kulfi,zomato_bombay_kulfi,1559.0,3.9,200
18840717,SS Hot Dum Briyani Point,12.9085709908,77.6040275395,N_A,N_A,387.0,3.4,400
18657765,Kapoor's Biriyani,12.9073791375,77.6049700007,Kapoor's Biriyani,zomato_kapoor's_biriyani,4659.0,3.6,400
18642385,Spice Code,12.9105530428,77.599083893,N_A,N_A,191.0,3.9,1000
20074943,The Studs - Sports Bar And Grill,12.9070208246,77.5983599599,N_A,N_A,254.0,4.0,1000
19629599,Bob's Bar,12.9121321372,77.5861740857,N_A,N_A,260.0,3.9,1200
20330994,Kathpal's,12.9073985796,77.6011530519,N_A,N_A,122.0,3.9,1200
19635915,Sharief Bhai,12.8988065814,77.5858049467,Sharief Bhai,zomato_sharief_bhai,6533.0,4.0,1000
52060,Inchara,12.9026704938,77.5835197046,N_A,N_A,627.0,4.0,800
53116,New Friends,12.9167046572,77.6123105362,N_A,N_A,963.0,4.1,900
54233,Spice Up,12.9093863628,77.5933426246,N_A,N_A,1499.0,4.0,800
18551290,Melting Pot At Woodrose,12.8920865064,77.5839180127,N_A,N_A,206.0,3.6,800
18745430,Kundana,12.9045898455,77.6014891639,N_A,N_A,36400.0,3.8,900
58602,Guru Greens,12.8540752423,77.5886350125,N_A,N_A,123.0,3.7,1000
19543324,New Classic Grill Zone,12.8969456858,77.5862404704,N_A,N_A,53.0,3.3,350
54617,Shaahi Mezbaan Restaurant,12.9117298482,77.6021721214,N_A,N_A,11.0,2.9,350
19222085,Krishna Kuteera,12.8757849506,77.5956436247,N_A,N_A,5.0,2.8,350
19723967,Saltlake,12.9060921781,77.6127769053,N_A,N_A,723.0,3.5,600
19629626,WOW! China,12.9077418903,77.60099262,WOW! China,zomato_wow!_china,217.0,3.2,600
19683599,Mathsyagandha Family Restaurant,12.916180374,77.6149319311,N_A,N_A,61.0,3.0,600
19269540,1947,12.9065166989,77.5865569711,N_A,N_A,211.0,3.2,800
19294965,Mayuri,12.9127481513,77.5856865942,N_A,N_A,2833.0,4.4,1000
18967286,Gilly's Restobar,12.9039613926,77.6011776924,Gilly's Restobar,zomato_gilly's_restobar,3363.0,4.0,1500
59865,Chavadi,12.8921799782,77.6025255024,N_A,N_A,3258.0,4.2,1400
18546351,Andhra Ruchulu,12.9169059612,77.5899962336,N_A,N_A,10800.0,4.3,800
19879873,Dilli Chowk,12.8628333528,77.5804391876,N_A,N_A,491.0,4.1,700
19511899,Pizza Hut,12.9061049235,77.5953629985,Pizza Hut,zomato_pizza_hut,973.0,3.7,600
18612672,Starbucks Coffee,12.9079883004,77.6005668193,Starbucks Coffee,zomato_starbucks_coffee,359.0,3.6,600
19873836,Chicken Mansion,12.8824966385,77.6098455861,N_A,N_A,89.0,3.3,550
19057238,Arogya Ahaara,12.9106938938,77.5820391253,N_A,N_A,2919.0,4.0,100
19648630,R.S Military Hotel,12.9120324637,77.5863259658,N_A,N_A,42.0,3.5,400
18422906,Jayanagara Donne Biryani,12.9065483991,77.5904431567,Jayanagara Donne Biryani,zomato_jayanagara_donne_biryani,1500.0,3.6,400
18791875,The Bong Palate,12.9090438742,77.6064968482,The Bong Palate,zomato_the_bong_palate,4712.0,3.5,400
19085749,Punjabi Plaza,12.9089709973,77.6087167114,N_A,N_A,121.0,3.5,400
19123434,Punjabi Taste,12.9092030269,77.6128905639,N_A,N_A,362.0,3.4,400
19191079,Sri Udupi Park,12.8821832016,77.5957331434,Sri Udupi Park,zomato_sri_udupi_park,4764.0,3.7,400
18647819,Hotel Annapoorna,12.8832343085,77.608519569,Hotel Annapoorna,zomato_hotel_annapoorna,80.0,3.6,400
56948,New Kabab Zone,12.854397213,77.588593103,New Kabab Zone,zomato_new_kabab_zone,5159.0,3.8,400
53316,Sri Ram Sweet Centre,12.9141991279,77.6004514843,N_A,N_A,355.0,4.0,150
19286384,Tuckshop Cafe,12.8930143594,77.6199484617,N_A,N_A,542.0,4.0,250
18480034,Kakal Kai Ruchi,12.897345384,77.5859216228,N_A,N_A,584.0,3.9,250
52009,Adithya,12.8929568385,77.5815097243,Adithya,zomato_adithya,17600.0,3.8,250
18961816,Rana Vada Pav,12.9086592276,77.6064549387,Rana Vada Pav,zomato_rana_vada_pav,2590.0,3.5,250
20342679,Thela Tapri,12.9136063,77.6040983,N_A,N_A,84.0,4.0,250
19912813,Hyperscoop Icy Junction,12.9043780737,77.5857254863,N_A,N_A,38.0,3.9,250
18997919,Whatsup Lassi Park,12.9107219986,77.610049434,N_A,N_A,164.0,4.0,250
18647205,Ammachiyude Adukkala,12.8736545609,77.6025459543,N_A,N_A,1766.0,3.7,250
19087764,Amul Ice Cream Parlour,12.8759395,77.6155624,N_A,N_A,1255.0,4.1,250
19261820,Icekremos,12.8615124973,77.6016115397,N_A,N_A,182.0,4.0,250
19100537,Taj Hotel,12.8808804242,77.5997494161,N_A,N_A,95.0,3.5,250
19422318,Khmer Kitchen,12.9064366315,77.5865482539,N_A,N_A,1091.0,4.2,1900
18975698,B2H - Biryani 2 Home,12.8993575921,77.5858669728,N_A,N_A,5993.0,3.8,450
50712,Namma Kudla,12.9126919421,77.5861241296,N_A,N_A,994.0,4.1,450
20413909,Bong Moyra,12.8893577,77.583792,N_A,N_A,0.0,3.3,150
18920611,Juices Zone,12.9086307957,77.6039970294,N_A,N_A,3445.0,3.2,150
19203655,Kolkata Famous Kati Roll,12.9010576779,77.5895597041,N_A,N_A,4.0,3.0,150
20366273,Linto Coffe,12.9035955,77.5948203,N_A,N_A,39.0,3.6,700
58579,Amaravathi Bar & Restaurant,12.9170641285,77.5968626887,N_A,N_A,73.0,3.7,650
19596945,Absolute Sheesha,12.9065810796,77.5949667022,N_A,N_A,4.0,3.7,750
18606911,Willys Top Cafe,12.9167670746,77.593315132,N_A,N_A,330.0,3.6,750
19126285,Muralikrishna,12.9102154578,77.600318715,N_A,N_A,110.0,3.8,700
19243730,Karavali Family Hotel,12.9285277236,77.5972928479,N_A,N_A,423.0,3.8,700
19534029,Chaiffee Cafe,12.9064842,77.5743953,N_A,N_A,915.0,3.9,400
60175,Parkview,12.9114043564,77.5989819691,N_A,N_A,5848.0,4.1,400
18509224,Dakshin Cafe,12.8863934858,77.5822516903,Dakshin Cafe,zomato_dakshin_cafe,3697.0,4.1,400
19563835,Phoenix Pizza,12.9050745015,77.5803295523,N_A,N_A,4192.0,4.1,400
19543398,Friendly Neighbourhood Pizza - Man,12.8918956408,77.5789894536,N_A,N_A,406.0,4.3,400
56561,Anju's Cafe,12.9113082774,77.5868949294,N_A,N_A,159.0,4.0,400
52685,Pizza Stop,12.9198408634,77.5895070657,Pizza Stop,zomato_pizza_stop,2673.0,3.8,400
18366678,Amma's Pastries,12.8806630761,77.6100464165,Amma's Pastries,zomato_amma's_pastries,1182.0,4.2,400
19220882,Delhi Eatz,12.8814210156,77.5973109528,N_A,N_A,835.0,3.9,400
51800,Kakal-Kai Ruchi,12.8872213497,77.581997551,N_A,N_A,2452.0,3.8,800
54728,Nouvelle Garden,12.9147896469,77.5985487923,N_A,N_A,246.0,3.6,900
51406,Biriyani Mane,12.9167324346,77.5931055844,N_A,N_A,555.0,3.9,800
18930340,The Kitchen,12.8923058055,77.5814912841,N_A,N_A,381.0,3.9,800
51457,Hyderabad Biryaani House,12.8903458331,77.5990332663,Hyderabad Biryaani House,zomato_hyderabad_biryaani_house,13500.0,3.8,800
20312960,Coffeebucks,12.9176439,77.5860331,N_A,N_A,54.0,3.3,300
58604,Paratha Junction,12.8910952457,77.5954246894,Paratha Junction,zomato_paratha_junction,5502.0,2.9,300
18866119,Namana Garden,12.8931405131,77.6102884859,N_A,N_A,828.0,3.0,300
