{
    "data": {
        "500_buffer": [
            {
                "category": "clothing_store",
                "count": 68,
                "top_pois": [
                    {
                        "id": "ChIJX3bFvHg9rjsRmcTwzAuJeds",
                        "name": "Zara",
                        "lat": 13.011119842529297,
                        "lng": 77.55510711669922,
                        "source": "gmaps_v2",
                        "category": "clothing_store",
                        "number_of_votes": 6412,
                        "reviews_per_day": 4.2337362313526354e-05,
                        "distance": 0.04
                    },
                    {
                        "id": "ChIJ748wWX89rjsRpv-DRa-4wtE",
                        "name": "Manyavar",
                        "lat": 13.011239051818848,
                        "lng": 77.55520629882812,
                        "source": "gmaps_v2",
                        "category": "clothing_store",
                        "number_of_votes": 2139,
                        "reviews_per_day": 3.869629347037405e-05,
                        "distance": 0.06
                    }
                ]
            },
            {
                "category": "coffee_shop",
                "count": 14,
                "top_pois": [
                    {
                        "id": "ChIJQXJsfNE9rjsR1EmZaZq1D94",
                        "name": "Qmin - Orion Mall",
                        "lat": 13.010913848876951,
                        "lng": 77.55506134033203,
                        "source": "gmaps_v2",
                        "category": "coffee_shop",
                        "number_of_votes": 95,
                        "reviews_per_day": 0.0005510696552044,
                        "distance": 0.04
                    },
                    {
                        "id": "ChIJZ_OfsHg9rjsRs7jOTujsRjs",
                        "name": "Hatti Kaapi",
                        "lat": 13.011311531066896,
                        "lng": 77.55573272705078,
                        "source": "gmaps_v2",
                        "category": "coffee_shop",
                        "number_of_votes": 1800,
                        "reviews_per_day": 1.5044695282234303e-05,
                        "distance": 0.11
                    }
                ]
            },
            {
                "category": "home_decor",
                "count": 4,
                "top_pois": [
                    {
                        "id": "ChIJUfcm8ng9rjsReyJ2u6W9szo",
                        "name": "@home by Nilkamal Ltd - Furniture and Homeware Store",
                        "lat": 13.012248992919922,
                        "lng": 77.553955078125,
                        "source": "gmaps_v2",
                        "category": "home_decor",
                        "number_of_votes": 2555,
                        "reviews_per_day": 1.1113963284197986e-05,
                        "distance": 0.16
                    },
                    {
                        "id": "ChIJ6yitDHM9rjsRjx3YUsUBea0",
                        "name": "Home Centre",
                        "lat": 13.01102066040039,
                        "lng": 77.5549545288086,
                        "source": "gmaps_v2",
                        "category": "home_decor",
                        "number_of_votes": 394,
                        "reviews_per_day": 8.022256590329601e-06,
                        "distance": 0.02
                    }
                ]
            },
            {
                "category": "jewelry_store",
                "count": 5,
                "top_pois": [
                    {
                        "id": "ChIJHWGZnFA9rjsRX-X8-Y3QoPM",
                        "name": "Kushal's Fashion Jewellery",
                        "lat": 13.010910987854004,
                        "lng": 77.5550537109375,
                        "source": "gmaps_v2",
                        "category": "jewelry_store",
                        "number_of_votes": 1182,
                        "reviews_per_day": 8.356970763540784e-05,
                        "distance": 0.04
                    },
                    {
                        "id": "ChIJme1-m5c9rjsRkc5pt4vU6CI",
                        "name": "CaratLane Orion Mall",
                        "lat": 13.010765075683594,
                        "lng": 77.55516815185547,
                        "source": "gmaps_v2",
                        "category": "jewelry_store",
                        "number_of_votes": 385,
                        "reviews_per_day": 4.747157161851056e-05,
                        "distance": 0.06
                    }
                ]
            },
            {
                "category": "restaurant",
                "count": 103,
                "top_pois": [
                    {
                        "id": "ChIJe9qj3xs9rjsRDN6CamLC-Co",
                        "name": "The Rameshwaram Cafe @ Rajajinagar",
                        "lat": 13.008336067199709,
                        "lng": 77.55457305908203,
                        "source": "gmaps_v2",
                        "category": "restaurant",
                        "number_of_votes": 6126,
                        "reviews_per_day": 0.0003846563918326,
                        "distance": 0.3
                    },
                    {
                        "id": "ChIJAV62v3g9rjsRT7TFt6zi4Uk",
                        "name": "Orion Mall Food Court",
                        "lat": 13.011700630187988,
                        "lng": 77.55490112304688,
                        "source": "gmaps_v2",
                        "category": "restaurant",
                        "number_of_votes": 12116,
                        "reviews_per_day": 6.648040374872659e-05,
                        "distance": 0.08
                    }
                ]
            },
            {
                "category": "shoe_store",
                "count": 13,
                "top_pois": [
                    {
                        "id": "ChIJsw5ap3g9rjsRXacAR5wW6cg",
                        "name": "Crocs Store",
                        "lat": 13.011634826660156,
                        "lng": 77.55487823486328,
                        "source": "gmaps_v2",
                        "category": "shoe_store",
                        "number_of_votes": 417,
                        "reviews_per_day": 3.089931294377332e-06,
                        "distance": 0.07
                    },
                    {
                        "id": "ChIJOaz6l3g9rjsRl4R-4elSXBQ",
                        "name": "Bata Store",
                        "lat": 13.01078987121582,
                        "lng": 77.55488586425781,
                        "source": "gmaps_v2",
                        "category": "shoe_store",
                        "number_of_votes": 446,
                        "reviews_per_day": 2.692827733633281e-06,
                        "distance": 0.03
                    }
                ]
            }
        ],
        "15m_catchment": [
            {
                "category": "clothing_store",
                "count": 844,
                "top_pois": [
                    {
                        "id": "ChIJ53uzJFI9rjsRsk2X1pPn_jc",
                        "name": "Maiara ( Women\"s couture)",
                        "lat": 12.991986274719238,
                        "lng": 77.5386962890625,
                        "source": "gmaps_v2",
                        "category": "clothing_store",
                        "number_of_votes": 53,
                        "reviews_per_day": 0.0003521196941209,
                        "distance": 2.73
                    },
                    {
                        "id": "ChIJ7cHniA0XrjsRphFICM9bwX4",
                        "name": "Mugdha - Malleshwaram - Luxury Saree Store in Bangalore",
                        "lat": 13.001771926879885,
                        "lng": 77.56925201416016,
                        "source": "gmaps_v2",
                        "category": "clothing_store",
                        "number_of_votes": 5055,
                        "reviews_per_day": 0.0001806268340725,
                        "distance": 1.88
                    }
                ]
            },
            {
                "category": "coffee_shop",
                "count": 393,
                "top_pois": [
                    {
                        "id": "ChIJQXJsfNE9rjsR1EmZaZq1D94",
                        "name": "Qmin - Orion Mall",
                        "lat": 13.010913848876951,
                        "lng": 77.55506134033203,
                        "source": "gmaps_v2",
                        "category": "coffee_shop",
                        "number_of_votes": 95,
                        "reviews_per_day": 0.0005510696552044,
                        "distance": 0.04
                    },
                    {
                        "id": "ChIJcRSlmWs9rjsRCn84mtvjlRo",
                        "name": "Maruti Suzuki ARENA (RNS Motors, Bengaluru, Yeshwanthpur)",
                        "lat": 13.027915954589844,
                        "lng": 77.54234313964844,
                        "source": "gmaps_v2",
                        "category": "coffee_shop",
                        "number_of_votes": 12976,
                        "reviews_per_day": 8.175235981658062e-05,
                        "distance": 2.3
                    }
                ]
            },
            {
                "category": "home_decor",
                "count": 417,
                "top_pois": [
                    {
                        "id": "ChIJ_YGtTB89rjsR-Xy7j3qIucw",
                        "name": "Wakefit Furniture Store - Basaveshwar Nagar",
                        "lat": 12.998283386230469,
                        "lng": 77.54071044921875,
                        "source": "gmaps_v2",
                        "category": "home_decor",
                        "number_of_votes": 689,
                        "reviews_per_day": 5.987441666980232e-05,
                        "distance": 2.07
                    },
                    {
                        "id": "ChIJzUtPSPI9rjsRiUpLdevdJ6E",
                        "name": "Real Decoration",
                        "lat": 12.987630844116213,
                        "lng": 77.55418395996094,
                        "source": "gmaps_v2",
                        "category": "home_decor",
                        "number_of_votes": 128,
                        "reviews_per_day": 4.625361943605997e-05,
                        "distance": 2.59
                    }
                ]
            },
            {
                "category": "jewelry_store",
                "count": 322,
                "top_pois": [
                    {
                        "id": "ChIJqc6_h1kXrjsRz_rsaXasik4",
                        "name": "SriStar Gold Company",
                        "lat": 13.008281707763672,
                        "lng": 77.57125854492188,
                        "source": "gmaps_v2",
                        "category": "jewelry_store",
                        "number_of_votes": 1902,
                        "reviews_per_day": 0.0002753822195169,
                        "distance": 1.82
                    },
                    {
                        "id": "ChIJow5xjEUXrjsRiEEG70A3638",
                        "name": "Dr Of Astro Gems And Jewels",
                        "lat": 12.998211860656738,
                        "lng": 77.56700897216797,
                        "source": "gmaps_v2",
                        "category": "jewelry_store",
                        "number_of_votes": 36,
                        "reviews_per_day": 0.0002735936526272,
                        "distance": 1.94
                    }
                ]
            },
            {
                "category": "restaurant",
                "count": 2223,
                "top_pois": [
                    {
                        "id": "ChIJ-dBZUxo9rjsR7pMykwz48Vc",
                        "name": "Kake Di Hatti - Rajajinagar",
                        "lat": 13.003055572509766,
                        "lng": 77.54959106445312,
                        "source": "gmaps_v2",
                        "category": "restaurant",
                        "number_of_votes": 192,
                        "reviews_per_day": 0.0004446657479995,
                        "distance": 1.04
                    },
                    {
                        "id": "ChIJe9qj3xs9rjsRDN6CamLC-Co",
                        "name": "The Rameshwaram Cafe @ Rajajinagar",
                        "lat": 13.008336067199709,
                        "lng": 77.55457305908203,
                        "source": "gmaps_v2",
                        "category": "restaurant",
                        "number_of_votes": 6126,
                        "reviews_per_day": 0.0003846563918326,
                        "distance": 0.3
                    }
                ]
            },
            {
                "category": "shoe_store",
                "count": 194,
                "top_pois": [
                    {
                        "id": "ChIJRfEI2DoWrjsRknzICVhGETE",
                        "name": "Brand Factory Malleshwaram",
                        "lat": 12.99717903137207,
                        "lng": 77.57417297363281,
                        "source": "gmaps_v2",
                        "category": "shoe_store",
                        "number_of_votes": 13102,
                        "reviews_per_day": 6.187303786746088e-05,
                        "distance": 2.61
                    },
                    {
                        "id": "ChIJDZzPjDk9rjsR6cjJw-Qgk3k",
                        "name": "Green City - Bounce Infinity Showroom",
                        "lat": 12.99302577972412,
                        "lng": 77.55625915527344,
                        "source": "gmaps_v2",
                        "category": "shoe_store",
                        "number_of_votes": 70,
                        "reviews_per_day": 5.861257340178166e-05,
                        "distance": 2.0
                    }
                ]
            },
            {
                "category": "shopping_mall",
                "count": 1,
                "top_pois": [
                    {
                        "id": "ChIJ83WkACMWrjsRpQaheGm8VaE",
                        "name": "Rado Boutique - Mantri Mall",
                        "lat": 12.991413116455078,
                        "lng": 77.57080841064453,
                        "source": "gmaps_v2",
                        "category": "shopping_mall",
                        "number_of_votes": 370,
                        "reviews_per_day": 1.7971810467266198e-06,
                        "distance": 2.78
                    }
                ]
            },
            {
                "category": "supermarket",
                "count": 67,
                "top_pois": [
                    {
                        "id": "ChIJ_SNAM4o9rjsRY77-3DSF1Vw",
                        "name": "Dmart Ready",
                        "lat": 12.999549865722656,
                        "lng": 77.52467346191406,
                        "source": "gmaps_v2",
                        "category": "supermarket",
                        "number_of_votes": 18,
                        "reviews_per_day": 0.0003957174577351,
                        "distance": 3.5
                    },
                    {
                        "id": "ChIJpf2u1XE9rjsRTidHMI5RegU",
                        "name": "RMC Yard",
                        "lat": 13.020758628845217,
                        "lng": 77.54691314697266,
                        "source": "gmaps_v2",
                        "category": "supermarket",
                        "number_of_votes": 11378,
                        "reviews_per_day": 5.540977145232181e-05,
                        "distance": 1.37
                    }
                ]
            }
        ]
    }
}