{
    "data": {
        "500_buffer": [
            {
                "India's Top 500": 2,
                "Industry Top": 12,
                "MNC": 5,
                "SMEs": 11,
                "India's 501-1000": 0,
                "India's Top 1000": 2,
                "company_count": 32
            }
        ],
        "15m_catchment": [
            {
                "India's Top 500": 3,
                "Industry Top": 161,
                "MNC": 57,
                "SMEs": 526,
                "Startups": 1,
                "India's 501-1000": 0,
                "India's Top 1000": 3,
                "company_count": 751
            }
        ]
    }
}