store_name,geometry,index_right,id,name,Unnamed: 2,active,top_category,category,sub_categories,type,brand_name,brand_id,source,number_of_votes,address,image_url,place_url,verified,lat,lng
1,"POLYGON ((77.55064773796063 13.010557348159388, 77.55062048378201 13.01095256882238, 77.5506328657994 13.011348506006348, 77.5506847650284 13.01174134701184, 77.55077568198409 13.012127308918089, 77.55090474147863 13.012502675000924, 77.55107070103462 13.012863830515565, 77.5512719628341 13.013207297499356, 77.55150658908862 13.013529768260184, 77.5517723206831 13.0138281372284, 77.55206659891435 13.014099530864803, 77.55238659011606 13.014341335338008, 77.55272921293349 13.014551221702861, 77.55309116798556 13.014727168338966, 77.55346896962965 13.014867480431064, 77.5538589795232 13.014970806304975, 77.55425744165935 13.015036150459899, 77.55466051853922 13.015062883171515, 77.55506432813272 13.015050746573092, 77.55546498127137 13.014999857154676, 77.55585861911337 13.01491070465632, 77.55624145031891 13.014784147365518, 77.55660978757814 13.014621403862282, 77.55696008313859 13.014424041293346, 77.55728896298986 13.014193960285338, 77.55759325937535 13.013933376644237, 77.55787004131722 13.013644800015784, 77.55811664286018 13.013331009713113, 77.55833068876129 13.01299502794418, 77.55851011737762 13.012640090697076, 77.55865320053121 13.01226961656439, 77.55875856015932 13.011887173806551, 77.55882518158955 13.011496445972464, 77.55885242331182 13.011101196409093, 77.5588400231528 13.010705232001868, 77.55878810079406 13.01031236649647, 77.55869715660936 13.009926383755255, 77.55856806683293 13.009551001302924, 77.55840207510593 13.009189834513453, 77.55820078048262 13.00884636178271, 77.55796612201281 13.008523891023692, 77.55770036004967 13.00822552780599, 77.5574060544634 13.007954145447728, 77.55708603997154 13.007712357347014, 77.55674339882387 13.00750249181969, 77.55638143110585 13.007326569685473, 77.55600362294692 13.007186284818005, 77.55561361293994 13.007082987845179, 77.55521515709619 13.007017673157197, 77.55481209267265 13.006990969345981, 77.55440830122082 13.007003133167638, 77.55400767121188 13.007054047085914, 77.55361406059892 13.007143220419257, 77.55323125967524 13.007269794079559, 77.55286295458701 13.007432548857624, 77.5525126918504 13.007629917173533, 77.55218384421438 13.007859998179754, 77.55187957819759 13.00812057607034, 77.55160282361076 13.008409141420609, 77.55135624535792 13.00872291535079, 77.55114221778709 13.009058876282188, 77.55096280183668 13.009413789027409, 77.55081972519795 13.009784235935484, 77.55071436568325 13.01016664979227, 77.55064773796063 13.010557348159388))",8,ChIJAQAAAPM9rjsR6f2FDWyLJNk,Vivekananda College of Pharmacy (VCP-JES),,True,education,college,['College'],N_A,N_A,N_A,gmaps_v2,571,"Vivekananda College of Pharmacy (VCP-JES), II Stage, Dr Rajkumar Rd, Rajajinagar, Bengaluru, Karnataka 560055",https://lh5.googleusercontent.com/p/AF1QipOivn-LuuvJEC7Ba03CfQf8LNngntEVj8w_wGb4=w122-h92-k-no,https://www.google.com/maps/place/?q=place_id:ChIJAQAAAPM9rjsR6f2FDWyLJNk,True,13.008925437927246,77.55461120605469
1,"POLYGON ((77.55064773796063 13.010557348159388, 77.55062048378201 13.01095256882238, 77.5506328657994 13.011348506006348, 77.5506847650284 13.01174134701184, 77.55077568198409 13.012127308918089, 77.55090474147863 13.012502675000924, 77.55107070103462 13.012863830515565, 77.5512719628341 13.013207297499356, 77.55150658908862 13.013529768260184, 77.5517723206831 13.0138281372284, 77.55206659891435 13.014099530864803, 77.55238659011606 13.014341335338008, 77.55272921293349 13.014551221702861, 77.55309116798556 13.014727168338966, 77.55346896962965 13.014867480431064, 77.5538589795232 13.014970806304975, 77.55425744165935 13.015036150459899, 77.55466051853922 13.015062883171515, 77.55506432813272 13.015050746573092, 77.55546498127137 13.014999857154676, 77.55585861911337 13.01491070465632, 77.55624145031891 13.014784147365518, 77.55660978757814 13.014621403862282, 77.55696008313859 13.014424041293346, 77.55728896298986 13.014193960285338, 77.55759325937535 13.013933376644237, 77.55787004131722 13.013644800015784, 77.55811664286018 13.013331009713113, 77.55833068876129 13.01299502794418, 77.55851011737762 13.012640090697076, 77.55865320053121 13.01226961656439, 77.55875856015932 13.011887173806551, 77.55882518158955 13.011496445972464, 77.55885242331182 13.011101196409093, 77.5588400231528 13.010705232001868, 77.55878810079406 13.01031236649647, 77.55869715660936 13.009926383755255, 77.55856806683293 13.009551001302924, 77.55840207510593 13.009189834513453, 77.55820078048262 13.00884636178271, 77.55796612201281 13.008523891023692, 77.55770036004967 13.00822552780599, 77.5574060544634 13.007954145447728, 77.55708603997154 13.007712357347014, 77.55674339882387 13.00750249181969, 77.55638143110585 13.007326569685473, 77.55600362294692 13.007186284818005, 77.55561361293994 13.007082987845179, 77.55521515709619 13.007017673157197, 77.55481209267265 13.006990969345981, 77.55440830122082 13.007003133167638, 77.55400767121188 13.007054047085914, 77.55361406059892 13.007143220419257, 77.55323125967524 13.007269794079559, 77.55286295458701 13.007432548857624, 77.5525126918504 13.007629917173533, 77.55218384421438 13.007859998179754, 77.55187957819759 13.00812057607034, 77.55160282361076 13.008409141420609, 77.55135624535792 13.00872291535079, 77.55114221778709 13.009058876282188, 77.55096280183668 13.009413789027409, 77.55081972519795 13.009784235935484, 77.55071436568325 13.01016664979227, 77.55064773796063 13.010557348159388))",1208,ChIJOSIwFYI9rjsRiWoFxY2sJHY,VIVEKANDA EVENING COLLEGE -CENTRE 1,,True,education,college,['School'],N_A,N_A,N_A,gmaps_v2,1,"2H53+PW3 VIVEKANDA EVENING COLLEGE -CENTRE 1, Dr Rajkumar Rd, Yeshwanthpur Suburb II Stage, Rajajinagar, Bengaluru, Karnataka 560055",https://streetviewpixels-pa.googleapis.com/v1/thumbnail?panoid=B9qwKbLr2DaKdJfRR66sTQ&cb_client=search.gws-prod.gps&w=80&h=92&yaw=71.08629&pitch=0&thumbfov=100,https://www.google.com/maps/place/?q=place_id:ChIJOSIwFYI9rjsRiWoFxY2sJHY,False,13.00925064086914,77.5548095703125
1,"POLYGON ((77.55064773796063 13.010557348159388, 77.55062048378201 13.01095256882238, 77.5506328657994 13.011348506006348, 77.5506847650284 13.01174134701184, 77.55077568198409 13.012127308918089, 77.55090474147863 13.012502675000924, 77.55107070103462 13.012863830515565, 77.5512719628341 13.013207297499356, 77.55150658908862 13.013529768260184, 77.5517723206831 13.0138281372284, 77.55206659891435 13.014099530864803, 77.55238659011606 13.014341335338008, 77.55272921293349 13.014551221702861, 77.55309116798556 13.014727168338966, 77.55346896962965 13.014867480431064, 77.5538589795232 13.014970806304975, 77.55425744165935 13.015036150459899, 77.55466051853922 13.015062883171515, 77.55506432813272 13.015050746573092, 77.55546498127137 13.014999857154676, 77.55585861911337 13.01491070465632, 77.55624145031891 13.014784147365518, 77.55660978757814 13.014621403862282, 77.55696008313859 13.014424041293346, 77.55728896298986 13.014193960285338, 77.55759325937535 13.013933376644237, 77.55787004131722 13.013644800015784, 77.55811664286018 13.013331009713113, 77.55833068876129 13.01299502794418, 77.55851011737762 13.012640090697076, 77.55865320053121 13.01226961656439, 77.55875856015932 13.011887173806551, 77.55882518158955 13.011496445972464, 77.55885242331182 13.011101196409093, 77.5588400231528 13.010705232001868, 77.55878810079406 13.01031236649647, 77.55869715660936 13.009926383755255, 77.55856806683293 13.009551001302924, 77.55840207510593 13.009189834513453, 77.55820078048262 13.00884636178271, 77.55796612201281 13.008523891023692, 77.55770036004967 13.00822552780599, 77.5574060544634 13.007954145447728, 77.55708603997154 13.007712357347014, 77.55674339882387 13.00750249181969, 77.55638143110585 13.007326569685473, 77.55600362294692 13.007186284818005, 77.55561361293994 13.007082987845179, 77.55521515709619 13.007017673157197, 77.55481209267265 13.006990969345981, 77.55440830122082 13.007003133167638, 77.55400767121188 13.007054047085914, 77.55361406059892 13.007143220419257, 77.55323125967524 13.007269794079559, 77.55286295458701 13.007432548857624, 77.5525126918504 13.007629917173533, 77.55218384421438 13.007859998179754, 77.55187957819759 13.00812057607034, 77.55160282361076 13.008409141420609, 77.55135624535792 13.00872291535079, 77.55114221778709 13.009058876282188, 77.55096280183668 13.009413789027409, 77.55081972519795 13.009784235935484, 77.55071436568325 13.01016664979227, 77.55064773796063 13.010557348159388))",253,ChIJR4B0nBcZrjsRWTBmQcFkXps,Brindavan College of Engineering,,True,education,college,['College' 'Educational institution'],N_A,N_A,N_A,gmaps_v2,35,"Brindavan College of Engineering, Milk Colony, Subramanyanagar,2 State, Rajajinagar, Bengaluru, Karnataka",https://lh5.googleusercontent.com/p/AF1QipO7M2WndQA4Z4F-DUCnryexee59BzB5jMYE8j0Q=w123-h92-k-no,https://www.google.com/maps/place/?q=place_id:ChIJR4B0nBcZrjsRWTBmQcFkXps,True,13.008098602294922,77.55624389648438
1,"POLYGON ((77.55064773796063 13.010557348159388, 77.55062048378201 13.01095256882238, 77.5506328657994 13.011348506006348, 77.5506847650284 13.01174134701184, 77.55077568198409 13.012127308918089, 77.55090474147863 13.012502675000924, 77.55107070103462 13.012863830515565, 77.5512719628341 13.013207297499356, 77.55150658908862 13.013529768260184, 77.5517723206831 13.0138281372284, 77.55206659891435 13.014099530864803, 77.55238659011606 13.014341335338008, 77.55272921293349 13.014551221702861, 77.55309116798556 13.014727168338966, 77.55346896962965 13.014867480431064, 77.5538589795232 13.014970806304975, 77.55425744165935 13.015036150459899, 77.55466051853922 13.015062883171515, 77.55506432813272 13.015050746573092, 77.55546498127137 13.014999857154676, 77.55585861911337 13.01491070465632, 77.55624145031891 13.014784147365518, 77.55660978757814 13.014621403862282, 77.55696008313859 13.014424041293346, 77.55728896298986 13.014193960285338, 77.55759325937535 13.013933376644237, 77.55787004131722 13.013644800015784, 77.55811664286018 13.013331009713113, 77.55833068876129 13.01299502794418, 77.55851011737762 13.012640090697076, 77.55865320053121 13.01226961656439, 77.55875856015932 13.011887173806551, 77.55882518158955 13.011496445972464, 77.55885242331182 13.011101196409093, 77.5588400231528 13.010705232001868, 77.55878810079406 13.01031236649647, 77.55869715660936 13.009926383755255, 77.55856806683293 13.009551001302924, 77.55840207510593 13.009189834513453, 77.55820078048262 13.00884636178271, 77.55796612201281 13.008523891023692, 77.55770036004967 13.00822552780599, 77.5574060544634 13.007954145447728, 77.55708603997154 13.007712357347014, 77.55674339882387 13.00750249181969, 77.55638143110585 13.007326569685473, 77.55600362294692 13.007186284818005, 77.55561361293994 13.007082987845179, 77.55521515709619 13.007017673157197, 77.55481209267265 13.006990969345981, 77.55440830122082 13.007003133167638, 77.55400767121188 13.007054047085914, 77.55361406059892 13.007143220419257, 77.55323125967524 13.007269794079559, 77.55286295458701 13.007432548857624, 77.5525126918504 13.007629917173533, 77.55218384421438 13.007859998179754, 77.55187957819759 13.00812057607034, 77.55160282361076 13.008409141420609, 77.55135624535792 13.00872291535079, 77.55114221778709 13.009058876282188, 77.55096280183668 13.009413789027409, 77.55081972519795 13.009784235935484, 77.55071436568325 13.01016664979227, 77.55064773796063 13.010557348159388))",444,ChIJaf5ch4E9rjsRKIuAecvcqEs,Digital Marketing Business School,,True,education,school,['School' 'Training centre'],N_A,N_A,N_A,gmaps_v2,14,"Digital Marketing Business School, ​No.438, Krupa Arcade, 2nd Floor, 17th Cross, 6th Main, Rajajinagar 2nd,, Stage, ​Near Orion Mall, Opp Cafe Coffee Day, Bengaluru, Karnataka 560055",https://streetviewpixels-pa.googleapis.com/v1/thumbnail?panoid=IHAC0RsmyeYS2aZ6HS9xxA&cb_client=search.gws-prod.gps&w=80&h=92&yaw=64.08602&pitch=0&thumbfov=100,https://www.google.com/maps/place/?q=place_id:ChIJaf5ch4E9rjsRKIuAecvcqEs,True,13.008105278015137,77.55624389648438
1,"POLYGON ((77.55064773796063 13.010557348159388, 77.55062048378201 13.01095256882238, 77.5506328657994 13.011348506006348, 77.5506847650284 13.01174134701184, 77.55077568198409 13.012127308918089, 77.55090474147863 13.012502675000924, 77.55107070103462 13.012863830515565, 77.5512719628341 13.013207297499356, 77.55150658908862 13.013529768260184, 77.5517723206831 13.0138281372284, 77.55206659891435 13.014099530864803, 77.55238659011606 13.014341335338008, 77.55272921293349 13.014551221702861, 77.55309116798556 13.014727168338966, 77.55346896962965 13.014867480431064, 77.5538589795232 13.014970806304975, 77.55425744165935 13.015036150459899, 77.55466051853922 13.015062883171515, 77.55506432813272 13.015050746573092, 77.55546498127137 13.014999857154676, 77.55585861911337 13.01491070465632, 77.55624145031891 13.014784147365518, 77.55660978757814 13.014621403862282, 77.55696008313859 13.014424041293346, 77.55728896298986 13.014193960285338, 77.55759325937535 13.013933376644237, 77.55787004131722 13.013644800015784, 77.55811664286018 13.013331009713113, 77.55833068876129 13.01299502794418, 77.55851011737762 13.012640090697076, 77.55865320053121 13.01226961656439, 77.55875856015932 13.011887173806551, 77.55882518158955 13.011496445972464, 77.55885242331182 13.011101196409093, 77.5588400231528 13.010705232001868, 77.55878810079406 13.01031236649647, 77.55869715660936 13.009926383755255, 77.55856806683293 13.009551001302924, 77.55840207510593 13.009189834513453, 77.55820078048262 13.00884636178271, 77.55796612201281 13.008523891023692, 77.55770036004967 13.00822552780599, 77.5574060544634 13.007954145447728, 77.55708603997154 13.007712357347014, 77.55674339882387 13.00750249181969, 77.55638143110585 13.007326569685473, 77.55600362294692 13.007186284818005, 77.55561361293994 13.007082987845179, 77.55521515709619 13.007017673157197, 77.55481209267265 13.006990969345981, 77.55440830122082 13.007003133167638, 77.55400767121188 13.007054047085914, 77.55361406059892 13.007143220419257, 77.55323125967524 13.007269794079559, 77.55286295458701 13.007432548857624, 77.5525126918504 13.007629917173533, 77.55218384421438 13.007859998179754, 77.55187957819759 13.00812057607034, 77.55160282361076 13.008409141420609, 77.55135624535792 13.00872291535079, 77.55114221778709 13.009058876282188, 77.55096280183668 13.009413789027409, 77.55081972519795 13.009784235935484, 77.55071436568325 13.01016664979227, 77.55064773796063 13.010557348159388))",962,ChIJZxZYvYE9rjsRSd6U3aWZEWE,Little Star Pre School,,True,education,school,['Preschool'],pre_school,N_A,N_A,gmaps_v2,1,"2H55+C36 Little Star Pre School, Milk Colony, Subramanyanagar,2 State, Rajajinagar, Bengaluru, Karnataka 560055",https://streetviewpixels-pa.googleapis.com/v1/thumbnail?panoid=BnZ6kR6JajPMjluUiT0MZQ&cb_client=search.gws-prod.gps&w=80&h=92&yaw=321.60086&pitch=0&thumbfov=100,https://www.google.com/maps/place/?q=place_id:ChIJZxZYvYE9rjsRSd6U3aWZEWE,True,13.008549690246582,77.55764770507812
1,"POLYGON ((77.55064773796063 13.010557348159388, 77.55062048378201 13.01095256882238, 77.5506328657994 13.011348506006348, 77.5506847650284 13.01174134701184, 77.55077568198409 13.012127308918089, 77.55090474147863 13.012502675000924, 77.55107070103462 13.012863830515565, 77.5512719628341 13.013207297499356, 77.55150658908862 13.013529768260184, 77.5517723206831 13.0138281372284, 77.55206659891435 13.014099530864803, 77.55238659011606 13.014341335338008, 77.55272921293349 13.014551221702861, 77.55309116798556 13.014727168338966, 77.55346896962965 13.014867480431064, 77.5538589795232 13.014970806304975, 77.55425744165935 13.015036150459899, 77.55466051853922 13.015062883171515, 77.55506432813272 13.015050746573092, 77.55546498127137 13.014999857154676, 77.55585861911337 13.01491070465632, 77.55624145031891 13.014784147365518, 77.55660978757814 13.014621403862282, 77.55696008313859 13.014424041293346, 77.55728896298986 13.014193960285338, 77.55759325937535 13.013933376644237, 77.55787004131722 13.013644800015784, 77.55811664286018 13.013331009713113, 77.55833068876129 13.01299502794418, 77.55851011737762 13.012640090697076, 77.55865320053121 13.01226961656439, 77.55875856015932 13.011887173806551, 77.55882518158955 13.011496445972464, 77.55885242331182 13.011101196409093, 77.5588400231528 13.010705232001868, 77.55878810079406 13.01031236649647, 77.55869715660936 13.009926383755255, 77.55856806683293 13.009551001302924, 77.55840207510593 13.009189834513453, 77.55820078048262 13.00884636178271, 77.55796612201281 13.008523891023692, 77.55770036004967 13.00822552780599, 77.5574060544634 13.007954145447728, 77.55708603997154 13.007712357347014, 77.55674339882387 13.00750249181969, 77.55638143110585 13.007326569685473, 77.55600362294692 13.007186284818005, 77.55561361293994 13.007082987845179, 77.55521515709619 13.007017673157197, 77.55481209267265 13.006990969345981, 77.55440830122082 13.007003133167638, 77.55400767121188 13.007054047085914, 77.55361406059892 13.007143220419257, 77.55323125967524 13.007269794079559, 77.55286295458701 13.007432548857624, 77.5525126918504 13.007629917173533, 77.55218384421438 13.007859998179754, 77.55187957819759 13.00812057607034, 77.55160282361076 13.008409141420609, 77.55135624535792 13.00872291535079, 77.55114221778709 13.009058876282188, 77.55096280183668 13.009413789027409, 77.55081972519795 13.009784235935484, 77.55071436568325 13.01016664979227, 77.55064773796063 13.010557348159388))",93,ChIJuUCPFH89rjsRouwb9cPwt1k,The Brigade School @ Malleswaram,,True,education,school,"['School' 'CBSE School' 'Co-ed school' 'High school' 'ICSE School'
 'Primary school']",N_A,The Brigade Schools,brigadeschools,gmaps_v2,115,"The Brigade School @ Malleswaram, No. 26/1, Ward No. 9A, Rajaji Nagar Extension, West, Malleshwaram, Bengaluru, Karnataka 560055",https://lh5.googleusercontent.com/p/AF1QipMBu7NWoW3-7Xr-nNC2V1MJNp3PaoWW1YqUDa1k=w360-h206-k-no,https://www.google.com/maps/place/?q=place_id:ChIJuUCPFH89rjsRouwb9cPwt1k,True,13.012020111083984,77.55766296386719
1,"POLYGON ((77.55064773796063 13.010557348159388, 77.55062048378201 13.01095256882238, 77.5506328657994 13.011348506006348, 77.5506847650284 13.01174134701184, 77.55077568198409 13.012127308918089, 77.55090474147863 13.012502675000924, 77.55107070103462 13.012863830515565, 77.5512719628341 13.013207297499356, 77.55150658908862 13.013529768260184, 77.5517723206831 13.0138281372284, 77.55206659891435 13.014099530864803, 77.55238659011606 13.014341335338008, 77.55272921293349 13.014551221702861, 77.55309116798556 13.014727168338966, 77.55346896962965 13.014867480431064, 77.5538589795232 13.014970806304975, 77.55425744165935 13.015036150459899, 77.55466051853922 13.015062883171515, 77.55506432813272 13.015050746573092, 77.55546498127137 13.014999857154676, 77.55585861911337 13.01491070465632, 77.55624145031891 13.014784147365518, 77.55660978757814 13.014621403862282, 77.55696008313859 13.014424041293346, 77.55728896298986 13.014193960285338, 77.55759325937535 13.013933376644237, 77.55787004131722 13.013644800015784, 77.55811664286018 13.013331009713113, 77.55833068876129 13.01299502794418, 77.55851011737762 13.012640090697076, 77.55865320053121 13.01226961656439, 77.55875856015932 13.011887173806551, 77.55882518158955 13.011496445972464, 77.55885242331182 13.011101196409093, 77.5588400231528 13.010705232001868, 77.55878810079406 13.01031236649647, 77.55869715660936 13.009926383755255, 77.55856806683293 13.009551001302924, 77.55840207510593 13.009189834513453, 77.55820078048262 13.00884636178271, 77.55796612201281 13.008523891023692, 77.55770036004967 13.00822552780599, 77.5574060544634 13.007954145447728, 77.55708603997154 13.007712357347014, 77.55674339882387 13.00750249181969, 77.55638143110585 13.007326569685473, 77.55600362294692 13.007186284818005, 77.55561361293994 13.007082987845179, 77.55521515709619 13.007017673157197, 77.55481209267265 13.006990969345981, 77.55440830122082 13.007003133167638, 77.55400767121188 13.007054047085914, 77.55361406059892 13.007143220419257, 77.55323125967524 13.007269794079559, 77.55286295458701 13.007432548857624, 77.5525126918504 13.007629917173533, 77.55218384421438 13.007859998179754, 77.55187957819759 13.00812057607034, 77.55160282361076 13.008409141420609, 77.55135624535792 13.00872291535079, 77.55114221778709 13.009058876282188, 77.55096280183668 13.009413789027409, 77.55081972519795 13.009784235935484, 77.55071436568325 13.01016664979227, 77.55064773796063 13.010557348159388))",721,ChIJmd3Ia4I9rjsR_F0LBXwpdB0,Vivekananda College,,True,education,college,['Bus stop'],N_A,N_A,N_A,gmaps_v2,4,"Vivekananda College, Rajajinagar, Bengaluru, Karnataka 560055",https://lh5.googleusercontent.com/p/AF1QipMlOSuVvZtrwBqAJEm8PSGdOIbKFXIlmd2IYpGU=w163-h92-k-no,https://www.google.com/maps/place/?q=place_id:ChIJmd3Ia4I9rjsR_F0LBXwpdB0,True,13.009259223937988,77.5545654296875
1,"POLYGON ((77.55064773796063 13.010557348159388, 77.55062048378201 13.01095256882238, 77.5506328657994 13.011348506006348, 77.5506847650284 13.01174134701184, 77.55077568198409 13.012127308918089, 77.55090474147863 13.012502675000924, 77.55107070103462 13.012863830515565, 77.5512719628341 13.013207297499356, 77.55150658908862 13.013529768260184, 77.5517723206831 13.0138281372284, 77.55206659891435 13.014099530864803, 77.55238659011606 13.014341335338008, 77.55272921293349 13.014551221702861, 77.55309116798556 13.014727168338966, 77.55346896962965 13.014867480431064, 77.5538589795232 13.014970806304975, 77.55425744165935 13.015036150459899, 77.55466051853922 13.015062883171515, 77.55506432813272 13.015050746573092, 77.55546498127137 13.014999857154676, 77.55585861911337 13.01491070465632, 77.55624145031891 13.014784147365518, 77.55660978757814 13.014621403862282, 77.55696008313859 13.014424041293346, 77.55728896298986 13.014193960285338, 77.55759325937535 13.013933376644237, 77.55787004131722 13.013644800015784, 77.55811664286018 13.013331009713113, 77.55833068876129 13.01299502794418, 77.55851011737762 13.012640090697076, 77.55865320053121 13.01226961656439, 77.55875856015932 13.011887173806551, 77.55882518158955 13.011496445972464, 77.55885242331182 13.011101196409093, 77.5588400231528 13.010705232001868, 77.55878810079406 13.01031236649647, 77.55869715660936 13.009926383755255, 77.55856806683293 13.009551001302924, 77.55840207510593 13.009189834513453, 77.55820078048262 13.00884636178271, 77.55796612201281 13.008523891023692, 77.55770036004967 13.00822552780599, 77.5574060544634 13.007954145447728, 77.55708603997154 13.007712357347014, 77.55674339882387 13.00750249181969, 77.55638143110585 13.007326569685473, 77.55600362294692 13.007186284818005, 77.55561361293994 13.007082987845179, 77.55521515709619 13.007017673157197, 77.55481209267265 13.006990969345981, 77.55440830122082 13.007003133167638, 77.55400767121188 13.007054047085914, 77.55361406059892 13.007143220419257, 77.55323125967524 13.007269794079559, 77.55286295458701 13.007432548857624, 77.5525126918504 13.007629917173533, 77.55218384421438 13.007859998179754, 77.55187957819759 13.00812057607034, 77.55160282361076 13.008409141420609, 77.55135624535792 13.00872291535079, 77.55114221778709 13.009058876282188, 77.55096280183668 13.009413789027409, 77.55081972519795 13.009784235935484, 77.55071436568325 13.01016664979227, 77.55064773796063 13.010557348159388))",225,ChIJbdOgFYI9rjsR0_8wKZ0lIEY,Vivekananda Pre University,,True,education,college,['School'],N_A,N_A,N_A,gmaps_v2,40,"2H54+P39 Vivekananda Pre University, Rajajinagar, Bengaluru, Karnataka 560055",https://lh5.googleusercontent.com/p/AF1QipPUBrbAbsuR5-DLnkItm4uXJERwiJDi85o9SV__=w122-h92-k-no,https://www.google.com/maps/place/?q=place_id:ChIJbdOgFYI9rjsR0_8wKZ0lIEY,True,13.009289741516112,77.55522155761719
1,"POLYGON ((77.55064773796063 13.010557348159388, 77.55062048378201 13.01095256882238, 77.5506328657994 13.011348506006348, 77.5506847650284 13.01174134701184, 77.55077568198409 13.012127308918089, 77.55090474147863 13.012502675000924, 77.55107070103462 13.012863830515565, 77.5512719628341 13.013207297499356, 77.55150658908862 13.013529768260184, 77.5517723206831 13.0138281372284, 77.55206659891435 13.014099530864803, 77.55238659011606 13.014341335338008, 77.55272921293349 13.014551221702861, 77.55309116798556 13.014727168338966, 77.55346896962965 13.014867480431064, 77.5538589795232 13.014970806304975, 77.55425744165935 13.015036150459899, 77.55466051853922 13.015062883171515, 77.55506432813272 13.015050746573092, 77.55546498127137 13.014999857154676, 77.55585861911337 13.01491070465632, 77.55624145031891 13.014784147365518, 77.55660978757814 13.014621403862282, 77.55696008313859 13.014424041293346, 77.55728896298986 13.014193960285338, 77.55759325937535 13.013933376644237, 77.55787004131722 13.013644800015784, 77.55811664286018 13.013331009713113, 77.55833068876129 13.01299502794418, 77.55851011737762 13.012640090697076, 77.55865320053121 13.01226961656439, 77.55875856015932 13.011887173806551, 77.55882518158955 13.011496445972464, 77.55885242331182 13.011101196409093, 77.5588400231528 13.010705232001868, 77.55878810079406 13.01031236649647, 77.55869715660936 13.009926383755255, 77.55856806683293 13.009551001302924, 77.55840207510593 13.009189834513453, 77.55820078048262 13.00884636178271, 77.55796612201281 13.008523891023692, 77.55770036004967 13.00822552780599, 77.5574060544634 13.007954145447728, 77.55708603997154 13.007712357347014, 77.55674339882387 13.00750249181969, 77.55638143110585 13.007326569685473, 77.55600362294692 13.007186284818005, 77.55561361293994 13.007082987845179, 77.55521515709619 13.007017673157197, 77.55481209267265 13.006990969345981, 77.55440830122082 13.007003133167638, 77.55400767121188 13.007054047085914, 77.55361406059892 13.007143220419257, 77.55323125967524 13.007269794079559, 77.55286295458701 13.007432548857624, 77.5525126918504 13.007629917173533, 77.55218384421438 13.007859998179754, 77.55187957819759 13.00812057607034, 77.55160282361076 13.008409141420609, 77.55135624535792 13.00872291535079, 77.55114221778709 13.009058876282188, 77.55096280183668 13.009413789027409, 77.55081972519795 13.009784235935484, 77.55071436568325 13.01016664979227, 77.55064773796063 13.010557348159388))",1059,ChIJWV_EFJA9rjsRPW8N3UJjjkU,Vivekananda Institute Of Management,,True,education,college,['College'],N_A,N_A,N_A,gmaps_v2,1,"2H54+P39 Vivekananda Institute Of Management, Rajajinagar, Bengaluru, Karnataka 560055",https://lh5.googleusercontent.com/p/AF1QipNfHj5Tva2nb4cPNX4AGyNpByCXjsY2J6LDV658=w163-h92-k-no,https://www.google.com/maps/place/?q=place_id:ChIJWV_EFJA9rjsRPW8N3UJjjkU,False,13.009356498718262,77.55509185791016
1,"POLYGON ((77.55064773796063 13.010557348159388, 77.55062048378201 13.01095256882238, 77.5506328657994 13.011348506006348, 77.5506847650284 13.01174134701184, 77.55077568198409 13.012127308918089, 77.55090474147863 13.012502675000924, 77.55107070103462 13.012863830515565, 77.5512719628341 13.013207297499356, 77.55150658908862 13.013529768260184, 77.5517723206831 13.0138281372284, 77.55206659891435 13.014099530864803, 77.55238659011606 13.014341335338008, 77.55272921293349 13.014551221702861, 77.55309116798556 13.014727168338966, 77.55346896962965 13.014867480431064, 77.5538589795232 13.014970806304975, 77.55425744165935 13.015036150459899, 77.55466051853922 13.015062883171515, 77.55506432813272 13.015050746573092, 77.55546498127137 13.014999857154676, 77.55585861911337 13.01491070465632, 77.55624145031891 13.014784147365518, 77.55660978757814 13.014621403862282, 77.55696008313859 13.014424041293346, 77.55728896298986 13.014193960285338, 77.55759325937535 13.013933376644237, 77.55787004131722 13.013644800015784, 77.55811664286018 13.013331009713113, 77.55833068876129 13.01299502794418, 77.55851011737762 13.012640090697076, 77.55865320053121 13.01226961656439, 77.55875856015932 13.011887173806551, 77.55882518158955 13.011496445972464, 77.55885242331182 13.011101196409093, 77.5588400231528 13.010705232001868, 77.55878810079406 13.01031236649647, 77.55869715660936 13.009926383755255, 77.55856806683293 13.009551001302924, 77.55840207510593 13.009189834513453, 77.55820078048262 13.00884636178271, 77.55796612201281 13.008523891023692, 77.55770036004967 13.00822552780599, 77.5574060544634 13.007954145447728, 77.55708603997154 13.007712357347014, 77.55674339882387 13.00750249181969, 77.55638143110585 13.007326569685473, 77.55600362294692 13.007186284818005, 77.55561361293994 13.007082987845179, 77.55521515709619 13.007017673157197, 77.55481209267265 13.006990969345981, 77.55440830122082 13.007003133167638, 77.55400767121188 13.007054047085914, 77.55361406059892 13.007143220419257, 77.55323125967524 13.007269794079559, 77.55286295458701 13.007432548857624, 77.5525126918504 13.007629917173533, 77.55218384421438 13.007859998179754, 77.55187957819759 13.00812057607034, 77.55160282361076 13.008409141420609, 77.55135624535792 13.00872291535079, 77.55114221778709 13.009058876282188, 77.55096280183668 13.009413789027409, 77.55081972519795 13.009784235935484, 77.55071436568325 13.01016664979227, 77.55064773796063 13.010557348159388))",611,ChIJVSUbcNo9rjsRVwJQmFrR1jI,Anupama English School,,True,education,school,['School'],N_A,anupamaschool,anupamaschool,gmaps_v2,6,"6(P, Anupama English School, CA Site, Chord Rd, 2nd Stage, Mahalakshmi Layout, Bengaluru, Karnataka 560086",https://streetviewpixels-pa.googleapis.com/v1/thumbnail?panoid=oojQO4-y8vQ_0gfOakUHWQ&cb_client=search.gws-prod.gps&w=360&h=120&yaw=150.68884&pitch=0&thumbfov=100,https://www.google.com/maps/place/?q=place_id:ChIJVSUbcNo9rjsRVwJQmFrR1jI,True,13.012256622314451,77.55329132080078
1,"POLYGON ((77.55064773796063 13.010557348159388, 77.55062048378201 13.01095256882238, 77.5506328657994 13.011348506006348, 77.5506847650284 13.01174134701184, 77.55077568198409 13.012127308918089, 77.55090474147863 13.012502675000924, 77.55107070103462 13.012863830515565, 77.5512719628341 13.013207297499356, 77.55150658908862 13.013529768260184, 77.5517723206831 13.0138281372284, 77.55206659891435 13.014099530864803, 77.55238659011606 13.014341335338008, 77.55272921293349 13.014551221702861, 77.55309116798556 13.014727168338966, 77.55346896962965 13.014867480431064, 77.5538589795232 13.014970806304975, 77.55425744165935 13.015036150459899, 77.55466051853922 13.015062883171515, 77.55506432813272 13.015050746573092, 77.55546498127137 13.014999857154676, 77.55585861911337 13.01491070465632, 77.55624145031891 13.014784147365518, 77.55660978757814 13.014621403862282, 77.55696008313859 13.014424041293346, 77.55728896298986 13.014193960285338, 77.55759325937535 13.013933376644237, 77.55787004131722 13.013644800015784, 77.55811664286018 13.013331009713113, 77.55833068876129 13.01299502794418, 77.55851011737762 13.012640090697076, 77.55865320053121 13.01226961656439, 77.55875856015932 13.011887173806551, 77.55882518158955 13.011496445972464, 77.55885242331182 13.011101196409093, 77.5588400231528 13.010705232001868, 77.55878810079406 13.01031236649647, 77.55869715660936 13.009926383755255, 77.55856806683293 13.009551001302924, 77.55840207510593 13.009189834513453, 77.55820078048262 13.00884636178271, 77.55796612201281 13.008523891023692, 77.55770036004967 13.00822552780599, 77.5574060544634 13.007954145447728, 77.55708603997154 13.007712357347014, 77.55674339882387 13.00750249181969, 77.55638143110585 13.007326569685473, 77.55600362294692 13.007186284818005, 77.55561361293994 13.007082987845179, 77.55521515709619 13.007017673157197, 77.55481209267265 13.006990969345981, 77.55440830122082 13.007003133167638, 77.55400767121188 13.007054047085914, 77.55361406059892 13.007143220419257, 77.55323125967524 13.007269794079559, 77.55286295458701 13.007432548857624, 77.5525126918504 13.007629917173533, 77.55218384421438 13.007859998179754, 77.55187957819759 13.00812057607034, 77.55160282361076 13.008409141420609, 77.55135624535792 13.00872291535079, 77.55114221778709 13.009058876282188, 77.55096280183668 13.009413789027409, 77.55081972519795 13.009784235935484, 77.55071436568325 13.01016664979227, 77.55064773796063 13.010557348159388))",1493,ChIJm5IDSUY9rjsR5QM1A6ZVPhQ,Kudur,,True,education,school,['High school'],N_A,N_A,N_A,gmaps_v2,0,"2H73+3FJ Kudur, Mahalakshmi Layout, Bengaluru, Karnataka 560010",https://streetviewpixels-pa.googleapis.com/v1/thumbnail?panoid=wjS6l4EqPypNmyoYG-ZISQ&cb_client=search.gws-prod.gps&w=80&h=92&yaw=68.537834&pitch=0&thumbfov=100,https://www.google.com/maps/place/?q=place_id:ChIJm5IDSUY9rjsR5QM1A6ZVPhQ,False,13.012808799743652,77.55377197265625
1,"POLYGON ((77.55064773796063 13.010557348159388, 77.55062048378201 13.01095256882238, 77.5506328657994 13.011348506006348, 77.5506847650284 13.01174134701184, 77.55077568198409 13.012127308918089, 77.55090474147863 13.012502675000924, 77.55107070103462 13.012863830515565, 77.5512719628341 13.013207297499356, 77.55150658908862 13.013529768260184, 77.5517723206831 13.0138281372284, 77.55206659891435 13.014099530864803, 77.55238659011606 13.014341335338008, 77.55272921293349 13.014551221702861, 77.55309116798556 13.014727168338966, 77.55346896962965 13.014867480431064, 77.5538589795232 13.014970806304975, 77.55425744165935 13.015036150459899, 77.55466051853922 13.015062883171515, 77.55506432813272 13.015050746573092, 77.55546498127137 13.014999857154676, 77.55585861911337 13.01491070465632, 77.55624145031891 13.014784147365518, 77.55660978757814 13.014621403862282, 77.55696008313859 13.014424041293346, 77.55728896298986 13.014193960285338, 77.55759325937535 13.013933376644237, 77.55787004131722 13.013644800015784, 77.55811664286018 13.013331009713113, 77.55833068876129 13.01299502794418, 77.55851011737762 13.012640090697076, 77.55865320053121 13.01226961656439, 77.55875856015932 13.011887173806551, 77.55882518158955 13.011496445972464, 77.55885242331182 13.011101196409093, 77.5588400231528 13.010705232001868, 77.55878810079406 13.01031236649647, 77.55869715660936 13.009926383755255, 77.55856806683293 13.009551001302924, 77.55840207510593 13.009189834513453, 77.55820078048262 13.00884636178271, 77.55796612201281 13.008523891023692, 77.55770036004967 13.00822552780599, 77.5574060544634 13.007954145447728, 77.55708603997154 13.007712357347014, 77.55674339882387 13.00750249181969, 77.55638143110585 13.007326569685473, 77.55600362294692 13.007186284818005, 77.55561361293994 13.007082987845179, 77.55521515709619 13.007017673157197, 77.55481209267265 13.006990969345981, 77.55440830122082 13.007003133167638, 77.55400767121188 13.007054047085914, 77.55361406059892 13.007143220419257, 77.55323125967524 13.007269794079559, 77.55286295458701 13.007432548857624, 77.5525126918504 13.007629917173533, 77.55218384421438 13.007859998179754, 77.55187957819759 13.00812057607034, 77.55160282361076 13.008409141420609, 77.55135624535792 13.00872291535079, 77.55114221778709 13.009058876282188, 77.55096280183668 13.009413789027409, 77.55081972519795 13.009784235935484, 77.55071436568325 13.01016664979227, 77.55064773796063 13.010557348159388))",918,ChIJ5zf9cnk9rjsREEqOYsMZWeI,Hamsalekha Dance And Music School,,True,education,school,['Music school'],music_school,N_A,N_A,gmaps_v2,1,"Hamsalekha Dance And Music School, 1086 Chord Road Mahalakshmi Puram, Chord Rd, 2nd Stage, Rajajinagar, Bengaluru, Karnataka 560086",https://streetviewpixels-pa.googleapis.com/v1/thumbnail?panoid=e7-Z5mzF95SnscUMTusfRQ&cb_client=search.gws-prod.gps&w=80&h=92&yaw=173.88945&pitch=0&thumbfov=100,https://www.google.com/maps/place/?q=place_id:ChIJ5zf9cnk9rjsREEqOYsMZWeI,True,13.014814376831056,77.55389404296875
1,"POLYGON ((77.55064773796063 13.010557348159388, 77.55062048378201 13.01095256882238, 77.5506328657994 13.011348506006348, 77.5506847650284 13.01174134701184, 77.55077568198409 13.012127308918089, 77.55090474147863 13.012502675000924, 77.55107070103462 13.012863830515565, 77.5512719628341 13.013207297499356, 77.55150658908862 13.013529768260184, 77.5517723206831 13.0138281372284, 77.55206659891435 13.014099530864803, 77.55238659011606 13.014341335338008, 77.55272921293349 13.014551221702861, 77.55309116798556 13.014727168338966, 77.55346896962965 13.014867480431064, 77.5538589795232 13.014970806304975, 77.55425744165935 13.015036150459899, 77.55466051853922 13.015062883171515, 77.55506432813272 13.015050746573092, 77.55546498127137 13.014999857154676, 77.55585861911337 13.01491070465632, 77.55624145031891 13.014784147365518, 77.55660978757814 13.014621403862282, 77.55696008313859 13.014424041293346, 77.55728896298986 13.014193960285338, 77.55759325937535 13.013933376644237, 77.55787004131722 13.013644800015784, 77.55811664286018 13.013331009713113, 77.55833068876129 13.01299502794418, 77.55851011737762 13.012640090697076, 77.55865320053121 13.01226961656439, 77.55875856015932 13.011887173806551, 77.55882518158955 13.011496445972464, 77.55885242331182 13.011101196409093, 77.5588400231528 13.010705232001868, 77.55878810079406 13.01031236649647, 77.55869715660936 13.009926383755255, 77.55856806683293 13.009551001302924, 77.55840207510593 13.009189834513453, 77.55820078048262 13.00884636178271, 77.55796612201281 13.008523891023692, 77.55770036004967 13.00822552780599, 77.5574060544634 13.007954145447728, 77.55708603997154 13.007712357347014, 77.55674339882387 13.00750249181969, 77.55638143110585 13.007326569685473, 77.55600362294692 13.007186284818005, 77.55561361293994 13.007082987845179, 77.55521515709619 13.007017673157197, 77.55481209267265 13.006990969345981, 77.55440830122082 13.007003133167638, 77.55400767121188 13.007054047085914, 77.55361406059892 13.007143220419257, 77.55323125967524 13.007269794079559, 77.55286295458701 13.007432548857624, 77.5525126918504 13.007629917173533, 77.55218384421438 13.007859998179754, 77.55187957819759 13.00812057607034, 77.55160282361076 13.008409141420609, 77.55135624535792 13.00872291535079, 77.55114221778709 13.009058876282188, 77.55096280183668 13.009413789027409, 77.55081972519795 13.009784235935484, 77.55071436568325 13.01016664979227, 77.55064773796063 13.010557348159388))",1910,ChIJ5zf9cnk9rjsRxAF3k3cwZDo,Parisara Montessori House Of Children,,True,education,school,['School'],pre_school,N_A,N_A,gmaps_v2,0,"Parisara Montessori House Of Children, No.1125, Chord Rd, West of Chord Road 2nd Stage, Mahalakshmipuram Layout, Mahalakshmi Layout, Bengaluru, Karnataka 560086",https://streetviewpixels-pa.googleapis.com/v1/thumbnail?panoid=e7-Z5mzF95SnscUMTusfRQ&cb_client=search.gws-prod.gps&w=80&h=92&yaw=173.88945&pitch=0&thumbfov=100,https://www.google.com/maps/place/?q=place_id:ChIJ5zf9cnk9rjsRxAF3k3cwZDo,True,13.014814376831056,77.55389404296875
1,"POLYGON ((77.55064773796063 13.010557348159388, 77.55062048378201 13.01095256882238, 77.5506328657994 13.011348506006348, 77.5506847650284 13.01174134701184, 77.55077568198409 13.012127308918089, 77.55090474147863 13.012502675000924, 77.55107070103462 13.012863830515565, 77.5512719628341 13.013207297499356, 77.55150658908862 13.013529768260184, 77.5517723206831 13.0138281372284, 77.55206659891435 13.014099530864803, 77.55238659011606 13.014341335338008, 77.55272921293349 13.014551221702861, 77.55309116798556 13.014727168338966, 77.55346896962965 13.014867480431064, 77.5538589795232 13.014970806304975, 77.55425744165935 13.015036150459899, 77.55466051853922 13.015062883171515, 77.55506432813272 13.015050746573092, 77.55546498127137 13.014999857154676, 77.55585861911337 13.01491070465632, 77.55624145031891 13.014784147365518, 77.55660978757814 13.014621403862282, 77.55696008313859 13.014424041293346, 77.55728896298986 13.014193960285338, 77.55759325937535 13.013933376644237, 77.55787004131722 13.013644800015784, 77.55811664286018 13.013331009713113, 77.55833068876129 13.01299502794418, 77.55851011737762 13.012640090697076, 77.55865320053121 13.01226961656439, 77.55875856015932 13.011887173806551, 77.55882518158955 13.011496445972464, 77.55885242331182 13.011101196409093, 77.5588400231528 13.010705232001868, 77.55878810079406 13.01031236649647, 77.55869715660936 13.009926383755255, 77.55856806683293 13.009551001302924, 77.55840207510593 13.009189834513453, 77.55820078048262 13.00884636178271, 77.55796612201281 13.008523891023692, 77.55770036004967 13.00822552780599, 77.5574060544634 13.007954145447728, 77.55708603997154 13.007712357347014, 77.55674339882387 13.00750249181969, 77.55638143110585 13.007326569685473, 77.55600362294692 13.007186284818005, 77.55561361293994 13.007082987845179, 77.55521515709619 13.007017673157197, 77.55481209267265 13.006990969345981, 77.55440830122082 13.007003133167638, 77.55400767121188 13.007054047085914, 77.55361406059892 13.007143220419257, 77.55323125967524 13.007269794079559, 77.55286295458701 13.007432548857624, 77.5525126918504 13.007629917173533, 77.55218384421438 13.007859998179754, 77.55187957819759 13.00812057607034, 77.55160282361076 13.008409141420609, 77.55135624535792 13.00872291535079, 77.55114221778709 13.009058876282188, 77.55096280183668 13.009413789027409, 77.55081972519795 13.009784235935484, 77.55071436568325 13.01016664979227, 77.55064773796063 13.010557348159388))",155,ChIJLYMASX89rjsRDUEGoHNt70U,KLAY Centre for Child Development and Care - Rajajinagar,,True,education,school,['Day care center' 'After school program' 'Creche'],child_development_center,KLAY Schools,klayschools,gmaps_v2,63,"KLAY Centre for Child Development and Care - Rajajinagar, Ground Floor, Galaxy Club, Brigade Gateway, Dr. Rajkumar Road, Rajajinagar,, Besi, Bengaluru, Karnataka 560055",https://lh5.googleusercontent.com/p/AF1QipPkDIvJYpdNnJqRKIUz8gUyGzmfUJvba3T6ldql=w360-h202-k-no,https://www.google.com/maps/place/?q=place_id:ChIJLYMASX89rjsRDUEGoHNt70U,True,13.01171875,77.5566177368164
1,"POLYGON ((77.55064773796063 13.010557348159388, 77.55062048378201 13.01095256882238, 77.5506328657994 13.011348506006348, 77.5506847650284 13.01174134701184, 77.55077568198409 13.012127308918089, 77.55090474147863 13.012502675000924, 77.55107070103462 13.012863830515565, 77.5512719628341 13.013207297499356, 77.55150658908862 13.013529768260184, 77.5517723206831 13.0138281372284, 77.55206659891435 13.014099530864803, 77.55238659011606 13.014341335338008, 77.55272921293349 13.014551221702861, 77.55309116798556 13.014727168338966, 77.55346896962965 13.014867480431064, 77.5538589795232 13.014970806304975, 77.55425744165935 13.015036150459899, 77.55466051853922 13.015062883171515, 77.55506432813272 13.015050746573092, 77.55546498127137 13.014999857154676, 77.55585861911337 13.01491070465632, 77.55624145031891 13.014784147365518, 77.55660978757814 13.014621403862282, 77.55696008313859 13.014424041293346, 77.55728896298986 13.014193960285338, 77.55759325937535 13.013933376644237, 77.55787004131722 13.013644800015784, 77.55811664286018 13.013331009713113, 77.55833068876129 13.01299502794418, 77.55851011737762 13.012640090697076, 77.55865320053121 13.01226961656439, 77.55875856015932 13.011887173806551, 77.55882518158955 13.011496445972464, 77.55885242331182 13.011101196409093, 77.5588400231528 13.010705232001868, 77.55878810079406 13.01031236649647, 77.55869715660936 13.009926383755255, 77.55856806683293 13.009551001302924, 77.55840207510593 13.009189834513453, 77.55820078048262 13.00884636178271, 77.55796612201281 13.008523891023692, 77.55770036004967 13.00822552780599, 77.5574060544634 13.007954145447728, 77.55708603997154 13.007712357347014, 77.55674339882387 13.00750249181969, 77.55638143110585 13.007326569685473, 77.55600362294692 13.007186284818005, 77.55561361293994 13.007082987845179, 77.55521515709619 13.007017673157197, 77.55481209267265 13.006990969345981, 77.55440830122082 13.007003133167638, 77.55400767121188 13.007054047085914, 77.55361406059892 13.007143220419257, 77.55323125967524 13.007269794079559, 77.55286295458701 13.007432548857624, 77.5525126918504 13.007629917173533, 77.55218384421438 13.007859998179754, 77.55187957819759 13.00812057607034, 77.55160282361076 13.008409141420609, 77.55135624535792 13.00872291535079, 77.55114221778709 13.009058876282188, 77.55096280183668 13.009413789027409, 77.55081972519795 13.009784235935484, 77.55071436568325 13.01016664979227, 77.55064773796063 13.010557348159388))",218,ChIJ7yehTIEWrjsRQ6r0iqkSwtk,IEEE India Office,,True,education,college,['Association or organization'],N_A,N_A,N_A,gmaps_v2,42,"IEEE India Office, World Trade Center, 26/1, Brigade Gateway, Dr Rajkumar Road, Malleswaram, Banglore, Karnataka 560055",https://lh5.googleusercontent.com/p/AF1QipM82zh8-qL67uxHCPx42PTNsWC3oOC_1l05s8M-=w360-h480-k-no,https://www.google.com/maps/place/?q=place_id:ChIJ7yehTIEWrjsRQ6r0iqkSwtk,True,13.012271881103516,77.5563735961914
1,"POLYGON ((77.55064773796063 13.010557348159388, 77.55062048378201 13.01095256882238, 77.5506328657994 13.011348506006348, 77.5506847650284 13.01174134701184, 77.55077568198409 13.012127308918089, 77.55090474147863 13.012502675000924, 77.55107070103462 13.012863830515565, 77.5512719628341 13.013207297499356, 77.55150658908862 13.013529768260184, 77.5517723206831 13.0138281372284, 77.55206659891435 13.014099530864803, 77.55238659011606 13.014341335338008, 77.55272921293349 13.014551221702861, 77.55309116798556 13.014727168338966, 77.55346896962965 13.014867480431064, 77.5538589795232 13.014970806304975, 77.55425744165935 13.015036150459899, 77.55466051853922 13.015062883171515, 77.55506432813272 13.015050746573092, 77.55546498127137 13.014999857154676, 77.55585861911337 13.01491070465632, 77.55624145031891 13.014784147365518, 77.55660978757814 13.014621403862282, 77.55696008313859 13.014424041293346, 77.55728896298986 13.014193960285338, 77.55759325937535 13.013933376644237, 77.55787004131722 13.013644800015784, 77.55811664286018 13.013331009713113, 77.55833068876129 13.01299502794418, 77.55851011737762 13.012640090697076, 77.55865320053121 13.01226961656439, 77.55875856015932 13.011887173806551, 77.55882518158955 13.011496445972464, 77.55885242331182 13.011101196409093, 77.5588400231528 13.010705232001868, 77.55878810079406 13.01031236649647, 77.55869715660936 13.009926383755255, 77.55856806683293 13.009551001302924, 77.55840207510593 13.009189834513453, 77.55820078048262 13.00884636178271, 77.55796612201281 13.008523891023692, 77.55770036004967 13.00822552780599, 77.5574060544634 13.007954145447728, 77.55708603997154 13.007712357347014, 77.55674339882387 13.00750249181969, 77.55638143110585 13.007326569685473, 77.55600362294692 13.007186284818005, 77.55561361293994 13.007082987845179, 77.55521515709619 13.007017673157197, 77.55481209267265 13.006990969345981, 77.55440830122082 13.007003133167638, 77.55400767121188 13.007054047085914, 77.55361406059892 13.007143220419257, 77.55323125967524 13.007269794079559, 77.55286295458701 13.007432548857624, 77.5525126918504 13.007629917173533, 77.55218384421438 13.007859998179754, 77.55187957819759 13.00812057607034, 77.55160282361076 13.008409141420609, 77.55135624535792 13.00872291535079, 77.55114221778709 13.009058876282188, 77.55096280183668 13.009413789027409, 77.55081972519795 13.009784235935484, 77.55071436568325 13.01016664979227, 77.55064773796063 13.010557348159388))",165,ChIJEzUbBJ09rjsRaEos6gBUnDg,NIDE,,True,education,college,['Educational institution'],N_A,N_A,N_A,gmaps_v2,58,"NIDE, World Trade Center, 22nd Floor, Malleshwaram, Bengaluru, Karnataka 560055",https://lh5.googleusercontent.com/p/AF1QipPPUvzyfCl_dOkdL654-C0_O-df4Wx4K6G-pJrS=w360-h348-k-no,https://www.google.com/maps/place/?q=place_id:ChIJEzUbBJ09rjsRaEos6gBUnDg,True,13.013986587524414,77.55706024169922
